{"type":"FeatureCollection","metadata":{"source":"ESA WorldCover 10 m 2021 v200","license":"CC-BY-4.0, (c) ESA WorldCover project 2021","note":"3x3 majority filtered, clipped to the OSM campus boundary, patches >= 0.25 ha"},"features":[{"type":"Feature","properties":{"class":"tree_cover","ha":0.34},"geometry":{"type":"Polygon","coordinates":[[[-0.199583,5.640667],[-0.199333,5.64075],[-0.199333,5.64025],[-0.1995,5.64025],[-0.199583,5.640417],[-0.200083,5.640333],[-0.200333,5.640667],[-0.200167,5.64075],[-0.200167,5.640667],[-0.199917,5.640667],[-0.199917,5.640583],[-0.19975,5.640583],[-0.19975,5.640667],[-0.199583,5.640583],[-0.199583,5.640667]]]}},{"type":"Feature","properties":{"class":"tree_cover","ha":172.47},"geometry":{"type":"Polygon","coordinates":[[[-0.201417,5.6415],[-0.201667,5.641417],[-0.20175,5.641167],[-0.201917,5.641167],[-0.201942,5.641083],[-0.202333,5.6417],[-0.202417,5.642083],[-0.202583,5.642167],[-0.202583,5.6425],[-0.202667,5.642583],[-0.2025,5.642667],[-0.2025,5.642833],[-0.20275,5.643083],[-0.202833,5.643667],[-0.203,5.643833],[-0.203167,5.643833],[-0.20325,5.644],[-0.203417,5.644],[-0.203417,5.644083],[-0.20375,5.644167],[-0.20375,5.64425],[-0.203965,5.64425],[-0.20475,5.645469],[-0.204667,5.6455],[-0.204667,5.645667],[-0.204583,5.645667],[-0.204667,5.64625],[-0.2045,5.646417],[-0.204083,5.646417],[-0.204,5.646333],[-0.204,5.646583],[-0.204167,5.646667],[-0.204167,5.646917],[-0.20425,5.646917],[-0.204333,5.647333],[-0.2045,5.647417],[-0.204417,5.647667],[-0.204333,5.647667],[-0.204333,5.64825],[-0.204583,5.64825],[-0.204667,5.648417],[-0.204917,5.648417],[-0.205,5.6485],[-0.205,5.648667],[-0.20475,5.648833],[-0.20475,5.649167],[-0.204833,5.649167],[-0.204917,5.65],[-0.205083,5.650167],[-0.205083,5.650667],[-0.205,5.650667],[-0.205083,5.651583],[-0.204917,5.651583],[-0.204917,5.651667],[-0.20475,5.651667],[-0.20475,5.651583],[-0.2045,5.651667],[-0.204417,5.651583],[-0.204417,5.65125],[-0.204833,5.650917],[-0.204833,5.65075],[-0.204667,5.650583],[-0.20475,5.650333],[-0.204583,5.650167],[-0.204167,5.650083],[-0.204,5.65025],[-0.204,5.650417],[-0.20375,5.650417],[-0.203583,5.65025],[-0.203583,5.649917],[-0.2035,5.649833],[-0.20325,5.649833],[-0.203167,5.649917],[-0.203083,5.6505],[-0.203333,5.65075],[-0.203333,5.650917],[-0.203167,5.651083],[-0.20325,5.651167],[-0.203167,5.651333],[-0.203417,5.651417],[-0.2035,5.651667],[-0.203333,5.651667],[-0.20325,5.651833],[-0.203,5.651833],[-0.202417,5.652417],[-0.2025,5.652667],[-0.202667,5.652667],[-0.20275,5.652833],[-0.202917,5.652833],[-0.202917,5.653],[-0.20275,5.653083],[-0.20275,5.653417],[-0.202333,5.653667],[-0.202333,5.654],[-0.202833,5.654083],[-0.20275,5.654167],[-0.20275,5.654417],[-0.2025,5.654417],[-0.202417,5.654583],[-0.202,5.654583],[-0.201667,5.654917],[-0.201667,5.655083],[-0.201167,5.655083],[-0.200917,5.654833],[-0.200917,5.654583],[-0.20075,5.654417],[-0.200583,5.654417],[-0.200583,5.654167],[-0.20025,5.653917],[-0.20025,5.653583],[-0.200333,5.653583],[-0.200333,5.65325],[-0.20075,5.652833],[-0.200917,5.652833],[-0.201,5.653],[-0.20125,5.653],[-0.2015,5.65325],[-0.2015,5.653667],[-0.201583,5.65375],[-0.201833,5.653667],[-0.201833,5.653083],[-0.201917,5.653083],[-0.201917,5.65275],[-0.202,5.652667],[-0.201833,5.6525],[-0.201333,5.652583],[-0.20125,5.652167],[-0.201417,5.652083],[-0.201417,5.651833],[-0.2015,5.651833],[-0.2015,5.651583],[-0.201417,5.651583],[-0.2015,5.651333],[-0.201417,5.65125],[-0.201167,5.651333],[-0.201167,5.651167],[-0.2015,5.650833],[-0.201917,5.650917],[-0.201917,5.650833],[-0.202417,5.65075],[-0.2025,5.650667],[-0.202417,5.650083],[-0.202583,5.650083],[-0.202583,5.65],[-0.20275,5.650083],[-0.202917,5.649917],[-0.202833,5.649583],[-0.202917,5.6495],[-0.20325,5.6495],[-0.20325,5.649417],[-0.203417,5.649417],[-0.203417,5.649333],[-0.20375,5.64925],[-0.203917,5.649083],[-0.203917,5.64875],[-0.204167,5.648583],[-0.204167,5.648417],[-0.20375,5.64825],[-0.203833,5.6475],[-0.203583,5.64725],[-0.202833,5.647167],[-0.202833,5.64725],[-0.202583,5.64725],[-0.202417,5.6475],[-0.201583,5.647417],[-0.201583,5.647833],[-0.201417,5.647917],[-0.201333,5.64825],[-0.200917,5.648583],[-0.200833,5.648917],[-0.200583,5.649],[-0.200417,5.64925],[-0.2,5.649167],[-0.2,5.64925],[-0.19975,5.64925],[-0.199583,5.6495],[-0.198833,5.649583],[-0.198833,5.649417],[-0.19875,5.649417],[-0.19875,5.64875],[-0.198583,5.648667],[-0.198417,5.648833],[-0.19825,5.649583],[-0.198417,5.64975],[-0.198583,5.649667],[-0.19875,5.649833],[-0.198667,5.650333],[-0.198833,5.650333],[-0.199,5.6505],[-0.198917,5.6515],[-0.199083,5.651667],[-0.199,5.651917],[-0.199167,5.652083],[-0.199083,5.6525],[-0.199333,5.652417],[-0.19925,5.652],[-0.1995,5.652],[-0.199583,5.652167],[-0.199833,5.652167],[-0.199833,5.652],[-0.2,5.651833],[-0.20025,5.651917],[-0.20025,5.652],[-0.200917,5.651833],[-0.200833,5.652583],[-0.20075,5.652667],[-0.200667,5.652583],[-0.20025,5.652583],[-0.20025,5.6525],[-0.19975,5.652583],[-0.199667,5.652833],[-0.199833,5.652833],[-0.19975,5.653083],[-0.199417,5.653083],[-0.199417,5.652833],[-0.199333,5.65275],[-0.199167,5.652917],[-0.199,5.652917],[-0.199083,5.652667],[-0.198917,5.652667],[-0.198833,5.652917],[-0.198583,5.652917],[-0.1985,5.653167],[-0.198417,5.653167],[-0.198417,5.653583],[-0.1985,5.653583],[-0.198417,5.653833],[-0.19825,5.653833],[-0.19825,5.653917],[-0.198167,5.653833],[-0.197917,5.653833],[-0.197833,5.654],[-0.197583,5.654],[-0.197583,5.654083],[-0.197417,5.654083],[-0.19725,5.65425],[-0.197,5.65425],[-0.196917,5.654417],[-0.19675,5.654333],[-0.19675,5.654083],[-0.196583,5.653917],[-0.196583,5.653417],[-0.197667,5.653333],[-0.197667,5.6535],[-0.19775,5.6535],[-0.197833,5.653417],[-0.197833,5.652917],[-0.198083,5.652833],[-0.198333,5.652583],[-0.19825,5.652083],[-0.198583,5.65175],[-0.198583,5.651583],[-0.198083,5.651583],[-0.198,5.65175],[-0.197667,5.65175],[-0.197583,5.651833],[-0.197583,5.652083],[-0.197417,5.652083],[-0.197417,5.65175],[-0.197333,5.651833],[-0.19725,5.65175],[-0.196667,5.65175],[-0.196667,5.651833],[-0.1965,5.651833],[-0.19625,5.652083],[-0.19625,5.65275],[-0.196167,5.652833],[-0.195333,5.65275],[-0.19525,5.652667],[-0.195167,5.652083],[-0.194667,5.652083],[-0.194583,5.65225],[-0.194333,5.65225],[-0.194333,5.652417],[-0.194583,5.6525],[-0.19475,5.65275],[-0.195333,5.652833],[-0.195333,5.653],[-0.1955,5.653],[-0.195583,5.653333],[-0.195333,5.653583],[-0.195167,5.653583],[-0.195167,5.653667],[-0.194833,5.653667],[-0.194833,5.653833],[-0.194667,5.653833],[-0.194417,5.653583],[-0.19425,5.653917],[-0.194,5.653917],[-0.193833,5.653667],[-0.1935,5.653667],[-0.1935,5.653417],[-0.193667,5.653417],[-0.193667,5.653333],[-0.193917,5.653333],[-0.193917,5.65325],[-0.194,5.653333],[-0.194417,5.653333],[-0.1945,5.65325],[-0.194417,5.653],[-0.19425,5.653],[-0.19425,5.652583],[-0.194167,5.6525],[-0.194,5.6525],[-0.194,5.652583],[-0.193917,5.6525],[-0.193333,5.6525],[-0.193333,5.652667],[-0.193167,5.652667],[-0.193083,5.652417],[-0.193,5.652417],[-0.193,5.652167],[-0.19275,5.651917],[-0.19275,5.6515],[-0.193083,5.65125],[-0.193083,5.651],[-0.193167,5.650917],[-0.193667,5.650917],[-0.19375,5.65075],[-0.193917,5.650833],[-0.193917,5.651083],[-0.194,5.651167],[-0.194083,5.651083],[-0.19425,5.651083],[-0.194333,5.65125],[-0.1945,5.65125],[-0.1945,5.651167],[-0.195083,5.651167],[-0.195167,5.651333],[-0.1955,5.651333],[-0.195583,5.65125],[-0.195583,5.651333],[-0.196083,5.651417],[-0.196083,5.6515],[-0.19625,5.6515],[-0.196417,5.651167],[-0.196667,5.651083],[-0.19675,5.650833],[-0.196667,5.650833],[-0.196583,5.650417],[-0.1965,5.650417],[-0.1965,5.650083],[-0.19625,5.649917],[-0.19625,5.649583],[-0.196167,5.6495],[-0.195417,5.649583],[-0.195333,5.6495],[-0.195417,5.648917],[-0.19525,5.648917],[-0.19525,5.649167],[-0.195167,5.649167],[-0.195167,5.649667],[-0.19525,5.64975],[-0.195083,5.649833],[-0.195083,5.65],[-0.195167,5.65],[-0.195083,5.65025],[-0.194833,5.650167],[-0.194833,5.650083],[-0.194667,5.650083],[-0.194667,5.649833],[-0.194833,5.64975],[-0.194833,5.649333],[-0.19475,5.64925],[-0.1945,5.64925],[-0.194417,5.649333],[-0.194417,5.649667],[-0.19425,5.649833],[-0.193917,5.649833],[-0.193833,5.649917],[-0.193833,5.650333],[-0.19375,5.650333],[-0.19375,5.65025],[-0.193417,5.65025],[-0.1935,5.649917],[-0.193667,5.649833],[-0.193667,5.649333],[-0.19375,5.649333],[-0.193667,5.648917],[-0.19325,5.648917],[-0.193083,5.649083],[-0.19275,5.649083],[-0.192583,5.648833],[-0.192417,5.648833],[-0.19225,5.649083],[-0.192083,5.649083],[-0.192,5.648833],[-0.191833,5.648833],[-0.191833,5.649083],[-0.191667,5.64925],[-0.1915,5.64925],[-0.1915,5.649333],[-0.191,5.64925],[-0.191,5.649417],[-0.191167,5.649583],[-0.191083,5.650333],[-0.1905,5.6505],[-0.1905,5.650667],[-0.190667,5.65075],[-0.190667,5.651083],[-0.190833,5.651083],[-0.190917,5.650917],[-0.19125,5.650917],[-0.191333,5.651],[-0.191333,5.651167],[-0.191167,5.65125],[-0.191167,5.6515],[-0.191,5.6515],[-0.190833,5.651667],[-0.19075,5.651583],[-0.19075,5.65125],[-0.190417,5.650917],[-0.19,5.650917],[-0.19,5.650667],[-0.190083,5.650667],[-0.19,5.650333],[-0.19025,5.650167],[-0.190167,5.649833],[-0.190417,5.649667],[-0.190583,5.650167],[-0.190833,5.65],[-0.19075,5.649333],[-0.190417,5.649083],[-0.190417,5.648917],[-0.1905,5.648833],[-0.190917,5.648833],[-0.190917,5.64875],[-0.191167,5.64875],[-0.191167,5.648833],[-0.1915,5.64875],[-0.191583,5.648667],[-0.191583,5.648083],[-0.1915,5.648083],[-0.1915,5.647917],[-0.191333,5.64775],[-0.191083,5.64775],[-0.191083,5.648],[-0.191,5.648083],[-0.190667,5.648083],[-0.190667,5.648167],[-0.1905,5.648167],[-0.190333,5.648333],[-0.19025,5.64825],[-0.19025,5.647833],[-0.1905,5.64775],[-0.19075,5.6475],[-0.190667,5.64725],[-0.1905,5.647333],[-0.1905,5.647583],[-0.190333,5.647583],[-0.190333,5.647667],[-0.18975,5.647583],[-0.189667,5.64775],[-0.189417,5.64775],[-0.189417,5.647833],[-0.189167,5.64775],[-0.189167,5.6475],[-0.189333,5.647333],[-0.189583,5.647333],[-0.18975,5.647],[-0.189833,5.647],[-0.189833,5.64725],[-0.189917,5.647333],[-0.190167,5.647333],[-0.19025,5.647167],[-0.190417,5.647167],[-0.190417,5.647083],[-0.190667,5.647],[-0.190583,5.646833],[-0.190417,5.646833],[-0.190417,5.646917],[-0.19025,5.646833],[-0.190333,5.64625],[-0.19025,5.64625],[-0.19025,5.646083],[-0.189833,5.645667],[-0.190333,5.645667],[-0.190583,5.646],[-0.190833,5.646],[-0.190667,5.64675],[-0.19075,5.646667],[-0.191167,5.646667],[-0.191167,5.646833],[-0.19125,5.646833],[-0.191167,5.64725],[-0.1915,5.64725],[-0.191583,5.647083],[-0.1915,5.647083],[-0.1915,5.6465],[-0.191417,5.6465],[-0.191333,5.645917],[-0.191583,5.645833],[-0.191667,5.645667],[-0.19175,5.64575],[-0.191917,5.64575],[-0.191917,5.645667],[-0.1925,5.64575],[-0.192583,5.645583],[-0.192667,5.645667],[-0.192917,5.645583],[-0.193,5.645667],[-0.192917,5.64575],[-0.193,5.646],[-0.193417,5.646],[-0.193667,5.646333],[-0.193833,5.646333],[-0.194,5.646],[-0.19425,5.645917],[-0.194333,5.645417],[-0.194083,5.645333],[-0.194083,5.645417],[-0.193917,5.645417],[-0.19375,5.645583],[-0.1935,5.645583],[-0.1935,5.645167],[-0.193333,5.645],[-0.193083,5.645083],[-0.193083,5.645333],[-0.192833,5.645333],[-0.19275,5.64525],[-0.19275,5.645],[-0.192667,5.645],[-0.192583,5.644083],[-0.1925,5.644],[-0.192333,5.644083],[-0.1925,5.645083],[-0.192333,5.645167],[-0.191917,5.64475],[-0.192,5.644667],[-0.192,5.644417],[-0.191833,5.644417],[-0.19175,5.64425],[-0.1915,5.644167],[-0.1915,5.644083],[-0.191833,5.644083],[-0.191833,5.643833],[-0.191667,5.64375],[-0.1915,5.644],[-0.191417,5.643917],[-0.191167,5.643917],[-0.191167,5.643833],[-0.190917,5.643833],[-0.190833,5.643917],[-0.191,5.644667],[-0.190667,5.645],[-0.19075,5.645167],[-0.190917,5.645167],[-0.191167,5.644917],[-0.191333,5.644917],[-0.191333,5.64475],[-0.1915,5.64475],[-0.191667,5.645083],[-0.1915,5.645167],[-0.191417,5.645667],[-0.191333,5.64575],[-0.191,5.64575],[-0.191,5.645667],[-0.190583,5.64575],[-0.190417,5.645583],[-0.1905,5.6455],[-0.190417,5.644583],[-0.190333,5.6445],[-0.190167,5.644667],[-0.18975,5.644667],[-0.189667,5.644583],[-0.189667,5.644417],[-0.189917,5.644417],[-0.189917,5.644333],[-0.190167,5.644333],[-0.19025,5.644417],[-0.1905,5.644167],[-0.190417,5.643917],[-0.190167,5.643917],[-0.190083,5.643667],[-0.19,5.643667],[-0.190083,5.643083],[-0.190167,5.643083],[-0.190167,5.642833],[-0.19025,5.642833],[-0.190167,5.64275],[-0.19025,5.6425],[-0.190083,5.642417],[-0.190083,5.642167],[-0.19,5.642167],[-0.190083,5.642083],[-0.19,5.642],[-0.19,5.641667],[-0.190083,5.641667],[-0.190083,5.6415],[-0.190333,5.6415],[-0.1905,5.641333],[-0.1905,5.64075],[-0.19025,5.64075],[-0.190167,5.640917],[-0.189917,5.640917],[-0.189917,5.641],[-0.1895,5.640917],[-0.1895,5.64075],[-0.189583,5.64075],[-0.189667,5.6405],[-0.190167,5.6405],[-0.190417,5.64025],[-0.190417,5.640333],[-0.19075,5.640333],[-0.19075,5.640583],[-0.191083,5.640833],[-0.191083,5.641083],[-0.191167,5.641167],[-0.191667,5.64125],[-0.19175,5.641083],[-0.19125,5.64075],[-0.19125,5.6405],[-0.1915,5.6405],[-0.1915,5.640583],[-0.19175,5.640667],[-0.191917,5.640333],[-0.19225,5.64025],[-0.192417,5.64],[-0.192583,5.64],[-0.192583,5.640083],[-0.192833,5.64],[-0.192917,5.640167],[-0.193167,5.640167],[-0.193333,5.64],[-0.193667,5.64],[-0.1935,5.64025],[-0.19375,5.640333],[-0.193833,5.64025],[-0.19375,5.640083],[-0.193833,5.640083],[-0.193917,5.639833],[-0.194583,5.639833],[-0.194667,5.639667],[-0.195167,5.639667],[-0.19525,5.639167],[-0.195167,5.639083],[-0.195083,5.639167],[-0.19475,5.639083],[-0.19475,5.638917],[-0.194833,5.638917],[-0.194833,5.63875],[-0.195,5.638583],[-0.195,5.638417],[-0.19525,5.638333],[-0.19525,5.63825],[-0.195083,5.638083],[-0.19475,5.638083],[-0.194667,5.638833],[-0.194583,5.638833],[-0.194583,5.639083],[-0.1945,5.639083],[-0.1945,5.639333],[-0.194583,5.639333],[-0.1945,5.639583],[-0.19425,5.639583],[-0.194083,5.63925],[-0.193833,5.63925],[-0.193833,5.639333],[-0.193417,5.63925],[-0.193083,5.639583],[-0.192917,5.639583],[-0.192833,5.639833],[-0.1925,5.639833],[-0.192417,5.639917],[-0.192417,5.63975],[-0.192667,5.6395],[-0.192667,5.63925],[-0.192583,5.639167],[-0.192417,5.639167],[-0.192167,5.6395],[-0.191667,5.6395],[-0.1915,5.639333],[-0.1915,5.639167],[-0.191417,5.639167],[-0.191417,5.638917],[-0.191583,5.63875],[-0.19175,5.63875],[-0.191833,5.638583],[-0.191917,5.638667],[-0.192083,5.638583],[-0.192,5.638333],[-0.191917,5.638333],[-0.191917,5.638],[-0.191833,5.638],[-0.191833,5.63775],[-0.19175,5.637667],[-0.191417,5.637667],[-0.191333,5.637917],[-0.190917,5.638],[-0.190833,5.637833],[-0.191167,5.637667],[-0.191167,5.637333],[-0.191,5.637333],[-0.191,5.63725],[-0.190333,5.63725],[-0.18975,5.637917],[-0.1895,5.637833],[-0.1895,5.637667],[-0.189333,5.637583],[-0.189417,5.637333],[-0.189083,5.637],[-0.189083,5.636667],[-0.1895,5.63625],[-0.189667,5.63625],[-0.18975,5.6365],[-0.189333,5.63675],[-0.189417,5.637],[-0.189667,5.636917],[-0.189917,5.637167],[-0.190083,5.637167],[-0.190167,5.637083],[-0.190083,5.636667],[-0.190417,5.636667],[-0.190417,5.636917],[-0.1905,5.637],[-0.19075,5.637],[-0.19075,5.636833],[-0.190917,5.636667],[-0.191,5.63675],[-0.19125,5.63675],[-0.191333,5.636833],[-0.191333,5.637167],[-0.191667,5.63725],[-0.191917,5.6375],[-0.192,5.637417],[-0.19225,5.6375],[-0.19225,5.637833],[-0.192333,5.637833],[-0.192333,5.63825],[-0.192417,5.638333],[-0.192667,5.638167],[-0.192667,5.637917],[-0.1925,5.637833],[-0.1925,5.637583],[-0.192667,5.637417],[-0.193,5.637417],[-0.193167,5.63725],[-0.193167,5.637083],[-0.193417,5.637083],[-0.1935,5.636917],[-0.19375,5.636917],[-0.19375,5.636833],[-0.194083,5.636833],[-0.19425,5.637],[-0.194333,5.637583],[-0.1945,5.637583],[-0.194583,5.636917],[-0.194667,5.636833],[-0.195083,5.636833],[-0.195167,5.636917],[-0.195083,5.637],[-0.195083,5.63725],[-0.19475,5.6375],[-0.194833,5.63775],[-0.195,5.63775],[-0.195083,5.637583],[-0.19525,5.637583],[-0.195333,5.637333],[-0.195583,5.6375],[-0.195667,5.63775],[-0.19575,5.637667],[-0.196,5.637667],[-0.196,5.6375],[-0.196083,5.637583],[-0.196583,5.6375],[-0.196583,5.63775],[-0.1965,5.637833],[-0.196333,5.637667],[-0.196167,5.637667],[-0.196167,5.637833],[-0.196,5.637917],[-0.196,5.638167],[-0.195833,5.638333],[-0.1955,5.638333],[-0.195417,5.638417],[-0.195417,5.639167],[-0.195667,5.639417],[-0.195333,5.639667],[-0.195333,5.639833],[-0.195583,5.64],[-0.195667,5.63975],[-0.195833,5.639667],[-0.195833,5.639417],[-0.195917,5.639417],[-0.195917,5.638917],[-0.195833,5.638917],[-0.195833,5.63875],[-0.195667,5.638583],[-0.19575,5.638417],[-0.196083,5.6385],[-0.196417,5.638167],[-0.196833,5.638167],[-0.196833,5.63825],[-0.197417,5.638167],[-0.197417,5.63825],[-0.197667,5.63825],[-0.197667,5.638333],[-0.197833,5.63825],[-0.197833,5.63775],[-0.197417,5.63775],[-0.197333,5.637667],[-0.197333,5.637333],[-0.197,5.637083],[-0.197167,5.636917],[-0.197167,5.636667],[-0.197083,5.636583],[-0.19725,5.6365],[-0.197167,5.636417],[-0.197167,5.636167],[-0.19725,5.636167],[-0.197167,5.63575],[-0.19725,5.635667],[-0.196917,5.6355],[-0.196917,5.63525],[-0.197,5.63525],[-0.197083,5.635],[-0.197417,5.634917],[-0.197583,5.63475],[-0.197417,5.634583],[-0.197417,5.634417],[-0.197083,5.634167],[-0.197083,5.63375],[-0.197196,5.633667],[-0.197583,5.634274],[-0.197583,5.634417],[-0.197727,5.6345],[-0.19775,5.634667],[-0.197833,5.634667],[-0.197917,5.634917],[-0.197993,5.634917],[-0.198667,5.635974],[-0.19875,5.636333],[-0.198833,5.636333],[-0.198833,5.636417],[-0.198917,5.636417],[-0.199,5.6365],[-0.199083,5.636917],[-0.19925,5.637],[-0.19925,5.637167],[-0.198667,5.637083],[-0.198833,5.637583],[-0.19875,5.637667],[-0.1985,5.637667],[-0.1985,5.638083],[-0.19875,5.638167],[-0.198917,5.637667],[-0.199,5.63775],[-0.19925,5.63775],[-0.19925,5.637833],[-0.19975,5.63775],[-0.199833,5.638],[-0.2,5.638083],[-0.200083,5.638417],[-0.200417,5.63875],[-0.200417,5.638917],[-0.200666,5.639083],[-0.20075,5.639333],[-0.200833,5.639344],[-0.201,5.639833],[-0.201083,5.639833],[-0.201083,5.640083],[-0.20125,5.64025],[-0.201412,5.64025],[-0.201417,5.640417],[-0.201571,5.6405],[-0.20175,5.640917],[-0.201667,5.641],[-0.201333,5.641],[-0.201333,5.641083],[-0.201,5.641083],[-0.200917,5.641],[-0.200833,5.64],[-0.20075,5.64],[-0.20075,5.639833],[-0.200583,5.639667],[-0.2,5.63975],[-0.19975,5.64],[-0.199417,5.64],[-0.199333,5.639833],[-0.1995,5.639667],[-0.19975,5.639667],[-0.199917,5.6395],[-0.199917,5.639333],[-0.199833,5.63925],[-0.19975,5.639333],[-0.199333,5.63925],[-0.199167,5.639],[-0.198917,5.639],[-0.198833,5.63925],[-0.19875,5.63925],[-0.19875,5.639417],[-0.198667,5.639417],[-0.198667,5.639583],[-0.198833,5.639667],[-0.198917,5.64],[-0.199083,5.640083],[-0.199083,5.64025],[-0.198917,5.64025],[-0.19875,5.640417],[-0.19875,5.64075],[-0.199,5.640917],[-0.199,5.641083],[-0.1985,5.641167],[-0.198417,5.641],[-0.198167,5.641],[-0.198167,5.641083],[-0.198,5.641083],[-0.198,5.64125],[-0.198167,5.641417],[-0.198333,5.641417],[-0.198333,5.641583],[-0.198083,5.6415],[-0.197917,5.641667],[-0.19775,5.641667],[-0.19775,5.64175],[-0.197583,5.64175],[-0.197583,5.641917],[-0.197417,5.642083],[-0.197167,5.642],[-0.197167,5.641833],[-0.197083,5.641833],[-0.196917,5.642],[-0.196917,5.642167],[-0.1975,5.642333],[-0.197417,5.6425],[-0.197167,5.642583],[-0.197167,5.642917],[-0.19725,5.643],[-0.19775,5.643],[-0.19775,5.643083],[-0.198,5.643083],[-0.198,5.643167],[-0.198167,5.643167],[-0.19825,5.643],[-0.198833,5.643083],[-0.199333,5.642583],[-0.199333,5.64225],[-0.19925,5.642167],[-0.199,5.642167],[-0.198917,5.64225],[-0.198917,5.642167],[-0.19875,5.642167],[-0.198583,5.642],[-0.198583,5.641917],[-0.198833,5.641917],[-0.199,5.641583],[-0.19925,5.641667],[-0.19925,5.641833],[-0.199167,5.641833],[-0.19925,5.642],[-0.199333,5.642],[-0.199333,5.64175],[-0.19975,5.64175],[-0.19975,5.642],[-0.199833,5.642083],[-0.2,5.641917],[-0.200167,5.641917],[-0.20025,5.6425],[-0.200667,5.642417],[-0.200667,5.642167],[-0.200417,5.642],[-0.200417,5.64175],[-0.2005,5.641833],[-0.200833,5.641833],[-0.201167,5.64225],[-0.201333,5.64225],[-0.201417,5.642167],[-0.201417,5.641833],[-0.2015,5.641833],[-0.2015,5.641667],[-0.201417,5.641667],[-0.201417,5.6415]],[[-0.201,5.64225],[-0.201083,5.64225],[-0.201083,5.642167],[-0.201,5.64225]],[[-0.201083,5.653917],[-0.201167,5.65375],[-0.201,5.653667],[-0.200917,5.653833],[-0.201083,5.653917]],[[-0.194,5.652333],[-0.194,5.652417],[-0.194083,5.652417],[-0.194,5.652333]],[[-0.193417,5.6515],[-0.193417,5.651667],[-0.193583,5.651667],[-0.19375,5.651833],[-0.193833,5.652083],[-0.194,5.652],[-0.194,5.651333],[-0.193583,5.65125],[-0.193583,5.651167],[-0.193333,5.651167],[-0.193333,5.6515],[-0.193417,5.6515]],[[-0.194333,5.651333],[-0.194333,5.6515],[-0.1945,5.6515],[-0.194333,5.651333]],[[-0.19775,5.65075],[-0.19775,5.650917],[-0.198,5.650917],[-0.198167,5.651167],[-0.198583,5.651167],[-0.198667,5.651083],[-0.198667,5.650833],[-0.198583,5.65075],[-0.198167,5.65075],[-0.198167,5.650583],[-0.197917,5.650583],[-0.19775,5.65075]],[[-0.19675,5.6495],[-0.196417,5.6495],[-0.196333,5.64975],[-0.196583,5.649833],[-0.196583,5.649917],[-0.196667,5.649833],[-0.197167,5.649833],[-0.19725,5.64975],[-0.197167,5.649167],[-0.196917,5.649167],[-0.196917,5.649333],[-0.19675,5.6495]],[[-0.194583,5.648833],[-0.194583,5.649],[-0.194667,5.649],[-0.194667,5.648833],[-0.194583,5.648833]],[[-0.193917,5.649],[-0.194,5.648833],[-0.193833,5.64875],[-0.19375,5.648917],[-0.193917,5.649]],[[-0.19475,5.648333],[-0.194833,5.648583],[-0.1955,5.648667],[-0.195417,5.64825],[-0.195333,5.648333],[-0.19525,5.64825],[-0.194833,5.64825],[-0.19475,5.648333]],[[-0.198583,5.648167],[-0.198583,5.648],[-0.1985,5.648],[-0.198417,5.64775],[-0.198167,5.647833],[-0.197917,5.648083],[-0.197833,5.648083],[-0.197833,5.647833],[-0.197917,5.64775],[-0.19775,5.64775],[-0.19775,5.647833],[-0.197417,5.64775],[-0.197333,5.647833],[-0.197333,5.648],[-0.197417,5.648],[-0.197417,5.648167],[-0.197583,5.648333],[-0.198,5.648333],[-0.198083,5.648083],[-0.19825,5.648],[-0.1985,5.648417],[-0.198667,5.648417],[-0.198667,5.6485],[-0.19875,5.648417],[-0.199,5.648417],[-0.199083,5.648583],[-0.19925,5.648583],[-0.19925,5.648333],[-0.199083,5.648167],[-0.198917,5.648333],[-0.198583,5.648167]],[[-0.19275,5.6485],[-0.192833,5.648333],[-0.192667,5.64825],[-0.192583,5.648417],[-0.19275,5.6485]],[[-0.192667,5.646417],[-0.192667,5.64625],[-0.1925,5.646167],[-0.192417,5.64625],[-0.1925,5.64675],[-0.192417,5.646667],[-0.192083,5.646667],[-0.192083,5.646083],[-0.191917,5.645917],[-0.19175,5.645917],[-0.19175,5.646417],[-0.191833,5.646417],[-0.19175,5.646917],[-0.192,5.647],[-0.192,5.647417],[-0.191833,5.647583],[-0.191917,5.6485],[-0.192167,5.648417],[-0.192167,5.648],[-0.192667,5.648],[-0.19275,5.647833],[-0.193,5.647917],[-0.193083,5.647833],[-0.193083,5.6475],[-0.193333,5.647333],[-0.19325,5.647083],[-0.192833,5.647083],[-0.192833,5.646833],[-0.192917,5.646833],[-0.192667,5.646417]],[[-0.193333,5.647417],[-0.1935,5.647417],[-0.1935,5.647333],[-0.193333,5.647333],[-0.193333,5.647417]],[[-0.193667,5.647583],[-0.193667,5.647833],[-0.193833,5.647833],[-0.19375,5.647583],[-0.193667,5.647583]],[[-0.198167,5.64625],[-0.198167,5.646833],[-0.19825,5.646833],[-0.19825,5.647083],[-0.1985,5.647167],[-0.198583,5.647083],[-0.198583,5.646917],[-0.1985,5.646917],[-0.1985,5.646417],[-0.198333,5.64625],[-0.198167,5.64625]],[[-0.201583,5.647],[-0.201583,5.64675],[-0.2015,5.646667],[-0.201333,5.64675],[-0.201417,5.647],[-0.201583,5.647]],[[-0.203333,5.64675],[-0.203333,5.646917],[-0.2035,5.646917],[-0.2035,5.64675],[-0.203333,5.64675]],[[-0.197583,5.646167],[-0.197417,5.64625],[-0.197417,5.646833],[-0.1975,5.646917],[-0.197833,5.646917],[-0.197917,5.646833],[-0.197917,5.646583],[-0.197667,5.646417],[-0.197583,5.646167]],[[-0.20275,5.646667],[-0.20275,5.646833],[-0.202917,5.646833],[-0.202917,5.646417],[-0.202833,5.646333],[-0.202583,5.646417],[-0.202667,5.646667],[-0.20275,5.646667]],[[-0.19675,5.646083],[-0.19675,5.646333],[-0.196833,5.646333],[-0.19675,5.64675],[-0.196833,5.646833],[-0.197083,5.646833],[-0.197167,5.646667],[-0.197083,5.646667],[-0.197083,5.646417],[-0.197,5.646417],[-0.197,5.646167],[-0.19675,5.646083]],[[-0.195083,5.64575],[-0.195083,5.645583],[-0.195,5.645583],[-0.195,5.645667],[-0.19475,5.645667],[-0.194667,5.645917],[-0.194917,5.646],[-0.194917,5.64625],[-0.195167,5.64625],[-0.19525,5.646333],[-0.195167,5.646583],[-0.195417,5.646667],[-0.1955,5.646583],[-0.1955,5.646167],[-0.195417,5.646167],[-0.195417,5.645917],[-0.19525,5.64575],[-0.195083,5.64575]],[[-0.199333,5.646417],[-0.199083,5.646333],[-0.199083,5.646583],[-0.19925,5.646583],[-0.199333,5.646417]],[[-0.193333,5.646583],[-0.193417,5.646417],[-0.193167,5.646333],[-0.193083,5.6465],[-0.193333,5.646583]],[[-0.201667,5.64625],[-0.202,5.646167],[-0.201917,5.645667],[-0.201667,5.645667],[-0.201583,5.64575],[-0.201583,5.646167],[-0.201667,5.64625]],[[-0.196,5.645917],[-0.196,5.64625],[-0.196167,5.64625],[-0.196167,5.646],[-0.196,5.645917]],[[-0.203,5.64575],[-0.202917,5.645917],[-0.203,5.646],[-0.2035,5.646],[-0.203583,5.645917],[-0.2035,5.645583],[-0.203333,5.645583],[-0.20325,5.64575],[-0.203,5.64575]],[[-0.2025,5.645083],[-0.202333,5.645083],[-0.202333,5.6455],[-0.20225,5.6455],[-0.20225,5.645833],[-0.202333,5.645917],[-0.202667,5.645917],[-0.202833,5.64575],[-0.202833,5.6455],[-0.20275,5.6455],[-0.2025,5.645083]],[[-0.201167,5.64575],[-0.201167,5.645917],[-0.20125,5.645917],[-0.20125,5.64575],[-0.201167,5.64575]],[[-0.2005,5.6455],[-0.2005,5.645333],[-0.200333,5.645167],[-0.1995,5.645083],[-0.199417,5.645333],[-0.199333,5.645333],[-0.1995,5.645833],[-0.199667,5.64575],[-0.199667,5.6455],[-0.19975,5.645417],[-0.200083,5.645417],[-0.20025,5.645583],[-0.2005,5.6455]],[[-0.19825,5.645583],[-0.19825,5.644833],[-0.198,5.644833],[-0.197917,5.644917],[-0.197917,5.645083],[-0.198083,5.645167],[-0.198083,5.645583],[-0.19825,5.645583]],[[-0.197333,5.645417],[-0.197333,5.645583],[-0.197417,5.645583],[-0.197417,5.645417],[-0.197333,5.645417]],[[-0.196833,5.645417],[-0.19675,5.64525],[-0.1965,5.64525],[-0.1965,5.6455],[-0.19675,5.6455],[-0.196833,5.645417]],[[-0.195083,5.644333],[-0.194917,5.6445],[-0.194917,5.644833],[-0.195083,5.645],[-0.19525,5.645],[-0.195417,5.64475],[-0.19575,5.644833],[-0.195833,5.644917],[-0.19575,5.645],[-0.19575,5.645333],[-0.196,5.645417],[-0.196,5.64475],[-0.19575,5.644667],[-0.19575,5.644583],[-0.195583,5.644583],[-0.195583,5.6445],[-0.195417,5.6445],[-0.195417,5.644417],[-0.195083,5.644333]],[[-0.199,5.645083],[-0.198917,5.645],[-0.198667,5.645],[-0.198667,5.645167],[-0.198833,5.645167],[-0.198833,5.64525],[-0.199,5.645083]],[[-0.194167,5.64425],[-0.194,5.64425],[-0.194,5.644583],[-0.193833,5.644583],[-0.193833,5.644333],[-0.19375,5.644333],[-0.193833,5.643833],[-0.193667,5.643667],[-0.193417,5.64375],[-0.193417,5.643917],[-0.193583,5.644],[-0.1935,5.644083],[-0.1935,5.6445],[-0.193667,5.644667],[-0.193667,5.645],[-0.193833,5.645],[-0.193917,5.64475],[-0.19425,5.64475],[-0.194333,5.644833],[-0.194333,5.645083],[-0.194583,5.64525],[-0.194667,5.645],[-0.19475,5.645],[-0.19475,5.644833],[-0.194167,5.64425]],[[-0.19725,5.645083],[-0.197417,5.645],[-0.197333,5.64475],[-0.197167,5.644833],[-0.19725,5.645083]],[[-0.19675,5.644833],[-0.196667,5.644667],[-0.196417,5.644667],[-0.1965,5.644917],[-0.19675,5.644833]],[[-0.193083,5.64425],[-0.193,5.644],[-0.19275,5.644167],[-0.19275,5.6445],[-0.192917,5.644667],[-0.193083,5.644667],[-0.193083,5.64475],[-0.19325,5.64475],[-0.193417,5.644583],[-0.193333,5.644417],[-0.193167,5.644417],[-0.193167,5.64425],[-0.193083,5.64425]],[[-0.19925,5.643833],[-0.19925,5.644],[-0.199333,5.644],[-0.199333,5.643833],[-0.19925,5.643833]],[[-0.192667,5.643083],[-0.192667,5.643333],[-0.192917,5.643417],[-0.193,5.643333],[-0.192917,5.64325],[-0.192917,5.642917],[-0.192667,5.643083]],[[-0.191583,5.642583],[-0.191583,5.642417],[-0.1915,5.642333],[-0.19125,5.642333],[-0.191083,5.642667],[-0.190583,5.642667],[-0.1905,5.642917],[-0.190833,5.64325],[-0.191083,5.64325],[-0.191417,5.642917],[-0.191417,5.64275],[-0.191583,5.642583]],[[-0.193583,5.642833],[-0.193667,5.642583],[-0.193417,5.6425],[-0.193333,5.64275],[-0.193583,5.642833]],[[-0.192917,5.64275],[-0.193,5.6425],[-0.192917,5.642417],[-0.192583,5.642417],[-0.192583,5.642667],[-0.19275,5.642667],[-0.19275,5.64275],[-0.192917,5.64275]],[[-0.194417,5.6425],[-0.194417,5.642667],[-0.194667,5.642667],[-0.194667,5.6425],[-0.194417,5.6425]],[[-0.19675,5.6425],[-0.196833,5.642333],[-0.196583,5.64225],[-0.1965,5.6425],[-0.19675,5.6425]],[[-0.196,5.642333],[-0.196,5.6425],[-0.196167,5.6425],[-0.196167,5.642333],[-0.196,5.642333]],[[-0.195667,5.642417],[-0.19575,5.64225],[-0.195667,5.642167],[-0.195333,5.642167],[-0.195417,5.642417],[-0.195667,5.642417]],[[-0.192667,5.64175],[-0.192583,5.642],[-0.193167,5.642417],[-0.19325,5.642167],[-0.193333,5.642167],[-0.193333,5.642],[-0.193167,5.641833],[-0.192667,5.64175]],[[-0.19175,5.642],[-0.19175,5.64225],[-0.191833,5.642333],[-0.192083,5.642333],[-0.192167,5.64225],[-0.192167,5.641917],[-0.192083,5.641833],[-0.191917,5.641833],[-0.19175,5.642]],[[-0.194417,5.641917],[-0.194583,5.642083],[-0.194833,5.642083],[-0.194917,5.642],[-0.194917,5.64175],[-0.194833,5.641667],[-0.194583,5.641667],[-0.194417,5.641917]],[[-0.196583,5.642],[-0.196667,5.641917],[-0.196667,5.641667],[-0.196583,5.641583],[-0.196333,5.641583],[-0.19625,5.641833],[-0.196583,5.642]],[[-0.190417,5.641833],[-0.1905,5.641667],[-0.190333,5.641583],[-0.19025,5.64175],[-0.190417,5.641833]],[[-0.195417,5.640333],[-0.195417,5.640417],[-0.195167,5.6405],[-0.195167,5.640583],[-0.195417,5.640583],[-0.1955,5.6405],[-0.19575,5.64075],[-0.195583,5.641167],[-0.19525,5.64125],[-0.195167,5.641667],[-0.195833,5.641667],[-0.195917,5.641583],[-0.195917,5.640417],[-0.19575,5.64025],[-0.195583,5.64025],[-0.195583,5.640333],[-0.195417,5.640333]],[[-0.191,5.641583],[-0.191,5.641417],[-0.19075,5.6415],[-0.190833,5.641667],[-0.191,5.641583]],[[-0.19475,5.6415],[-0.194917,5.6415],[-0.195,5.641417],[-0.195,5.641167],[-0.194917,5.641083],[-0.194667,5.641083],[-0.194583,5.641333],[-0.19475,5.6415]],[[-0.196667,5.64],[-0.196667,5.639833],[-0.19675,5.639833],[-0.19675,5.639333],[-0.196833,5.63925],[-0.197083,5.63925],[-0.197083,5.639],[-0.196917,5.639],[-0.196833,5.639167],[-0.196583,5.639083],[-0.196583,5.639417],[-0.196333,5.639583],[-0.196333,5.639917],[-0.1965,5.639917],[-0.1965,5.640083],[-0.196167,5.640333],[-0.196167,5.6405],[-0.196417,5.640583],[-0.196583,5.640833],[-0.197167,5.640833],[-0.19725,5.64075],[-0.19725,5.640417],[-0.197,5.640333],[-0.196667,5.64]],[[-0.1925,5.640833],[-0.192583,5.640667],[-0.192333,5.640583],[-0.19225,5.64075],[-0.1925,5.640833]],[[-0.198083,5.640333],[-0.198083,5.640583],[-0.198167,5.640667],[-0.198333,5.640667],[-0.198417,5.640417],[-0.1985,5.640417],[-0.1985,5.64025],[-0.198333,5.640083],[-0.198083,5.640333]],[[-0.193083,5.6405],[-0.193083,5.640333],[-0.192833,5.640417],[-0.192917,5.640583],[-0.193083,5.6405]],[[-0.19775,5.640417],[-0.197917,5.640333],[-0.197833,5.640083],[-0.197667,5.640083],[-0.197583,5.64025],[-0.19775,5.640417]],[[-0.194833,5.640167],[-0.194833,5.640417],[-0.195,5.640417],[-0.195,5.640167],[-0.194833,5.640167]],[[-0.19775,5.639333],[-0.197667,5.63925],[-0.197417,5.63925],[-0.197417,5.639417],[-0.197583,5.639417],[-0.197583,5.6395],[-0.19775,5.639333]],[[-0.196333,5.63875],[-0.196417,5.639],[-0.196667,5.638917],[-0.196667,5.638583],[-0.196583,5.6385],[-0.196417,5.638583],[-0.196417,5.63875],[-0.196333,5.63875]],[[-0.19375,5.638917],[-0.193917,5.638917],[-0.193917,5.63875],[-0.193667,5.63875],[-0.19375,5.638917]],[[-0.192667,5.63875],[-0.192667,5.638833],[-0.192833,5.638833],[-0.192833,5.63875],[-0.192667,5.63875]],[[-0.197667,5.6385],[-0.197667,5.63875],[-0.197833,5.63875],[-0.197833,5.6385],[-0.197667,5.6385]],[[-0.19925,5.638667],[-0.199667,5.638583],[-0.199667,5.63825],[-0.199583,5.638167],[-0.19925,5.638167],[-0.199167,5.63825],[-0.199167,5.638583],[-0.19925,5.638667]],[[-0.194167,5.638167],[-0.194167,5.63825],[-0.194333,5.63825],[-0.194333,5.638167],[-0.194167,5.638167]],[[-0.197833,5.637083],[-0.197833,5.636917],[-0.197583,5.637],[-0.197667,5.637167],[-0.197833,5.637083]],[[-0.19825,5.636083],[-0.198417,5.636],[-0.198333,5.63575],[-0.198167,5.635833],[-0.19825,5.636083]]]}},{"type":"Feature","properties":{"class":"tree_cover","ha":0.6},"geometry":{"type":"Polygon","coordinates":[[[-0.201833,5.64775],[-0.202083,5.64775],[-0.202083,5.648167],[-0.202333,5.64825],[-0.202417,5.648417],[-0.20225,5.648583],[-0.202,5.648583],[-0.202,5.648667],[-0.201917,5.648583],[-0.201583,5.648583],[-0.2015,5.648333],[-0.201583,5.648333],[-0.201667,5.647917],[-0.201833,5.64775]]]}},{"type":"Feature","properties":{"class":"tree_cover","ha":2.08},"geometry":{"type":"Polygon","coordinates":[[[-0.203667,5.653333],[-0.203667,5.653083],[-0.203917,5.653],[-0.203917,5.652917],[-0.204167,5.652917],[-0.20425,5.652667],[-0.204333,5.652667],[-0.204333,5.6525],[-0.20475,5.652583],[-0.204917,5.652417],[-0.204917,5.652083],[-0.205083,5.652083],[-0.205083,5.652417],[-0.204917,5.652583],[-0.204917,5.65275],[-0.205,5.65275],[-0.205,5.653083],[-0.204917,5.653083],[-0.204917,5.653333],[-0.205,5.653333],[-0.205,5.654083],[-0.20425,5.654167],[-0.20425,5.654083],[-0.204083,5.654083],[-0.203917,5.653917],[-0.203917,5.6535],[-0.203667,5.653333]]]}},{"type":"Feature","properties":{"class":"tree_cover","ha":0.85},"geometry":{"type":"Polygon","coordinates":[[[-0.202833,5.655583],[-0.20275,5.655333],[-0.2025,5.655333],[-0.202583,5.655],[-0.202833,5.65475],[-0.203,5.65475],[-0.203083,5.655083],[-0.20325,5.655167],[-0.203333,5.655417],[-0.20325,5.655417],[-0.20325,5.655667],[-0.203083,5.65575],[-0.203083,5.655917],[-0.202917,5.656083],[-0.202917,5.65625],[-0.202833,5.656167],[-0.202583,5.656167],[-0.202667,5.656],[-0.202583,5.656],[-0.2025,5.65575],[-0.202833,5.655583]]]}},{"type":"Feature","properties":{"class":"tree_cover","ha":0.48},"geometry":{"type":"Polygon","coordinates":[[[-0.202333,5.655417],[-0.202333,5.655667],[-0.202167,5.655833],[-0.201917,5.655833],[-0.201833,5.656],[-0.201667,5.656],[-0.201583,5.65625],[-0.201333,5.65625],[-0.201333,5.655917],[-0.201417,5.655917],[-0.201417,5.65575],[-0.201583,5.655583],[-0.202083,5.655583],[-0.202083,5.6555],[-0.202333,5.655417]]]}},{"type":"Feature","properties":{"class":"tree_cover","ha":0.33},"geometry":{"type":"Polygon","coordinates":[[[-0.2,5.65625],[-0.200167,5.65625],[-0.20025,5.656333],[-0.20025,5.656667],[-0.2005,5.65675],[-0.2005,5.656917],[-0.200333,5.657083],[-0.20025,5.657083],[-0.200167,5.656833],[-0.199917,5.65675],[-0.199917,5.656333],[-0.2,5.65625]]]}},{"type":"Feature","properties":{"class":"tree_cover","ha":0.67},"geometry":{"type":"Polygon","coordinates":[[[-0.201583,5.657083],[-0.2015,5.656833],[-0.202083,5.65625],[-0.202167,5.656417],[-0.202417,5.6565],[-0.202417,5.656667],[-0.202583,5.65675],[-0.202583,5.657],[-0.202667,5.657083],[-0.202333,5.657167],[-0.202167,5.657],[-0.202,5.657],[-0.202,5.657083],[-0.201917,5.657],[-0.201667,5.657],[-0.201583,5.657083]],[[-0.202,5.65675],[-0.202,5.656917],[-0.202083,5.656917],[-0.202083,5.65675],[-0.202,5.65675]]]}},{"type":"Feature","properties":{"class":"tree_cover","ha":1.19},"geometry":{"type":"Polygon","coordinates":[[[-0.204417,5.657083],[-0.204583,5.657],[-0.204583,5.656583],[-0.204417,5.6565],[-0.2045,5.656417],[-0.2045,5.656083],[-0.20475,5.656],[-0.204833,5.655833],[-0.205083,5.655833],[-0.205083,5.656667],[-0.204833,5.656833],[-0.204833,5.65725],[-0.205145,5.6575],[-0.205145,5.657833],[-0.205,5.658],[-0.204833,5.658],[-0.204833,5.658083],[-0.204667,5.658],[-0.204667,5.6575],[-0.204417,5.65725],[-0.204417,5.657083]]]}},{"type":"Feature","properties":{"class":"tree_cover","ha":0.35},"geometry":{"type":"Polygon","coordinates":[[[-0.2,5.6585],[-0.2,5.65825],[-0.19975,5.658],[-0.200167,5.658083],[-0.200333,5.65825],[-0.200333,5.658417],[-0.2005,5.6585],[-0.2005,5.65875],[-0.200583,5.658833],[-0.200417,5.658917],[-0.2,5.6585]]]}},{"type":"Feature","properties":{"class":"tree_cover","ha":1.57},"geometry":{"type":"Polygon","coordinates":[[[-0.20125,5.659333],[-0.201333,5.659083],[-0.201583,5.659],[-0.2015,5.658417],[-0.20175,5.658333],[-0.20175,5.65825],[-0.201917,5.65825],[-0.201917,5.658083],[-0.201333,5.658],[-0.201417,5.657833],[-0.201833,5.657833],[-0.201833,5.657917],[-0.202167,5.657917],[-0.202167,5.658],[-0.202667,5.657917],[-0.202667,5.658167],[-0.20275,5.658167],[-0.202667,5.658417],[-0.202333,5.658417],[-0.202333,5.6585],[-0.202,5.6585],[-0.201917,5.658583],[-0.201917,5.659167],[-0.202,5.659167],[-0.202,5.659333],[-0.201917,5.659333],[-0.201833,5.659583],[-0.201167,5.659583],[-0.201167,5.659667],[-0.201,5.659667],[-0.200917,5.6595],[-0.20075,5.6595],[-0.200833,5.659417],[-0.200833,5.659167],[-0.201,5.659167],[-0.201,5.65925],[-0.20125,5.659333]]]}},{"type":"Feature","properties":{"class":"tree_cover","ha":0.43},"geometry":{"type":"Polygon","coordinates":[[[-0.199667,5.66075],[-0.200167,5.66075],[-0.200167,5.660667],[-0.200417,5.660833],[-0.200333,5.661083],[-0.19975,5.661167],[-0.19975,5.66125],[-0.199583,5.66125],[-0.199417,5.661083],[-0.199667,5.66075]]]}},{"type":"Feature","properties":{"class":"tree_cover","ha":6.11},"geometry":{"type":"Polygon","coordinates":[[[-0.200833,5.662],[-0.20075,5.662],[-0.200833,5.66175],[-0.200667,5.661667],[-0.200667,5.661083],[-0.200833,5.661083],[-0.200833,5.660917],[-0.201083,5.660667],[-0.20125,5.660667],[-0.20125,5.660583],[-0.201583,5.660583],[-0.20175,5.660417],[-0.20225,5.660333],[-0.202333,5.660167],[-0.202667,5.660167],[-0.20275,5.66],[-0.202917,5.66],[-0.203083,5.659833],[-0.2035,5.659833],[-0.20375,5.660083],[-0.20375,5.660333],[-0.203667,5.660333],[-0.203667,5.660917],[-0.20375,5.661],[-0.203917,5.661],[-0.204083,5.6605],[-0.204333,5.66025],[-0.204629,5.660333],[-0.204593,5.660658],[-0.204416,5.660904],[-0.203669,5.661575],[-0.202917,5.661777],[-0.202917,5.661667],[-0.203083,5.661583],[-0.203083,5.661417],[-0.202833,5.661333],[-0.202667,5.661083],[-0.202333,5.661083],[-0.202333,5.66125],[-0.202667,5.6615],[-0.202667,5.661667],[-0.202333,5.661667],[-0.202333,5.661998],[-0.202167,5.662061],[-0.202167,5.66175],[-0.202083,5.661667],[-0.201833,5.661667],[-0.201833,5.66175],[-0.201583,5.66175],[-0.2015,5.661833],[-0.201583,5.662283],[-0.200917,5.6625],[-0.200917,5.662167],[-0.200833,5.662167],[-0.200833,5.662]]]}},{"type":"Feature","properties":{"class":"tree_cover","ha":0.57},"geometry":{"type":"Polygon","coordinates":[[[-0.195,5.631167],[-0.194917,5.631167],[-0.195,5.631],[-0.195083,5.630917],[-0.195417,5.630917],[-0.195583,5.6315],[-0.195417,5.631667],[-0.195083,5.631667],[-0.195,5.631833],[-0.194833,5.631833],[-0.19475,5.631583],[-0.195,5.631333],[-0.195,5.631167]]]}},{"type":"Feature","properties":{"class":"tree_cover","ha":0.26},"geometry":{"type":"Polygon","coordinates":[[[-0.196,5.63225],[-0.195833,5.632167],[-0.195833,5.631917],[-0.196083,5.632],[-0.196167,5.6325],[-0.196417,5.632667],[-0.196417,5.632833],[-0.19625,5.633],[-0.196083,5.632917],[-0.196167,5.632833],[-0.196167,5.632583],[-0.196,5.6325],[-0.196,5.63225]]]}},{"type":"Feature","properties":{"class":"tree_cover","ha":0.75},"geometry":{"type":"Polygon","coordinates":[[[-0.19125,5.651583],[-0.191333,5.651333],[-0.1915,5.651167],[-0.19175,5.651167],[-0.191833,5.651],[-0.192,5.651],[-0.192083,5.651083],[-0.192083,5.6515],[-0.192333,5.651667],[-0.192333,5.651917],[-0.192083,5.652],[-0.191917,5.65175],[-0.1915,5.651833],[-0.19125,5.651583]]]}},{"type":"Feature","properties":{"class":"tree_cover","ha":0.26},"geometry":{"type":"Polygon","coordinates":[[[-0.19025,5.651667],[-0.190583,5.651667],[-0.190583,5.651833],[-0.190333,5.652083],[-0.190167,5.652083],[-0.19,5.651917],[-0.19,5.651667],[-0.19025,5.651583],[-0.19025,5.651667]]]}},{"type":"Feature","properties":{"class":"tree_cover","ha":0.62},"geometry":{"type":"Polygon","coordinates":[[[-0.190333,5.653583],[-0.190333,5.653333],[-0.19075,5.653417],[-0.191,5.653667],[-0.19125,5.653667],[-0.19125,5.654083],[-0.19075,5.654333],[-0.190667,5.65425],[-0.190667,5.653917],[-0.190333,5.653583]]]}},{"type":"Feature","properties":{"class":"tree_cover","ha":7.45},"geometry":{"type":"Polygon","coordinates":[[[-0.19575,5.658167],[-0.195917,5.658083],[-0.195917,5.657917],[-0.196,5.657917],[-0.196083,5.657333],[-0.196167,5.65725],[-0.196417,5.65725],[-0.1965,5.657083],[-0.196667,5.657083],[-0.196833,5.656917],[-0.196917,5.656417],[-0.19675,5.656333],[-0.196833,5.656083],[-0.197417,5.656083],[-0.197583,5.655917],[-0.19775,5.656333],[-0.198167,5.656333],[-0.198167,5.656417],[-0.198583,5.656417],[-0.198583,5.6565],[-0.198833,5.656417],[-0.198917,5.6565],[-0.198917,5.657],[-0.199,5.657083],[-0.19925,5.657083],[-0.19925,5.65575],[-0.199083,5.65575],[-0.199,5.655917],[-0.198833,5.655917],[-0.19875,5.655667],[-0.198417,5.65575],[-0.198333,5.655667],[-0.198333,5.655417],[-0.1985,5.655417],[-0.19875,5.655083],[-0.198917,5.655167],[-0.198917,5.655333],[-0.199167,5.655333],[-0.199167,5.655417],[-0.199583,5.655417],[-0.199667,5.655333],[-0.199667,5.654667],[-0.199583,5.654583],[-0.199333,5.654583],[-0.199167,5.654417],[-0.199167,5.654083],[-0.199333,5.654],[-0.199333,5.653833],[-0.1995,5.653833],[-0.1995,5.654167],[-0.199833,5.654333],[-0.199917,5.654917],[-0.200083,5.655083],[-0.200083,5.65525],[-0.199833,5.655333],[-0.19975,5.6555],[-0.200083,5.655583],[-0.200167,5.655417],[-0.200333,5.655417],[-0.200333,5.655667],[-0.200167,5.655833],[-0.2,5.655833],[-0.2,5.65575],[-0.19975,5.65575],[-0.199667,5.655833],[-0.199667,5.656333],[-0.199583,5.656333],[-0.199583,5.656583],[-0.1995,5.656583],[-0.199583,5.656833],[-0.199667,5.656833],[-0.199667,5.657333],[-0.199417,5.657333],[-0.199417,5.657417],[-0.199,5.657417],[-0.199,5.657333],[-0.19875,5.657333],[-0.19875,5.657417],[-0.198583,5.657417],[-0.198583,5.657333],[-0.198083,5.657417],[-0.198,5.657583],[-0.197667,5.657583],[-0.197083,5.658417],[-0.196167,5.658333],[-0.195917,5.658667],[-0.19575,5.658667],[-0.195667,5.658833],[-0.1955,5.658833],[-0.195417,5.658583],[-0.195667,5.658417],[-0.19575,5.658167]],[[-0.196667,5.657167],[-0.196583,5.657583],[-0.196667,5.657667],[-0.196917,5.657667],[-0.197,5.657583],[-0.197,5.657083],[-0.196833,5.657],[-0.196667,5.657167]],[[-0.19775,5.65675],[-0.197583,5.656667],[-0.197583,5.656917],[-0.19775,5.65675]]]}},{"type":"Feature","properties":{"class":"tree_cover","ha":0.8},"geometry":{"type":"Polygon","coordinates":[[[-0.194583,5.659583],[-0.194667,5.659333],[-0.194833,5.65925],[-0.195,5.659417],[-0.195083,5.659833],[-0.194917,5.66],[-0.194667,5.66],[-0.194583,5.659917],[-0.194583,5.66],[-0.193833,5.660083],[-0.193833,5.659833],[-0.193917,5.659833],[-0.193917,5.659667],[-0.194083,5.6595],[-0.1945,5.6595],[-0.194583,5.659583]]]}},{"type":"Feature","properties":{"class":"tree_cover","ha":0.27},"geometry":{"type":"Polygon","coordinates":[[[-0.191,5.659417],[-0.19125,5.6595],[-0.191333,5.660083],[-0.191083,5.660083],[-0.191,5.659833],[-0.190833,5.65975],[-0.190833,5.6595],[-0.191,5.6595],[-0.191,5.659417]]]}},{"type":"Feature","properties":{"class":"tree_cover","ha":0.86},"geometry":{"type":"Polygon","coordinates":[[[-0.195667,5.66425],[-0.195667,5.664167],[-0.195917,5.664167],[-0.195917,5.664083],[-0.196417,5.664],[-0.196417,5.663917],[-0.196833,5.663917],[-0.196833,5.663833],[-0.197083,5.663917],[-0.197,5.664167],[-0.196833,5.664167],[-0.196833,5.66425],[-0.195917,5.664636],[-0.195667,5.664583],[-0.195667,5.664667],[-0.195417,5.664667],[-0.195333,5.664583],[-0.195417,5.664333],[-0.195667,5.66425]]]}},{"type":"Feature","properties":{"class":"tree_cover","ha":0.31},"geometry":{"type":"Polygon","coordinates":[[[-0.184917,5.62825],[-0.185167,5.62825],[-0.185167,5.62875],[-0.184917,5.628917],[-0.184917,5.628833],[-0.184667,5.62875],[-0.184667,5.628583],[-0.184583,5.628583],[-0.184917,5.62825]]]}},{"type":"Feature","properties":{"class":"tree_cover","ha":0.91},"geometry":{"type":"Polygon","coordinates":[[[-0.188167,5.629417],[-0.188167,5.629],[-0.188083,5.628917],[-0.18775,5.628917],[-0.18775,5.629],[-0.1875,5.628917],[-0.1875,5.628667],[-0.187667,5.6285],[-0.187833,5.6285],[-0.187833,5.628417],[-0.188083,5.628417],[-0.188167,5.6285],[-0.188167,5.62875],[-0.18825,5.628833],[-0.188583,5.628833],[-0.188583,5.629167],[-0.188667,5.629167],[-0.188583,5.629417],[-0.18825,5.629667],[-0.18825,5.629833],[-0.187917,5.629917],[-0.187833,5.629667],[-0.188167,5.629417]]]}},{"type":"Feature","properties":{"class":"tree_cover","ha":0.81},"geometry":{"type":"Polygon","coordinates":[[[-0.184917,5.630167],[-0.185083,5.63],[-0.185333,5.63],[-0.185333,5.629917],[-0.185583,5.629917],[-0.185583,5.630083],[-0.185667,5.630083],[-0.185583,5.630333],[-0.185333,5.630333],[-0.18525,5.630417],[-0.185167,5.630833],[-0.184667,5.630833],[-0.184583,5.63075],[-0.184583,5.630583],[-0.184417,5.6305],[-0.184417,5.63025],[-0.184583,5.63025],[-0.184583,5.630167],[-0.184917,5.630167]]]}},{"type":"Feature","properties":{"class":"tree_cover","ha":0.98},"geometry":{"type":"Polygon","coordinates":[[[-0.188,5.63075],[-0.188,5.630417],[-0.18825,5.63025],[-0.18825,5.630083],[-0.188667,5.630083],[-0.18875,5.630333],[-0.188583,5.630333],[-0.188333,5.630667],[-0.188833,5.630833],[-0.188833,5.630917],[-0.189333,5.630833],[-0.189417,5.631],[-0.189167,5.631083],[-0.189083,5.63125],[-0.188417,5.63125],[-0.188333,5.631083],[-0.188167,5.631083],[-0.188167,5.631],[-0.187917,5.630917],[-0.187917,5.63075],[-0.188,5.63075]]]}},{"type":"Feature","properties":{"class":"tree_cover","ha":1.19},"geometry":{"type":"Polygon","coordinates":[[[-0.187917,5.63325],[-0.18825,5.63325],[-0.188333,5.633083],[-0.18875,5.633083],[-0.188917,5.63275],[-0.189083,5.632833],[-0.189083,5.633083],[-0.188833,5.63325],[-0.188833,5.633583],[-0.18875,5.633583],[-0.188833,5.633833],[-0.189,5.633833],[-0.189167,5.634],[-0.189083,5.634167],[-0.1885,5.634167],[-0.188417,5.63425],[-0.188417,5.634167],[-0.188167,5.634083],[-0.188167,5.633833],[-0.188,5.633667],[-0.187917,5.63325]]]}},{"type":"Feature","properties":{"class":"tree_cover","ha":0.95},"geometry":{"type":"Polygon","coordinates":[[[-0.187083,5.63475],[-0.187083,5.6345],[-0.186917,5.634417],[-0.186917,5.634167],[-0.186833,5.634167],[-0.186917,5.634],[-0.187333,5.634],[-0.187333,5.634417],[-0.187417,5.6345],[-0.187667,5.6345],[-0.18775,5.634333],[-0.188083,5.634333],[-0.188167,5.634417],[-0.188,5.634667],[-0.187833,5.634667],[-0.187833,5.63475],[-0.187583,5.634667],[-0.187583,5.634833],[-0.187417,5.635],[-0.187083,5.635083],[-0.186917,5.635333],[-0.18675,5.635333],[-0.186667,5.635],[-0.187083,5.63475]]]}},{"type":"Feature","properties":{"class":"tree_cover","ha":0.5},"geometry":{"type":"Polygon","coordinates":[[[-0.184667,5.635917],[-0.185,5.635917],[-0.185,5.635833],[-0.1855,5.63575],[-0.185417,5.636167],[-0.185,5.63625],[-0.185,5.636333],[-0.18475,5.636333],[-0.1845,5.636583],[-0.184417,5.636333],[-0.184583,5.63625],[-0.184583,5.636],[-0.184667,5.635917]]]}},{"type":"Feature","properties":{"class":"tree_cover","ha":0.38},"geometry":{"type":"Polygon","coordinates":[[[-0.188833,5.637],[-0.188917,5.637083],[-0.188833,5.637333],[-0.189083,5.637417],[-0.18875,5.637833],[-0.188583,5.637833],[-0.188417,5.637667],[-0.188417,5.6375],[-0.188583,5.637333],[-0.188583,5.637083],[-0.188833,5.637]]]}},{"type":"Feature","properties":{"class":"tree_cover","ha":2.96},"geometry":{"type":"Polygon","coordinates":[[[-0.1905,5.639667],[-0.1905,5.639333],[-0.19025,5.63925],[-0.190083,5.6395],[-0.189917,5.6395],[-0.189667,5.63975],[-0.188917,5.639917],[-0.188833,5.639833],[-0.188833,5.639583],[-0.188917,5.639583],[-0.188833,5.639417],[-0.188583,5.6395],[-0.188583,5.639417],[-0.188333,5.639417],[-0.188167,5.63925],[-0.188167,5.638917],[-0.1885,5.638667],[-0.1885,5.638417],[-0.188417,5.638333],[-0.188583,5.638167],[-0.188833,5.638167],[-0.188917,5.63825],[-0.188917,5.638417],[-0.188833,5.638417],[-0.188917,5.6385],[-0.188917,5.63875],[-0.188667,5.63875],[-0.188667,5.638917],[-0.189,5.638917],[-0.189,5.63925],[-0.189167,5.63925],[-0.189333,5.639417],[-0.18975,5.639417],[-0.189833,5.638833],[-0.19,5.63875],[-0.19,5.6385],[-0.190167,5.6385],[-0.190167,5.63875],[-0.190333,5.63875],[-0.190417,5.638917],[-0.190667,5.638917],[-0.190667,5.638667],[-0.190833,5.638667],[-0.190833,5.639083],[-0.191167,5.639083],[-0.19125,5.639167],[-0.19125,5.639417],[-0.191083,5.639417],[-0.191167,5.639917],[-0.191,5.640083],[-0.19075,5.640083],[-0.190667,5.639917],[-0.190583,5.639917],[-0.190583,5.640083],[-0.190333,5.640083],[-0.190333,5.63975],[-0.1905,5.639667]]]}},{"type":"Feature","properties":{"class":"tree_cover","ha":0.25},"geometry":{"type":"Polygon","coordinates":[[[-0.189167,5.640917],[-0.18925,5.641],[-0.189417,5.640917],[-0.189417,5.641083],[-0.1895,5.641083],[-0.1895,5.641333],[-0.189417,5.641417],[-0.189167,5.641333],[-0.189167,5.641],[-0.189,5.640917],[-0.189,5.640583],[-0.18925,5.640583],[-0.189167,5.640917]]]}},{"type":"Feature","properties":{"class":"tree_cover","ha":0.28},"geometry":{"type":"Polygon","coordinates":[[[-0.185167,5.641583],[-0.185417,5.641667],[-0.185417,5.642],[-0.185333,5.642083],[-0.185083,5.642083],[-0.185,5.64225],[-0.184833,5.64225],[-0.18475,5.642083],[-0.185,5.641917],[-0.185167,5.641583]]]}},{"type":"Feature","properties":{"class":"tree_cover","ha":0.38},"geometry":{"type":"Polygon","coordinates":[[[-0.186333,5.643167],[-0.186333,5.642833],[-0.1865,5.642833],[-0.186583,5.643083],[-0.18675,5.643167],[-0.18675,5.64325],[-0.1865,5.64325],[-0.186417,5.643333],[-0.186417,5.643667],[-0.186583,5.643833],[-0.1865,5.644],[-0.186333,5.644],[-0.18625,5.64375],[-0.186083,5.64375],[-0.186083,5.643583],[-0.18625,5.6435],[-0.18625,5.643167],[-0.186333,5.643167]]]}},{"type":"Feature","properties":{"class":"tree_cover","ha":1.98},"geometry":{"type":"Polygon","coordinates":[[[-0.188833,5.6465],[-0.188917,5.6465],[-0.188917,5.645833],[-0.189,5.645833],[-0.189,5.645583],[-0.188833,5.645417],[-0.188833,5.644917],[-0.189,5.644833],[-0.189,5.644583],[-0.189083,5.644583],[-0.189083,5.644083],[-0.189333,5.643833],[-0.189583,5.64375],[-0.18975,5.644],[-0.1895,5.644083],[-0.1895,5.644417],[-0.189583,5.6445],[-0.189417,5.644667],[-0.189417,5.64525],[-0.189583,5.645333],[-0.1895,5.645583],[-0.189417,5.645583],[-0.189417,5.64625],[-0.189333,5.64625],[-0.189417,5.647],[-0.189167,5.647167],[-0.188917,5.646917],[-0.188917,5.64675],[-0.188833,5.64675],[-0.188833,5.6465]]]}},{"type":"Feature","properties":{"class":"tree_cover","ha":0.75},"geometry":{"type":"Polygon","coordinates":[[[-0.189,5.648083],[-0.189417,5.648083],[-0.189417,5.64825],[-0.189333,5.64825],[-0.189333,5.649083],[-0.18925,5.649083],[-0.18925,5.64925],[-0.189083,5.649417],[-0.188833,5.649333],[-0.188833,5.649083],[-0.188917,5.649083],[-0.188833,5.649],[-0.188833,5.64825],[-0.189,5.648083]]]}},{"type":"Feature","properties":{"class":"tree_cover","ha":0.4},"geometry":{"type":"Polygon","coordinates":[[[-0.184833,5.648667],[-0.18475,5.648583],[-0.184833,5.648167],[-0.185,5.648167],[-0.185083,5.64825],[-0.185083,5.648417],[-0.185,5.648417],[-0.185,5.648583],[-0.185083,5.648583],[-0.185083,5.649333],[-0.185,5.649417],[-0.18475,5.64925],[-0.18475,5.649],[-0.184833,5.649],[-0.184833,5.64875],[-0.18475,5.648667],[-0.184833,5.648667]]]}},{"type":"Feature","properties":{"class":"tree_cover","ha":0.49},"geometry":{"type":"Polygon","coordinates":[[[-0.187667,5.654667],[-0.187917,5.654583],[-0.188,5.654667],[-0.187917,5.655417],[-0.187667,5.6555],[-0.187667,5.655583],[-0.1875,5.655583],[-0.1875,5.6555],[-0.18725,5.655417],[-0.18725,5.655083],[-0.187667,5.655167],[-0.187667,5.654667]]]}},{"type":"Feature","properties":{"class":"tree_cover","ha":0.32},"geometry":{"type":"Polygon","coordinates":[[[-0.188833,5.655083],[-0.189,5.655083],[-0.189083,5.65525],[-0.18925,5.65525],[-0.18925,5.655167],[-0.189667,5.655167],[-0.18975,5.65525],[-0.189667,5.655417],[-0.189417,5.655417],[-0.189417,5.6555],[-0.189167,5.6555],[-0.189167,5.655417],[-0.188833,5.6555],[-0.18875,5.655417],[-0.188833,5.655333],[-0.188833,5.655083]]]}},{"type":"Feature","properties":{"class":"tree_cover","ha":85.27},"geometry":{"type":"Polygon","coordinates":[[[-0.18925,5.667],[-0.189333,5.666917],[-0.189333,5.666667],[-0.18925,5.666583],[-0.188917,5.666583],[-0.188833,5.66675],[-0.188333,5.666667],[-0.188083,5.667],[-0.187583,5.667],[-0.1875,5.666833],[-0.187833,5.666833],[-0.187917,5.666583],[-0.18775,5.666417],[-0.1875,5.666417],[-0.18725,5.666167],[-0.18725,5.66575],[-0.187083,5.66575],[-0.187,5.665833],[-0.187,5.666083],[-0.187167,5.666167],[-0.187167,5.666417],[-0.187083,5.6665],[-0.187,5.666417],[-0.18625,5.666333],[-0.186167,5.666167],[-0.185917,5.666167],[-0.185917,5.66625],[-0.185667,5.66625],[-0.1855,5.666417],[-0.185561,5.66725],[-0.184667,5.667167],[-0.184583,5.667],[-0.185167,5.6665],[-0.185167,5.666167],[-0.1855,5.666],[-0.185583,5.66575],[-0.185833,5.66575],[-0.186,5.666083],[-0.186167,5.666083],[-0.186333,5.665917],[-0.186333,5.665667],[-0.18625,5.665667],[-0.186167,5.66525],[-0.186083,5.66525],[-0.186083,5.665],[-0.185833,5.664917],[-0.185833,5.664833],[-0.1855,5.664833],[-0.18525,5.664583],[-0.185167,5.664833],[-0.185083,5.664833],[-0.185083,5.665],[-0.184833,5.665083],[-0.184667,5.664917],[-0.18475,5.664667],[-0.184833,5.664667],[-0.184833,5.663833],[-0.184667,5.663667],[-0.1845,5.663667],[-0.1845,5.663583],[-0.184333,5.66375],[-0.183833,5.66375],[-0.183833,5.663667],[-0.183583,5.663583],[-0.1835,5.663333],[-0.183167,5.663333],[-0.183083,5.663417],[-0.183167,5.663583],[-0.182917,5.663667],[-0.183,5.6645],[-0.182917,5.6645],[-0.182917,5.664833],[-0.18275,5.664833],[-0.18275,5.664333],[-0.1825,5.664083],[-0.182583,5.663833],[-0.182667,5.663833],[-0.182583,5.66375],[-0.182583,5.66225],[-0.182667,5.66225],[-0.182667,5.662083],[-0.1825,5.662083],[-0.1825,5.66225],[-0.182333,5.662417],[-0.182083,5.662417],[-0.182,5.66225],[-0.18175,5.662167],[-0.181833,5.661583],[-0.181583,5.661333],[-0.181583,5.661083],[-0.182,5.660667],[-0.182,5.6605],[-0.18225,5.660333],[-0.18225,5.660167],[-0.1825,5.66025],[-0.1825,5.660583],[-0.18275,5.660333],[-0.18275,5.660167],[-0.182583,5.660083],[-0.182667,5.658167],[-0.1835,5.657917],[-0.183583,5.657667],[-0.18375,5.657583],[-0.183583,5.657417],[-0.183167,5.657417],[-0.183,5.657583],[-0.183,5.657917],[-0.18275,5.658],[-0.182667,5.65775],[-0.182583,5.65775],[-0.182583,5.6565],[-0.182667,5.656417],[-0.183,5.656417],[-0.183,5.6565],[-0.183417,5.656417],[-0.183583,5.656583],[-0.183583,5.65675],[-0.18375,5.65675],[-0.184083,5.657083],[-0.18425,5.656917],[-0.18425,5.65675],[-0.184083,5.656667],[-0.184,5.65625],[-0.183667,5.65625],[-0.183583,5.656083],[-0.183417,5.656167],[-0.183167,5.655917],[-0.183833,5.655917],[-0.184,5.656167],[-0.184833,5.656083],[-0.184917,5.656],[-0.184917,5.654667],[-0.185,5.654583],[-0.18525,5.654583],[-0.18525,5.654333],[-0.185083,5.654333],[-0.185,5.654083],[-0.184917,5.654083],[-0.184917,5.653833],[-0.184583,5.653667],[-0.18475,5.653417],[-0.185083,5.653417],[-0.18525,5.653583],[-0.18525,5.65375],[-0.1855,5.653917],[-0.1855,5.654083],[-0.185833,5.654083],[-0.186,5.653917],[-0.186083,5.654],[-0.186833,5.654],[-0.186833,5.654417],[-0.18675,5.6545],[-0.186417,5.6545],[-0.186417,5.654417],[-0.185833,5.6545],[-0.18575,5.65475],[-0.1855,5.654833],[-0.1855,5.655167],[-0.18575,5.655167],[-0.185833,5.655333],[-0.186167,5.655333],[-0.186417,5.655583],[-0.186417,5.65575],[-0.186667,5.655917],[-0.18675,5.656333],[-0.186917,5.6565],[-0.18725,5.656583],[-0.187333,5.65675],[-0.18775,5.65675],[-0.18775,5.656667],[-0.18825,5.656583],[-0.188417,5.656833],[-0.188833,5.656833],[-0.18925,5.656417],[-0.189417,5.656583],[-0.189583,5.656583],[-0.18975,5.656333],[-0.189917,5.656417],[-0.19,5.656667],[-0.19025,5.656667],[-0.19025,5.65675],[-0.190917,5.65675],[-0.190917,5.656667],[-0.191083,5.65675],[-0.191167,5.656583],[-0.191333,5.656583],[-0.191333,5.65675],[-0.191167,5.656833],[-0.191083,5.657333],[-0.190917,5.6575],[-0.1905,5.6575],[-0.1905,5.657583],[-0.19025,5.657583],[-0.190083,5.657417],[-0.190083,5.657083],[-0.189833,5.656833],[-0.189667,5.656833],[-0.189667,5.65675],[-0.189333,5.656833],[-0.188667,5.6575],[-0.188667,5.657667],[-0.188833,5.657667],[-0.188917,5.657833],[-0.1885,5.658],[-0.1885,5.658583],[-0.188583,5.658583],[-0.188583,5.65875],[-0.18875,5.658833],[-0.188833,5.659083],[-0.189,5.659083],[-0.189167,5.658917],[-0.189417,5.659],[-0.189417,5.658917],[-0.189667,5.658917],[-0.189667,5.658833],[-0.19,5.659083],[-0.189917,5.659833],[-0.19,5.659833],[-0.190083,5.660333],[-0.189833,5.660583],[-0.189667,5.660417],[-0.1895,5.660417],[-0.189417,5.660833],[-0.1895,5.660833],[-0.1895,5.661],[-0.18975,5.661],[-0.189833,5.660833],[-0.190083,5.660833],[-0.19,5.661],[-0.18975,5.661083],[-0.18975,5.66125],[-0.19,5.661417],[-0.19,5.662],[-0.190167,5.662083],[-0.190167,5.662417],[-0.19025,5.662417],[-0.190167,5.662917],[-0.190417,5.663083],[-0.190417,5.66325],[-0.19025,5.663333],[-0.190167,5.663917],[-0.189833,5.66425],[-0.189833,5.664417],[-0.189667,5.6645],[-0.189667,5.664667],[-0.1895,5.664833],[-0.1895,5.665083],[-0.189583,5.665167],[-0.189833,5.665167],[-0.189833,5.66525],[-0.190167,5.66525],[-0.19025,5.665],[-0.190417,5.665],[-0.1905,5.665083],[-0.1905,5.665333],[-0.190917,5.665583],[-0.191,5.665833],[-0.191417,5.665833],[-0.191583,5.665583],[-0.191917,5.665667],[-0.192083,5.6655],[-0.192833,5.6655],[-0.192917,5.665333],[-0.19325,5.665333],[-0.193333,5.665583],[-0.19325,5.665583],[-0.19325,5.665764],[-0.19256,5.666083],[-0.192167,5.666083],[-0.192167,5.666167],[-0.191833,5.66625],[-0.191667,5.666417],[-0.191417,5.666417],[-0.191417,5.6665],[-0.191167,5.6665],[-0.191167,5.666583],[-0.190833,5.666583],[-0.190333,5.667083],[-0.190167,5.667083],[-0.19,5.66725],[-0.188667,5.66725],[-0.188583,5.667167],[-0.188583,5.666917],[-0.18875,5.666833],[-0.188833,5.667],[-0.18925,5.667]],[[-0.186583,5.665333],[-0.18675,5.665333],[-0.18675,5.665167],[-0.186583,5.665167],[-0.186583,5.665333]],[[-0.188833,5.664167],[-0.188417,5.664083],[-0.188417,5.664667],[-0.188583,5.664833],[-0.18875,5.664833],[-0.188833,5.664583],[-0.189083,5.664417],[-0.188833,5.664167]],[[-0.184,5.662917],[-0.184167,5.662833],[-0.184167,5.662583],[-0.184083,5.6625],[-0.184,5.6625],[-0.184,5.66275],[-0.183917,5.66275],[-0.184,5.662917]],[[-0.183083,5.661583],[-0.182917,5.661583],[-0.182917,5.66175],[-0.183,5.66175],[-0.183,5.66225],[-0.183167,5.662417],[-0.183667,5.6625],[-0.18375,5.66225],[-0.183583,5.662167],[-0.183583,5.66175],[-0.1835,5.661667],[-0.183083,5.661667],[-0.183083,5.661583]],[[-0.1825,5.66175],[-0.182667,5.66175],[-0.182667,5.661583],[-0.1825,5.661583],[-0.1825,5.66175]],[[-0.182833,5.661333],[-0.182917,5.661417],[-0.183167,5.661333],[-0.183167,5.660917],[-0.183083,5.660833],[-0.182833,5.661083],[-0.182833,5.661333]],[[-0.187,5.660917],[-0.187167,5.660917],[-0.187167,5.660833],[-0.187,5.660833],[-0.187,5.660917]],[[-0.1825,5.660917],[-0.182667,5.660917],[-0.182667,5.66075],[-0.1825,5.660667],[-0.1825,5.660917]],[[-0.1885,5.660833],[-0.188583,5.660833],[-0.188583,5.660667],[-0.1885,5.660667],[-0.1885,5.660833]],[[-0.186917,5.659333],[-0.186667,5.659417],[-0.186583,5.660083],[-0.18675,5.66025],[-0.186917,5.66025],[-0.186917,5.660417],[-0.187167,5.660417],[-0.187417,5.659667],[-0.187083,5.659667],[-0.186917,5.659333]],[[-0.188417,5.659167],[-0.188333,5.659167],[-0.188333,5.658917],[-0.188083,5.658917],[-0.188,5.659333],[-0.187917,5.659333],[-0.187917,5.6595],[-0.188083,5.659583],[-0.188083,5.65975],[-0.188,5.65975],[-0.188083,5.66],[-0.188417,5.66],[-0.188417,5.659917],[-0.18875,5.659917],[-0.188833,5.66],[-0.188833,5.659917],[-0.189,5.659917],[-0.189,5.659667],[-0.18875,5.659667],[-0.1885,5.659417],[-0.188417,5.659167]],[[-0.187333,5.658083],[-0.187167,5.658],[-0.187167,5.657417],[-0.186917,5.657417],[-0.187,5.6575],[-0.187,5.65825],[-0.186833,5.658333],[-0.186833,5.658583],[-0.187,5.658667],[-0.186917,5.658917],[-0.18675,5.658917],[-0.18675,5.658833],[-0.18625,5.658917],[-0.186167,5.65875],[-0.186,5.65875],[-0.185917,5.658917],[-0.186083,5.659083],[-0.186583,5.659167],[-0.186583,5.659083],[-0.187,5.659083],[-0.187167,5.658917],[-0.187167,5.65875],[-0.187333,5.658667],[-0.187333,5.658083]],[[-0.18525,5.657917],[-0.185167,5.657917],[-0.185083,5.658167],[-0.18525,5.658083],[-0.18525,5.657917]],[[-0.18425,5.657667],[-0.184333,5.6575],[-0.184167,5.657417],[-0.184083,5.6575],[-0.18425,5.657667]],[[-0.18575,5.657],[-0.185917,5.657],[-0.185917,5.656833],[-0.18525,5.656917],[-0.18525,5.657],[-0.185083,5.657],[-0.185,5.657167],[-0.184833,5.657167],[-0.184667,5.657333],[-0.184667,5.657583],[-0.185,5.6575],[-0.185,5.657333],[-0.185167,5.657167],[-0.185333,5.657167],[-0.185333,5.657083],[-0.18575,5.657083],[-0.18575,5.657]],[[-0.183083,5.657083],[-0.183417,5.657083],[-0.183333,5.656917],[-0.183083,5.656917],[-0.183083,5.657083]],[[-0.1855,5.65425],[-0.18525,5.654167],[-0.185417,5.654417],[-0.1855,5.654417],[-0.1855,5.65425]]]}},{"type":"Feature","properties":{"class":"tree_cover","ha":0.36},"geometry":{"type":"Polygon","coordinates":[[[-0.183417,5.628917],[-0.183583,5.628917],[-0.183833,5.629167],[-0.183833,5.629333],[-0.183583,5.629417],[-0.1835,5.629583],[-0.18325,5.629583],[-0.183167,5.629333],[-0.18325,5.629333],[-0.18325,5.629083],[-0.183417,5.628917]]]}},{"type":"Feature","properties":{"class":"tree_cover","ha":1.57},"geometry":{"type":"Polygon","coordinates":[[[-0.180917,5.63275],[-0.180833,5.63275],[-0.180917,5.6325],[-0.180833,5.6325],[-0.18075,5.632],[-0.180917,5.631917],[-0.181,5.631667],[-0.1815,5.631667],[-0.181583,5.631583],[-0.18175,5.63175],[-0.18175,5.632083],[-0.181667,5.632083],[-0.18175,5.6325],[-0.181333,5.63275],[-0.181333,5.632917],[-0.181417,5.632917],[-0.181417,5.633417],[-0.181333,5.6335],[-0.181083,5.6335],[-0.180833,5.63325],[-0.180833,5.632917],[-0.180917,5.632917],[-0.180917,5.63275]]]}},{"type":"Feature","properties":{"class":"tree_cover","ha":0.4},"geometry":{"type":"Polygon","coordinates":[[[-0.18425,5.633083],[-0.18425,5.63325],[-0.1845,5.633333],[-0.1845,5.633583],[-0.184417,5.633667],[-0.184,5.633667],[-0.183917,5.633833],[-0.18375,5.633833],[-0.18375,5.633583],[-0.183583,5.6335],[-0.183583,5.633333],[-0.183667,5.633417],[-0.183917,5.633417],[-0.18425,5.633083]]]}},{"type":"Feature","properties":{"class":"tree_cover","ha":0.63},"geometry":{"type":"Polygon","coordinates":[[[-0.1825,5.6335],[-0.1825,5.633417],[-0.18275,5.633333],[-0.18275,5.633583],[-0.182917,5.633667],[-0.182917,5.633833],[-0.182583,5.634167],[-0.182417,5.634167],[-0.182417,5.63425],[-0.18225,5.63425],[-0.182083,5.634083],[-0.182083,5.633667],[-0.18225,5.6335],[-0.1825,5.6335]]]}},{"type":"Feature","properties":{"class":"tree_cover","ha":0.3},"geometry":{"type":"Polygon","coordinates":[[[-0.183417,5.636583],[-0.183583,5.636583],[-0.183667,5.63675],[-0.184,5.63675],[-0.183917,5.636917],[-0.183667,5.637],[-0.183667,5.63725],[-0.183417,5.63725],[-0.183333,5.637167],[-0.183417,5.637083],[-0.183333,5.636667],[-0.183417,5.636583]]]}},{"type":"Feature","properties":{"class":"tree_cover","ha":0.29},"geometry":{"type":"Polygon","coordinates":[[[-0.18275,5.638],[-0.182917,5.638],[-0.183,5.637833],[-0.18325,5.637833],[-0.18325,5.63775],[-0.1835,5.637833],[-0.183417,5.638083],[-0.183,5.638083],[-0.182833,5.638417],[-0.182583,5.63825],[-0.18275,5.638]]]}},{"type":"Feature","properties":{"class":"tree_cover","ha":0.54},"geometry":{"type":"Polygon","coordinates":[[[-0.183083,5.640667],[-0.183583,5.64075],[-0.183583,5.641083],[-0.183667,5.641167],[-0.183583,5.641167],[-0.183583,5.641333],[-0.183417,5.6415],[-0.183167,5.6415],[-0.183,5.641333],[-0.183,5.641167],[-0.182917,5.641167],[-0.183083,5.640667]]]}},{"type":"Feature","properties":{"class":"tree_cover","ha":0.39},"geometry":{"type":"Polygon","coordinates":[[[-0.184167,5.641167],[-0.1845,5.641167],[-0.1845,5.641333],[-0.184583,5.641333],[-0.184583,5.641833],[-0.184167,5.641833],[-0.184083,5.64175],[-0.184083,5.6415],[-0.184,5.641417],[-0.184167,5.641167]]]}},{"type":"Feature","properties":{"class":"tree_cover","ha":8.63},"geometry":{"type":"Polygon","coordinates":[[[-0.184167,5.645917],[-0.184167,5.64575],[-0.184,5.645667],[-0.183917,5.645417],[-0.183667,5.645583],[-0.183667,5.645833],[-0.183583,5.645917],[-0.183417,5.645833],[-0.183583,5.645667],[-0.183583,5.645417],[-0.18375,5.645333],[-0.18375,5.645083],[-0.183833,5.645083],[-0.18375,5.644667],[-0.183917,5.644583],[-0.183917,5.64425],[-0.184083,5.644083],[-0.184333,5.644083],[-0.184333,5.644167],[-0.184833,5.64425],[-0.184833,5.644333],[-0.185333,5.644333],[-0.185417,5.644583],[-0.185083,5.64475],[-0.185083,5.645667],[-0.185,5.645667],[-0.185,5.645917],[-0.185167,5.646],[-0.185083,5.6465],[-0.185333,5.646583],[-0.185417,5.64675],[-0.185333,5.64675],[-0.18525,5.647],[-0.185083,5.647],[-0.184917,5.647167],[-0.185,5.647583],[-0.184917,5.647667],[-0.184583,5.647667],[-0.1845,5.647917],[-0.184333,5.647917],[-0.18425,5.647667],[-0.184083,5.647667],[-0.183917,5.6475],[-0.183917,5.647333],[-0.184083,5.64725],[-0.183917,5.64675],[-0.183667,5.646667],[-0.183583,5.646917],[-0.18375,5.647083],[-0.1835,5.647333],[-0.1835,5.647667],[-0.183417,5.64775],[-0.183167,5.64775],[-0.18275,5.648333],[-0.182583,5.648333],[-0.182583,5.648167],[-0.182333,5.648],[-0.182333,5.647667],[-0.182,5.647583],[-0.182083,5.64675],[-0.18225,5.646667],[-0.18225,5.646417],[-0.182333,5.646417],[-0.182333,5.646],[-0.1825,5.645917],[-0.1825,5.645417],[-0.18225,5.645333],[-0.18225,5.645167],[-0.182417,5.645167],[-0.182583,5.645333],[-0.182583,5.6455],[-0.18275,5.645583],[-0.182833,5.645833],[-0.183167,5.64575],[-0.183333,5.645917],[-0.183333,5.646083],[-0.18325,5.646083],[-0.183333,5.646167],[-0.18325,5.64625],[-0.183333,5.646417],[-0.183833,5.646333],[-0.183917,5.646083],[-0.184167,5.645917]],[[-0.183167,5.646417],[-0.18325,5.646417],[-0.18325,5.646333],[-0.183167,5.646417]],[[-0.184583,5.6475],[-0.18475,5.647417],[-0.18475,5.646917],[-0.184667,5.646917],[-0.184667,5.64675],[-0.1845,5.646833],[-0.1845,5.647417],[-0.184583,5.6475]],[[-0.182417,5.647],[-0.182417,5.647167],[-0.182583,5.647167],[-0.182667,5.647],[-0.182417,5.647]],[[-0.182583,5.646167],[-0.182583,5.646333],[-0.18275,5.646333],[-0.18275,5.646167],[-0.182583,5.646167]],[[-0.184333,5.645333],[-0.184417,5.6455],[-0.18475,5.6455],[-0.184833,5.645417],[-0.18475,5.645167],[-0.1845,5.645167],[-0.184333,5.645333]]]}},{"type":"Feature","properties":{"class":"tree_cover","ha":0.32},"geometry":{"type":"Polygon","coordinates":[[[-0.182833,5.649167],[-0.182833,5.64925],[-0.183083,5.649333],[-0.183083,5.649667],[-0.183,5.64975],[-0.182583,5.64975],[-0.1825,5.649667],[-0.1825,5.649417],[-0.182833,5.649167]]]}},{"type":"Feature","properties":{"class":"tree_cover","ha":0.25},"geometry":{"type":"Polygon","coordinates":[[[-0.18225,5.651417],[-0.182583,5.651417],[-0.182667,5.651667],[-0.18275,5.651667],[-0.182667,5.651917],[-0.1825,5.651917],[-0.1825,5.651833],[-0.182333,5.651833],[-0.182167,5.651667],[-0.182167,5.6515],[-0.18225,5.651417]]]}},{"type":"Feature","properties":{"class":"tree_cover","ha":0.47},"geometry":{"type":"Polygon","coordinates":[[[-0.1835,5.653333],[-0.1835,5.6535],[-0.183333,5.653667],[-0.182917,5.653667],[-0.18275,5.6535],[-0.182583,5.6535],[-0.182583,5.65325],[-0.182667,5.653167],[-0.183333,5.653167],[-0.1835,5.653333]]]}},{"type":"Feature","properties":{"class":"tree_cover","ha":1.28},"geometry":{"type":"Polygon","coordinates":[[[-0.18125,5.65425],[-0.181167,5.654333],[-0.180917,5.65425],[-0.180917,5.654167],[-0.181167,5.654167],[-0.18125,5.653917],[-0.18075,5.653417],[-0.18075,5.65325],[-0.180917,5.653083],[-0.181333,5.653083],[-0.181417,5.653],[-0.1815,5.65325],[-0.181583,5.65325],[-0.181583,5.653833],[-0.18175,5.653917],[-0.18175,5.65425],[-0.181833,5.65425],[-0.18175,5.654833],[-0.181583,5.655],[-0.181417,5.654917],[-0.1815,5.654667],[-0.181333,5.654583],[-0.181333,5.654333],[-0.18125,5.65425]]]}},{"type":"Feature","properties":{"class":"tree_cover","ha":0.44},"geometry":{"type":"Polygon","coordinates":[[[-0.1825,5.659667],[-0.182333,5.659667],[-0.182333,5.65975],[-0.182,5.659667],[-0.181833,5.659833],[-0.181583,5.659833],[-0.181583,5.6595],[-0.18175,5.659333],[-0.182417,5.659333],[-0.1825,5.659417],[-0.1825,5.659667]]]}},{"type":"Feature","properties":{"class":"tree_cover","ha":1.65},"geometry":{"type":"Polygon","coordinates":[[[-0.18025,5.6625],[-0.18,5.66225],[-0.18,5.662],[-0.180167,5.661833],[-0.180333,5.661833],[-0.1805,5.661583],[-0.18075,5.661583],[-0.18075,5.661833],[-0.18125,5.662333],[-0.181167,5.662333],[-0.181167,5.6625],[-0.181,5.662667],[-0.180917,5.662583],[-0.180667,5.662667],[-0.180583,5.66325],[-0.180417,5.663333],[-0.180417,5.664],[-0.180083,5.664],[-0.180083,5.664083],[-0.179833,5.664083],[-0.17975,5.664],[-0.17975,5.66375],[-0.18,5.66375],[-0.18,5.663833],[-0.18025,5.66375],[-0.18025,5.6625]]]}},{"type":"Feature","properties":{"class":"tree_cover","ha":0.28},"geometry":{"type":"Polygon","coordinates":[[[-0.182667,5.665167],[-0.182833,5.665167],[-0.182917,5.66525],[-0.182833,5.66625],[-0.182667,5.66625],[-0.182667,5.665167]]]}},{"type":"Feature","properties":{"class":"tree_cover","ha":0.41},"geometry":{"type":"Polygon","coordinates":[[[-0.18075,5.629863],[-0.18075,5.63],[-0.180833,5.63],[-0.18075,5.630583],[-0.180667,5.630667],[-0.180583,5.630667],[-0.180583,5.630417],[-0.1805,5.630333],[-0.180083,5.630333],[-0.180083,5.630417],[-0.179833,5.630417],[-0.179833,5.6305],[-0.179667,5.6305],[-0.179667,5.630417],[-0.18075,5.629863]]]}},{"type":"Feature","properties":{"class":"tree_cover","ha":16.22},"geometry":{"type":"Polygon","coordinates":[[[-0.177917,5.636917],[-0.177917,5.636667],[-0.177689,5.636583],[-0.177481,5.634917],[-0.177667,5.63475],[-0.177667,5.634583],[-0.177833,5.634583],[-0.178,5.634417],[-0.178,5.63425],[-0.178167,5.634083],[-0.178417,5.634083],[-0.178417,5.633917],[-0.178167,5.633833],[-0.178167,5.633667],[-0.17825,5.633667],[-0.17825,5.633417],[-0.178167,5.633333],[-0.17775,5.633417],[-0.177833,5.633667],[-0.1775,5.633917],[-0.177417,5.633833],[-0.1775,5.633583],[-0.177294,5.633417],[-0.177333,5.633083],[-0.177417,5.633],[-0.177667,5.633],[-0.177667,5.632917],[-0.177917,5.632917],[-0.177917,5.632833],[-0.178333,5.632917],[-0.178333,5.632833],[-0.178583,5.63275],[-0.178667,5.6325],[-0.179417,5.6325],[-0.1795,5.632417],[-0.179417,5.632167],[-0.17925,5.632167],[-0.179167,5.631917],[-0.178833,5.631917],[-0.17875,5.631833],[-0.178833,5.631583],[-0.178667,5.631417],[-0.178417,5.631417],[-0.178333,5.631667],[-0.178167,5.631667],[-0.178083,5.631509],[-0.178348,5.631382],[-0.178312,5.631107],[-0.179502,5.6305],[-0.179667,5.6305],[-0.179417,5.630833],[-0.17925,5.630833],[-0.179083,5.631083],[-0.178917,5.631083],[-0.178833,5.631333],[-0.179083,5.631417],[-0.17925,5.63125],[-0.179667,5.63125],[-0.17975,5.63175],[-0.179917,5.631833],[-0.18,5.632083],[-0.180167,5.632083],[-0.18025,5.631917],[-0.180667,5.632],[-0.180667,5.632333],[-0.1805,5.632333],[-0.18025,5.632667],[-0.18075,5.632833],[-0.18075,5.633167],[-0.1805,5.633333],[-0.1805,5.633833],[-0.18075,5.633833],[-0.180833,5.634083],[-0.181167,5.634333],[-0.181167,5.6345],[-0.181083,5.6345],[-0.181083,5.634667],[-0.181167,5.634667],[-0.181167,5.635583],[-0.180917,5.635583],[-0.180833,5.6355],[-0.180833,5.63525],[-0.180667,5.635083],[-0.180417,5.635167],[-0.1805,5.635417],[-0.180583,5.635417],[-0.1805,5.635583],[-0.18025,5.635583],[-0.18,5.635333],[-0.180167,5.635167],[-0.180167,5.634917],[-0.180083,5.634917],[-0.180167,5.634833],[-0.180167,5.6345],[-0.180083,5.6345],[-0.180083,5.633833],[-0.179833,5.63375],[-0.179667,5.633917],[-0.179667,5.634167],[-0.179833,5.634167],[-0.179833,5.634333],[-0.18,5.634417],[-0.18,5.63475],[-0.179667,5.635],[-0.17975,5.6355],[-0.179333,5.635833],[-0.179333,5.636],[-0.179583,5.636083],[-0.17975,5.635833],[-0.179917,5.635833],[-0.180083,5.636083],[-0.17975,5.636333],[-0.17975,5.636583],[-0.179333,5.636917],[-0.179333,5.637167],[-0.179583,5.637333],[-0.179583,5.637583],[-0.178417,5.637583],[-0.178333,5.637333],[-0.17825,5.637333],[-0.17825,5.636917],[-0.178083,5.636833],[-0.178,5.636917],[-0.178,5.637167],[-0.178083,5.637167],[-0.178083,5.637583],[-0.178167,5.637583],[-0.178167,5.637917],[-0.17825,5.637917],[-0.17825,5.638333],[-0.178,5.6385],[-0.17775,5.637],[-0.177917,5.636917]],[[-0.178833,5.636583],[-0.178583,5.6365],[-0.178583,5.636667],[-0.178667,5.63675],[-0.178833,5.636583]],[[-0.179,5.636083],[-0.179,5.636333],[-0.17925,5.636333],[-0.179167,5.636083],[-0.179,5.636083]],[[-0.178333,5.636167],[-0.17825,5.635917],[-0.178,5.636],[-0.178083,5.636167],[-0.178333,5.636167]],[[-0.178917,5.63575],[-0.178833,5.635583],[-0.178667,5.635583],[-0.178667,5.635833],[-0.178833,5.635833],[-0.178917,5.63575]],[[-0.179333,5.6355],[-0.17925,5.635333],[-0.179083,5.635417],[-0.179083,5.635583],[-0.179333,5.6355]],[[-0.178167,5.6355],[-0.178167,5.63525],[-0.177917,5.63525],[-0.177917,5.6355],[-0.178,5.635583],[-0.178167,5.6355]],[[-0.178667,5.634833],[-0.178667,5.635],[-0.178833,5.634917],[-0.178833,5.634833],[-0.178667,5.634833]],[[-0.180833,5.634917],[-0.180833,5.63475],[-0.180583,5.634583],[-0.180583,5.634833],[-0.180833,5.634917]],[[-0.179667,5.634417],[-0.179667,5.63425],[-0.179417,5.634333],[-0.179417,5.6345],[-0.179583,5.6345],[-0.179667,5.634417]],[[-0.17925,5.633833],[-0.179167,5.633667],[-0.179,5.633667],[-0.179083,5.633917],[-0.17925,5.633833]],[[-0.17975,5.63275],[-0.17975,5.632917],[-0.179917,5.633083],[-0.179833,5.633167],[-0.179833,5.6335],[-0.18,5.633583],[-0.18,5.633083],[-0.180167,5.633083],[-0.180167,5.632833],[-0.18,5.632667],[-0.179833,5.632667],[-0.17975,5.63275]],[[-0.178917,5.63275],[-0.178833,5.632833],[-0.178833,5.633083],[-0.17875,5.633083],[-0.17875,5.6335],[-0.178917,5.6335],[-0.17925,5.633083],[-0.178917,5.63275]]]}},{"type":"Feature","properties":{"class":"tree_cover","ha":0.98},"geometry":{"type":"Polygon","coordinates":[[[-0.179167,5.644917],[-0.179167,5.64475],[-0.179083,5.64475],[-0.179083,5.644333],[-0.179333,5.644333],[-0.179333,5.644417],[-0.179583,5.6445],[-0.179667,5.64425],[-0.179833,5.644167],[-0.18,5.644333],[-0.18,5.6445],[-0.179917,5.6445],[-0.179917,5.64475],[-0.179833,5.64475],[-0.179833,5.645083],[-0.17975,5.645083],[-0.17975,5.64525],[-0.179833,5.64525],[-0.17975,5.645833],[-0.1795,5.645833],[-0.1795,5.645583],[-0.179417,5.645583],[-0.1795,5.645167],[-0.179167,5.644917]]]}},{"type":"Feature","properties":{"class":"tree_cover","ha":6.36},"geometry":{"type":"Polygon","coordinates":[[[-0.178083,5.6465],[-0.177833,5.64625],[-0.177917,5.64625],[-0.177917,5.646083],[-0.178167,5.646167],[-0.178167,5.64575],[-0.178083,5.645667],[-0.17775,5.645667],[-0.17775,5.645583],[-0.1775,5.645583],[-0.177333,5.645417],[-0.17725,5.644917],[-0.17675,5.645],[-0.176833,5.644583],[-0.176417,5.644167],[-0.176417,5.643667],[-0.176333,5.643667],[-0.176333,5.6435],[-0.176167,5.643333],[-0.176167,5.64282],[-0.177,5.642885],[-0.177,5.643],[-0.176667,5.64325],[-0.17675,5.643417],[-0.177167,5.643417],[-0.177167,5.643167],[-0.177333,5.643],[-0.177667,5.643],[-0.177833,5.643167],[-0.178,5.643167],[-0.178083,5.643333],[-0.178333,5.643333],[-0.17825,5.64375],[-0.1785,5.644],[-0.178417,5.644667],[-0.1785,5.644667],[-0.1785,5.645167],[-0.178667,5.645333],[-0.178667,5.645833],[-0.17875,5.645833],[-0.17875,5.646417],[-0.178667,5.646417],[-0.178667,5.646917],[-0.17875,5.647],[-0.178667,5.647],[-0.178667,5.647333],[-0.1785,5.6475],[-0.17825,5.647333],[-0.17825,5.647167],[-0.178167,5.647167],[-0.178167,5.646667],[-0.178083,5.646667],[-0.178083,5.6465]],[[-0.178333,5.6455],[-0.178333,5.645583],[-0.1785,5.645583],[-0.1785,5.6455],[-0.178333,5.6455]],[[-0.178,5.643417],[-0.17775,5.643417],[-0.17775,5.643583],[-0.177583,5.643667],[-0.177583,5.643917],[-0.1775,5.644],[-0.17775,5.644083],[-0.177917,5.643833],[-0.178167,5.64375],[-0.178167,5.643583],[-0.178,5.643417]]]}},{"type":"Feature","properties":{"class":"tree_cover","ha":2.31},"geometry":{"type":"Polygon","coordinates":[[[-0.179917,5.647583],[-0.179833,5.647583],[-0.179833,5.646583],[-0.179917,5.646583],[-0.179917,5.64625],[-0.180167,5.646167],[-0.180167,5.646083],[-0.18075,5.646167],[-0.180833,5.646417],[-0.181083,5.646583],[-0.180917,5.64675],[-0.180917,5.647583],[-0.180667,5.647667],[-0.180417,5.647917],[-0.180417,5.648167],[-0.180333,5.64825],[-0.180083,5.64825],[-0.18,5.648167],[-0.18,5.648],[-0.179833,5.647917],[-0.179833,5.64775],[-0.179917,5.64775],[-0.179917,5.647583]]]}},{"type":"Feature","properties":{"class":"tree_cover","ha":12.0},"geometry":{"type":"Polygon","coordinates":[[[-0.175417,5.649167],[-0.175083,5.649333],[-0.175,5.64925],[-0.175,5.649083],[-0.175083,5.649083],[-0.175,5.648917],[-0.174417,5.648917],[-0.174417,5.6485],[-0.174667,5.6485],[-0.174833,5.648667],[-0.175,5.648667],[-0.175083,5.648583],[-0.175083,5.64825],[-0.175,5.648167],[-0.174417,5.64825],[-0.174333,5.6475],[-0.17425,5.6475],[-0.17425,5.64725],[-0.174083,5.647167],[-0.174,5.646583],[-0.174083,5.6465],[-0.174583,5.6465],[-0.174917,5.646167],[-0.175,5.64625],[-0.175,5.6465],[-0.175167,5.646667],[-0.175583,5.646667],[-0.175667,5.646583],[-0.175667,5.646333],[-0.17575,5.646333],[-0.17575,5.646083],[-0.175917,5.645917],[-0.176167,5.645917],[-0.17625,5.645833],[-0.17625,5.646],[-0.176417,5.646],[-0.176333,5.645833],[-0.176667,5.6455],[-0.176917,5.6455],[-0.177417,5.646],[-0.177333,5.6465],[-0.177583,5.646583],[-0.177583,5.64675],[-0.177833,5.646917],[-0.177833,5.64725],[-0.177917,5.64725],[-0.177917,5.647583],[-0.178,5.647583],[-0.178,5.648417],[-0.177917,5.6485],[-0.17775,5.648333],[-0.177083,5.648417],[-0.176917,5.648583],[-0.177,5.649083],[-0.17675,5.649333],[-0.1765,5.649333],[-0.1765,5.6495],[-0.17625,5.64975],[-0.176167,5.649667],[-0.175667,5.64975],[-0.175583,5.649333],[-0.175417,5.649167]],[[-0.1755,5.64775],[-0.175417,5.648167],[-0.17525,5.64825],[-0.17525,5.648583],[-0.175333,5.648667],[-0.175667,5.648667],[-0.17575,5.648583],[-0.175833,5.647583],[-0.175667,5.647583],[-0.1755,5.64775]]]}},{"type":"Feature","properties":{"class":"tree_cover","ha":0.38},"geometry":{"type":"Polygon","coordinates":[[[-0.180083,5.649083],[-0.180167,5.649],[-0.180167,5.64875],[-0.180333,5.648667],[-0.1805,5.648833],[-0.180583,5.649333],[-0.180833,5.6495],[-0.180833,5.649667],[-0.180667,5.649667],[-0.1805,5.649417],[-0.180167,5.649333],[-0.180167,5.649083],[-0.180083,5.649083]]]}},{"type":"Feature","properties":{"class":"tree_cover","ha":0.92},"geometry":{"type":"Polygon","coordinates":[[[-0.175083,5.65025],[-0.175083,5.650083],[-0.174917,5.650167],[-0.174917,5.650083],[-0.17475,5.650083],[-0.174583,5.649917],[-0.174417,5.649917],[-0.174417,5.64975],[-0.17425,5.649667],[-0.17425,5.649167],[-0.174417,5.649167],[-0.174583,5.649333],[-0.174583,5.649583],[-0.174667,5.649667],[-0.174917,5.6495],[-0.175083,5.64975],[-0.175417,5.649833],[-0.175417,5.649917],[-0.175667,5.649917],[-0.175833,5.650083],[-0.175667,5.65025],[-0.175667,5.6505],[-0.175583,5.650583],[-0.175417,5.6505],[-0.1755,5.65025],[-0.17525,5.650167],[-0.17525,5.65025],[-0.175083,5.65025]]]}},{"type":"Feature","properties":{"class":"tree_cover","ha":0.31},"geometry":{"type":"Polygon","coordinates":[[[-0.178083,5.649917],[-0.178333,5.649917],[-0.1785,5.650083],[-0.1785,5.650417],[-0.178417,5.6505],[-0.178167,5.6505],[-0.178083,5.65025],[-0.177833,5.650167],[-0.178083,5.649917]]]}},{"type":"Feature","properties":{"class":"tree_cover","ha":3.13},"geometry":{"type":"Polygon","coordinates":[[[-0.173833,5.65825],[-0.173667,5.658167],[-0.173667,5.657583],[-0.174,5.657333],[-0.174,5.656917],[-0.17425,5.656917],[-0.174333,5.657],[-0.17425,5.65725],[-0.1745,5.657333],[-0.174583,5.65725],[-0.174583,5.656667],[-0.17475,5.656667],[-0.174833,5.6565],[-0.175,5.6565],[-0.175083,5.656333],[-0.175833,5.656417],[-0.17575,5.656667],[-0.1755,5.65675],[-0.1755,5.657083],[-0.175333,5.657083],[-0.175333,5.657583],[-0.175167,5.657667],[-0.175167,5.658],[-0.175,5.658167],[-0.174583,5.658167],[-0.1745,5.658083],[-0.1745,5.65875],[-0.174167,5.65875],[-0.173833,5.658417],[-0.173833,5.65825]]]}},{"type":"Feature","properties":{"class":"tree_cover","ha":3.59},"geometry":{"type":"Polygon","coordinates":[[[-0.179417,5.664833],[-0.17975,5.664833],[-0.17975,5.664917],[-0.180083,5.665],[-0.18025,5.664833],[-0.18025,5.664667],[-0.180333,5.664667],[-0.18025,5.664583],[-0.18025,5.66425],[-0.180667,5.66425],[-0.18075,5.6645],[-0.180833,5.6645],[-0.180833,5.664667],[-0.181,5.66475],[-0.181,5.665],[-0.180833,5.665083],[-0.180833,5.66525],[-0.181083,5.6655],[-0.181583,5.6655],[-0.181667,5.665583],[-0.181667,5.665833],[-0.181583,5.665833],[-0.181583,5.6665],[-0.181667,5.6665],[-0.181667,5.666667],[-0.181417,5.66675],[-0.18125,5.666583],[-0.180929,5.666583],[-0.180987,5.666167],[-0.18075,5.666142],[-0.18075,5.666],[-0.1805,5.665917],[-0.180417,5.66575],[-0.180167,5.665833],[-0.180083,5.666],[-0.179833,5.666],[-0.179417,5.665583],[-0.178833,5.665667],[-0.17875,5.6655],[-0.178917,5.6655],[-0.179083,5.665333],[-0.179083,5.665167],[-0.179417,5.664833]]]}},{"type":"Feature","properties":{"class":"tree_cover","ha":0.68},"geometry":{"type":"Polygon","coordinates":[[[-0.171417,5.643333],[-0.171272,5.643333],[-0.171354,5.6425],[-0.17175,5.642833],[-0.171833,5.643583],[-0.17175,5.643583],[-0.17175,5.64375],[-0.171417,5.644083],[-0.17125,5.644083],[-0.17125,5.643583],[-0.171583,5.643583],[-0.171583,5.64325],[-0.171417,5.64325],[-0.171417,5.643333]]]}},{"type":"Feature","properties":{"class":"tree_cover","ha":0.65},"geometry":{"type":"Polygon","coordinates":[[[-0.17125,5.644333],[-0.171417,5.644417],[-0.1715,5.644833],[-0.171333,5.645],[-0.1715,5.645083],[-0.1715,5.645417],[-0.17125,5.645667],[-0.171333,5.646167],[-0.17125,5.64625],[-0.170985,5.64625],[-0.17125,5.644333]]]}},{"type":"Feature","properties":{"class":"tree_cover","ha":3.65},"geometry":{"type":"Polygon","coordinates":[[[-0.171,5.647417],[-0.170917,5.647417],[-0.171,5.647333],[-0.171,5.647],[-0.17125,5.64675],[-0.172,5.646667],[-0.171917,5.646333],[-0.172083,5.646167],[-0.17225,5.646167],[-0.17225,5.646083],[-0.1725,5.646083],[-0.1725,5.646],[-0.172667,5.646],[-0.17275,5.646083],[-0.17275,5.646333],[-0.172833,5.646333],[-0.17275,5.646417],[-0.172833,5.6465],[-0.17275,5.647083],[-0.172917,5.64725],[-0.17325,5.64725],[-0.173333,5.647333],[-0.173333,5.647583],[-0.173167,5.647583],[-0.173083,5.64775],[-0.17275,5.647667],[-0.172667,5.6475],[-0.17225,5.647583],[-0.172083,5.64775],[-0.172083,5.648],[-0.171583,5.6485],[-0.171333,5.6485],[-0.17125,5.648417],[-0.17125,5.648167],[-0.171083,5.648083],[-0.171083,5.647583],[-0.171,5.647583],[-0.171,5.647417]],[[-0.171333,5.647583],[-0.171333,5.647667],[-0.171417,5.647667],[-0.171333,5.647583]]]}},{"type":"Feature","properties":{"class":"tree_cover","ha":1.43},"geometry":{"type":"Polygon","coordinates":[[[-0.1725,5.6495],[-0.17275,5.64975],[-0.172833,5.649667],[-0.17275,5.649417],[-0.173,5.649417],[-0.172917,5.649083],[-0.172583,5.648833],[-0.172583,5.648667],[-0.172917,5.6485],[-0.172917,5.64825],[-0.173,5.64825],[-0.173083,5.648],[-0.173333,5.648],[-0.173333,5.64825],[-0.173417,5.64825],[-0.173333,5.648333],[-0.173333,5.648583],[-0.1735,5.64875],[-0.173417,5.649],[-0.173667,5.64925],[-0.17325,5.649417],[-0.173167,5.64975],[-0.173083,5.64975],[-0.173083,5.65],[-0.172833,5.650083],[-0.172833,5.650167],[-0.172583,5.650083],[-0.172583,5.649917],[-0.172333,5.649667],[-0.1725,5.6495]]]}},{"type":"Feature","properties":{"class":"tree_cover","ha":0.67},"geometry":{"type":"Polygon","coordinates":[[[-0.174417,5.65075],[-0.174167,5.65075],[-0.174,5.650583],[-0.174,5.650333],[-0.174083,5.650333],[-0.174,5.649917],[-0.174417,5.65],[-0.174583,5.650333],[-0.174917,5.650333],[-0.175,5.650417],[-0.175,5.65075],[-0.175083,5.65075],[-0.175167,5.651],[-0.175,5.651],[-0.174833,5.650833],[-0.17475,5.6505],[-0.1745,5.6505],[-0.174417,5.65075]]]}},{"type":"Feature","properties":{"class":"tree_cover","ha":0.46},"geometry":{"type":"Polygon","coordinates":[[[-0.169417,5.650583],[-0.169667,5.650583],[-0.169667,5.650667],[-0.169917,5.65075],[-0.169917,5.651],[-0.169667,5.65125],[-0.169667,5.6515],[-0.169583,5.651583],[-0.169381,5.651417],[-0.169356,5.650667],[-0.169417,5.650583]]]}},{"type":"Feature","properties":{"class":"tree_cover","ha":0.5},"geometry":{"type":"Polygon","coordinates":[[[-0.171833,5.651333],[-0.172,5.6515],[-0.172,5.65175],[-0.172167,5.651917],[-0.172167,5.652083],[-0.172,5.65225],[-0.171667,5.65225],[-0.1715,5.652083],[-0.171583,5.652],[-0.171583,5.6515],[-0.171833,5.651333]]]}},{"type":"Feature","properties":{"class":"tree_cover","ha":0.36},"geometry":{"type":"Polygon","coordinates":[[[-0.173083,5.651417],[-0.173333,5.651417],[-0.173417,5.651583],[-0.173583,5.651583],[-0.173667,5.651667],[-0.173667,5.651833],[-0.173583,5.651833],[-0.173667,5.65225],[-0.1735,5.65225],[-0.173417,5.652],[-0.173083,5.651833],[-0.173083,5.651417]]]}},{"type":"Feature","properties":{"class":"tree_cover","ha":1.21},"geometry":{"type":"Polygon","coordinates":[[[-0.1695,5.652167],[-0.1695,5.65175],[-0.169667,5.651583],[-0.169833,5.651583],[-0.169833,5.6515],[-0.170083,5.651667],[-0.170083,5.651917],[-0.170167,5.652],[-0.170417,5.652],[-0.170667,5.651667],[-0.170917,5.651667],[-0.170917,5.651583],[-0.17125,5.65175],[-0.171167,5.65225],[-0.171,5.652417],[-0.170917,5.652333],[-0.1705,5.652333],[-0.1705,5.65225],[-0.170167,5.65225],[-0.170167,5.652333],[-0.169667,5.652333],[-0.1695,5.652167]]]}},{"type":"Feature","properties":{"class":"tree_cover","ha":4.96},"geometry":{"type":"Polygon","coordinates":[[[-0.172333,5.654083],[-0.172167,5.654083],[-0.171917,5.654333],[-0.171417,5.654167],[-0.1715,5.653667],[-0.171833,5.653417],[-0.171833,5.65325],[-0.171667,5.653333],[-0.171333,5.653],[-0.171667,5.652833],[-0.171667,5.652583],[-0.17175,5.6525],[-0.172,5.652667],[-0.172,5.653083],[-0.17225,5.653167],[-0.172333,5.652917],[-0.172417,5.652917],[-0.172417,5.65275],[-0.172583,5.652583],[-0.173,5.6525],[-0.173,5.652417],[-0.173083,5.6525],[-0.1735,5.652417],[-0.173417,5.65275],[-0.173583,5.65275],[-0.173833,5.653167],[-0.174,5.653167],[-0.17425,5.652917],[-0.174417,5.652917],[-0.174417,5.65275],[-0.1745,5.65275],[-0.174417,5.652333],[-0.1745,5.65225],[-0.174667,5.65225],[-0.174833,5.652417],[-0.174833,5.652583],[-0.174583,5.65275],[-0.174583,5.652917],[-0.174417,5.653083],[-0.174417,5.6535],[-0.17425,5.653583],[-0.17425,5.653917],[-0.174,5.653917],[-0.174,5.653583],[-0.17375,5.653333],[-0.173583,5.653333],[-0.1735,5.653917],[-0.173667,5.654],[-0.173667,5.65425],[-0.17375,5.65425],[-0.173667,5.6545],[-0.173333,5.6545],[-0.173333,5.654417],[-0.173083,5.654417],[-0.173083,5.654333],[-0.172667,5.654333],[-0.172667,5.654417],[-0.172417,5.654333],[-0.172333,5.654083]]]}},{"type":"Feature","properties":{"class":"shrubland","ha":0.28},"geometry":{"type":"Polygon","coordinates":[[[-0.202833,5.647167],[-0.203583,5.64725],[-0.203833,5.6475],[-0.203833,5.647667],[-0.203417,5.647583],[-0.203167,5.647333],[-0.202917,5.647333],[-0.202833,5.647167]]]}},{"type":"Feature","properties":{"class":"shrubland","ha":0.71},"geometry":{"type":"Polygon","coordinates":[[[-0.204,5.652083],[-0.203917,5.651917],[-0.204,5.651833],[-0.204167,5.651917],[-0.204333,5.651583],[-0.2045,5.651583],[-0.2045,5.651667],[-0.20475,5.651583],[-0.204833,5.651833],[-0.204917,5.651833],[-0.204917,5.652],[-0.205,5.652],[-0.204917,5.652083],[-0.204917,5.652417],[-0.20475,5.652583],[-0.204333,5.6525],[-0.204417,5.652417],[-0.204417,5.652167],[-0.204333,5.652167],[-0.204333,5.652],[-0.204167,5.652],[-0.204167,5.652083],[-0.204,5.652083]]]}},{"type":"Feature","properties":{"class":"shrubland","ha":1.67},"geometry":{"type":"Polygon","coordinates":[[[-0.202833,5.653333],[-0.203,5.6535],[-0.203083,5.653417],[-0.203083,5.653],[-0.202917,5.652833],[-0.20275,5.652833],[-0.202667,5.652667],[-0.2025,5.652667],[-0.202417,5.652417],[-0.203,5.651833],[-0.2035,5.651833],[-0.2035,5.65175],[-0.203667,5.65175],[-0.20375,5.652],[-0.203833,5.652],[-0.203833,5.652333],[-0.203917,5.652333],[-0.203833,5.6525],[-0.203667,5.6525],[-0.203667,5.652333],[-0.203417,5.652083],[-0.203083,5.652083],[-0.203,5.652167],[-0.203,5.652583],[-0.203333,5.652917],[-0.203333,5.6535],[-0.203417,5.6535],[-0.2035,5.653833],[-0.203333,5.653833],[-0.203333,5.65375],[-0.203083,5.653667],[-0.203,5.653917],[-0.202917,5.653917],[-0.202917,5.654083],[-0.202333,5.654],[-0.202333,5.653667],[-0.2025,5.6535],[-0.202667,5.6535],[-0.202833,5.653333]]]}},{"type":"Feature","properties":{"class":"shrubland","ha":0.53},"geometry":{"type":"Polygon","coordinates":[[[-0.201667,5.652917],[-0.201583,5.6525],[-0.201833,5.6525],[-0.202,5.65275],[-0.201917,5.65275],[-0.201833,5.653667],[-0.20175,5.65375],[-0.2015,5.653667],[-0.2015,5.65325],[-0.201333,5.653167],[-0.201333,5.653],[-0.201583,5.653],[-0.201667,5.652917]]]}},{"type":"Feature","properties":{"class":"shrubland","ha":0.32},"geometry":{"type":"Polygon","coordinates":[[[-0.203083,5.65575],[-0.20325,5.655667],[-0.20325,5.655417],[-0.203417,5.655417],[-0.203417,5.655833],[-0.203167,5.656],[-0.203167,5.65625],[-0.20325,5.65625],[-0.20325,5.6565],[-0.203167,5.656583],[-0.202917,5.656333],[-0.202917,5.656083],[-0.203083,5.655917],[-0.203083,5.65575]]]}},{"type":"Feature","properties":{"class":"shrubland","ha":6.74},"geometry":{"type":"Polygon","coordinates":[[[-0.201333,5.657917],[-0.20125,5.657667],[-0.201,5.657667],[-0.200833,5.6575],[-0.20075,5.657583],[-0.2005,5.657583],[-0.200417,5.6575],[-0.200417,5.65725],[-0.200583,5.657167],[-0.200583,5.657],[-0.200417,5.657],[-0.2005,5.65675],[-0.20025,5.656667],[-0.20025,5.656333],[-0.200167,5.65625],[-0.199667,5.656333],[-0.199667,5.655833],[-0.19975,5.65575],[-0.200167,5.655833],[-0.200333,5.655667],[-0.200333,5.655417],[-0.200167,5.655417],[-0.200083,5.655583],[-0.199917,5.655583],[-0.19975,5.655417],[-0.2,5.655333],[-0.200083,5.655167],[-0.2005,5.655083],[-0.200583,5.655],[-0.2005,5.654667],[-0.20075,5.654417],[-0.200917,5.654583],[-0.200917,5.654917],[-0.20075,5.655],[-0.20075,5.655333],[-0.200583,5.655417],[-0.200583,5.655583],[-0.20025,5.655917],[-0.20025,5.656083],[-0.200417,5.65625],[-0.200667,5.65625],[-0.20075,5.656],[-0.201083,5.65575],[-0.201167,5.655083],[-0.201667,5.655083],[-0.201667,5.654917],[-0.202,5.654583],[-0.202417,5.654583],[-0.2025,5.654417],[-0.20275,5.654417],[-0.20275,5.654667],[-0.202917,5.654667],[-0.202917,5.65475],[-0.202667,5.655],[-0.202583,5.655],[-0.202583,5.654833],[-0.202417,5.654833],[-0.202167,5.655083],[-0.20225,5.655417],[-0.202083,5.655583],[-0.201583,5.655583],[-0.201417,5.65575],[-0.201417,5.655917],[-0.201333,5.655917],[-0.201333,5.65625],[-0.201583,5.65625],[-0.201583,5.656083],[-0.201833,5.656],[-0.201917,5.655833],[-0.202167,5.655833],[-0.202333,5.655667],[-0.202333,5.655417],[-0.202417,5.655333],[-0.20275,5.655333],[-0.202833,5.655583],[-0.2025,5.65575],[-0.202667,5.656083],[-0.202417,5.656167],[-0.202333,5.656417],[-0.202167,5.656417],[-0.202,5.65625],[-0.20175,5.6565],[-0.20175,5.656667],[-0.2015,5.656833],[-0.2015,5.657],[-0.201583,5.657083],[-0.201667,5.657],[-0.201917,5.657],[-0.202,5.657167],[-0.202167,5.657167],[-0.202167,5.657083],[-0.202333,5.657083],[-0.202333,5.657167],[-0.202667,5.657083],[-0.202667,5.6575],[-0.202917,5.65775],[-0.202917,5.658083],[-0.202667,5.658167],[-0.202667,5.657917],[-0.202167,5.658],[-0.202167,5.657917],[-0.201833,5.657917],[-0.201833,5.657833],[-0.201417,5.657833],[-0.201333,5.657917]],[[-0.200917,5.656667],[-0.200917,5.656333],[-0.20075,5.656333],[-0.200667,5.65675],[-0.200833,5.65675],[-0.200917,5.656667]]]}},{"type":"Feature","properties":{"class":"shrubland","ha":0.46},"geometry":{"type":"Polygon","coordinates":[[[-0.195667,5.638583],[-0.19575,5.638583],[-0.195833,5.638917],[-0.195917,5.638917],[-0.195917,5.63925],[-0.195583,5.639333],[-0.195417,5.639167],[-0.195417,5.638417],[-0.1955,5.638333],[-0.19575,5.638333],[-0.195667,5.638583]]]}},{"type":"Feature","properties":{"class":"shrubland","ha":1.83},"geometry":{"type":"Polygon","coordinates":[[[-0.2005,5.640583],[-0.200333,5.640667],[-0.200083,5.640333],[-0.199583,5.640417],[-0.1995,5.64025],[-0.199333,5.64025],[-0.199333,5.640333],[-0.199083,5.64025],[-0.199083,5.640083],[-0.198833,5.639833],[-0.198917,5.639417],[-0.199167,5.639333],[-0.19925,5.639167],[-0.199333,5.63925],[-0.199583,5.63925],[-0.199583,5.639333],[-0.19975,5.639333],[-0.19975,5.63925],[-0.199917,5.639333],[-0.199917,5.6395],[-0.19975,5.639667],[-0.1995,5.639667],[-0.199333,5.639833],[-0.199417,5.64],[-0.19975,5.64],[-0.2,5.63975],[-0.200583,5.639667],[-0.20075,5.639833],[-0.20075,5.64],[-0.200833,5.64],[-0.200917,5.640667],[-0.200833,5.640667],[-0.200833,5.6405],[-0.200667,5.640333],[-0.2005,5.640417],[-0.2005,5.640583]]]}},{"type":"Feature","properties":{"class":"shrubland","ha":0.39},"geometry":{"type":"Polygon","coordinates":[[[-0.195833,5.64075],[-0.195833,5.640583],[-0.19575,5.6405],[-0.1955,5.6405],[-0.195417,5.640333],[-0.19575,5.64025],[-0.195917,5.640417],[-0.195917,5.641583],[-0.195833,5.641667],[-0.19575,5.641667],[-0.19575,5.641417],[-0.195583,5.64125],[-0.19575,5.64075],[-0.195833,5.64075]]]}},{"type":"Feature","properties":{"class":"shrubland","ha":0.83},"geometry":{"type":"Polygon","coordinates":[[[-0.200833,5.641833],[-0.2005,5.641833],[-0.2005,5.641667],[-0.20125,5.641667],[-0.201333,5.641583],[-0.201333,5.641417],[-0.201167,5.64125],[-0.201,5.64125],[-0.200833,5.641083],[-0.200833,5.640917],[-0.201,5.641083],[-0.201333,5.641083],[-0.201333,5.641],[-0.201836,5.640917],[-0.201917,5.641167],[-0.20175,5.641167],[-0.201667,5.641417],[-0.201417,5.6415],[-0.2015,5.641833],[-0.201417,5.641833],[-0.201417,5.642167],[-0.201333,5.64225],[-0.201167,5.64225],[-0.200833,5.641833]]]}},{"type":"Feature","properties":{"class":"shrubland","ha":0.77},"geometry":{"type":"Polygon","coordinates":[[[-0.19825,5.648],[-0.198083,5.648083],[-0.198,5.648333],[-0.197583,5.648333],[-0.197417,5.648167],[-0.197417,5.648],[-0.197333,5.648],[-0.197333,5.647833],[-0.197417,5.64775],[-0.197583,5.64775],[-0.197583,5.647833],[-0.197917,5.64775],[-0.197833,5.647833],[-0.197833,5.648083],[-0.197917,5.648083],[-0.198167,5.647833],[-0.198417,5.64775],[-0.198667,5.64825],[-0.198917,5.648333],[-0.199083,5.648167],[-0.19925,5.648333],[-0.19925,5.648583],[-0.199083,5.648583],[-0.199,5.648417],[-0.19875,5.648417],[-0.19875,5.6485],[-0.1985,5.648417],[-0.19825,5.648]]]}},{"type":"Feature","properties":{"class":"shrubland","ha":0.3},"geometry":{"type":"Polygon","coordinates":[[[-0.198667,5.650833],[-0.198667,5.651083],[-0.198583,5.651167],[-0.198167,5.651167],[-0.198,5.651],[-0.198083,5.65075],[-0.198583,5.65075],[-0.198667,5.650833]]]}},{"type":"Feature","properties":{"class":"shrubland","ha":0.43},"geometry":{"type":"Polygon","coordinates":[[[-0.199,5.6515],[-0.19925,5.651583],[-0.199333,5.65175],[-0.199583,5.65175],[-0.199833,5.652],[-0.199833,5.652167],[-0.199583,5.652167],[-0.1995,5.652],[-0.19925,5.652],[-0.199333,5.652417],[-0.199083,5.6525],[-0.199167,5.652083],[-0.199,5.651917],[-0.199,5.65175],[-0.199083,5.65175],[-0.199,5.6515]]]}},{"type":"Feature","properties":{"class":"shrubland","ha":1.06},"geometry":{"type":"Polygon","coordinates":[[[-0.197583,5.65225],[-0.197333,5.65225],[-0.19725,5.652167],[-0.19725,5.651833],[-0.197333,5.65175],[-0.197417,5.65175],[-0.197417,5.652083],[-0.197583,5.652083],[-0.197583,5.651833],[-0.197667,5.65175],[-0.198,5.65175],[-0.198083,5.651583],[-0.198583,5.651583],[-0.198583,5.65175],[-0.19825,5.652083],[-0.198333,5.652583],[-0.198083,5.652833],[-0.197917,5.652833],[-0.197833,5.652583],[-0.197583,5.65225]]]}},{"type":"Feature","properties":{"class":"shrubland","ha":8.17},"geometry":{"type":"Polygon","coordinates":[[[-0.198583,5.655917],[-0.198667,5.655833],[-0.199,5.655917],[-0.199083,5.65575],[-0.19925,5.65575],[-0.19925,5.657083],[-0.199,5.657083],[-0.198917,5.657],[-0.198917,5.6565],[-0.198833,5.656417],[-0.198583,5.6565],[-0.198583,5.656417],[-0.19775,5.656333],[-0.197583,5.655917],[-0.197417,5.656083],[-0.197083,5.656083],[-0.197333,5.655833],[-0.197417,5.6555],[-0.197,5.6555],[-0.197,5.655583],[-0.19675,5.6555],[-0.19675,5.65475],[-0.196917,5.654583],[-0.196917,5.654333],[-0.197583,5.654083],[-0.197583,5.654],[-0.197833,5.654],[-0.197917,5.653833],[-0.198167,5.653833],[-0.198083,5.654333],[-0.19775,5.654583],[-0.19775,5.654917],[-0.197667,5.654917],[-0.197833,5.655167],[-0.198083,5.655167],[-0.198167,5.655083],[-0.198167,5.654833],[-0.198417,5.654667],[-0.198333,5.654583],[-0.198333,5.654333],[-0.1985,5.654167],[-0.198917,5.65425],[-0.198917,5.65375],[-0.19875,5.653583],[-0.19875,5.653333],[-0.198833,5.653333],[-0.198833,5.653],[-0.19875,5.652917],[-0.198917,5.652833],[-0.198917,5.652667],[-0.199083,5.652667],[-0.199,5.652917],[-0.199167,5.652917],[-0.199333,5.65275],[-0.199417,5.652833],[-0.199417,5.653083],[-0.19975,5.653083],[-0.199833,5.653],[-0.199833,5.652833],[-0.199667,5.652833],[-0.19975,5.652583],[-0.20025,5.6525],[-0.20025,5.652583],[-0.200667,5.652583],[-0.20075,5.652667],[-0.200833,5.652583],[-0.200917,5.651833],[-0.20025,5.652],[-0.20025,5.651917],[-0.200083,5.651917],[-0.200083,5.65175],[-0.200167,5.651667],[-0.20075,5.65175],[-0.200833,5.651583],[-0.201083,5.651583],[-0.201167,5.651333],[-0.201417,5.65125],[-0.2015,5.651333],[-0.201417,5.651417],[-0.2015,5.651833],[-0.20125,5.651833],[-0.201167,5.651917],[-0.201083,5.6525],[-0.200917,5.652583],[-0.200917,5.652833],[-0.20075,5.652833],[-0.200583,5.653083],[-0.200333,5.653083],[-0.200333,5.653583],[-0.200083,5.653583],[-0.199833,5.65325],[-0.199583,5.65325],[-0.199667,5.653583],[-0.199917,5.653667],[-0.199917,5.654167],[-0.199833,5.654167],[-0.199833,5.654333],[-0.1995,5.654167],[-0.1995,5.653833],[-0.199333,5.653833],[-0.199333,5.654],[-0.199167,5.654083],[-0.199167,5.654417],[-0.199333,5.654583],[-0.199583,5.654583],[-0.199667,5.654667],[-0.199667,5.655],[-0.19925,5.654917],[-0.199167,5.655167],[-0.199083,5.655167],[-0.199083,5.655333],[-0.198917,5.655333],[-0.198917,5.655167],[-0.19875,5.655083],[-0.1985,5.655417],[-0.198333,5.655417],[-0.198333,5.655667],[-0.198583,5.655917]],[[-0.198833,5.655],[-0.198833,5.654667],[-0.198583,5.654583],[-0.1985,5.654917],[-0.198667,5.655083],[-0.198833,5.655]],[[-0.19775,5.655333],[-0.197667,5.655333],[-0.197667,5.655417],[-0.19775,5.655333]],[[-0.197583,5.65525],[-0.197583,5.655333],[-0.197667,5.655333],[-0.197583,5.65525]],[[-0.19925,5.653583],[-0.199417,5.6535],[-0.199333,5.653333],[-0.199167,5.653417],[-0.19925,5.653583]]]}},{"type":"Feature","properties":{"class":"shrubland","ha":0.26},"geometry":{"type":"Polygon","coordinates":[[[-0.196833,5.657],[-0.197,5.657083],[-0.197,5.657583],[-0.196917,5.657667],[-0.196667,5.657667],[-0.196583,5.657417],[-0.196667,5.657417],[-0.196667,5.657167],[-0.196833,5.657]]]}},{"type":"Feature","properties":{"class":"shrubland","ha":1.27},"geometry":{"type":"Polygon","coordinates":[[[-0.19675,5.65875],[-0.19675,5.658417],[-0.197083,5.658417],[-0.197667,5.657583],[-0.198,5.657583],[-0.198083,5.657417],[-0.198333,5.657417],[-0.198333,5.657333],[-0.198583,5.657333],[-0.198583,5.657417],[-0.19875,5.657417],[-0.19875,5.657333],[-0.199333,5.657417],[-0.199333,5.657583],[-0.199083,5.657833],[-0.198833,5.65775],[-0.198583,5.6575],[-0.19825,5.6575],[-0.198083,5.657667],[-0.198083,5.658167],[-0.197917,5.658167],[-0.197833,5.657917],[-0.197583,5.657917],[-0.1975,5.658],[-0.197583,5.65825],[-0.19725,5.658417],[-0.19725,5.658667],[-0.197167,5.65875],[-0.196833,5.65875],[-0.19675,5.658833],[-0.19675,5.659],[-0.1965,5.659167],[-0.196583,5.6595],[-0.196333,5.659583],[-0.19625,5.6595],[-0.19625,5.659167],[-0.19675,5.65875]]]}},{"type":"Feature","properties":{"class":"shrubland","ha":17.5},"geometry":{"type":"Polygon","coordinates":[[[-0.197667,5.662417],[-0.197667,5.661417],[-0.197583,5.661417],[-0.197667,5.661],[-0.197833,5.661],[-0.197833,5.661333],[-0.197917,5.661333],[-0.197917,5.6615],[-0.198167,5.66175],[-0.198417,5.66175],[-0.198417,5.661833],[-0.19875,5.66175],[-0.19875,5.661583],[-0.1985,5.661583],[-0.1985,5.6615],[-0.19825,5.661417],[-0.19825,5.661167],[-0.198417,5.661],[-0.198417,5.66075],[-0.198083,5.660417],[-0.197833,5.660333],[-0.197833,5.66],[-0.19775,5.66],[-0.197833,5.659667],[-0.197917,5.659583],[-0.198083,5.659667],[-0.198083,5.660083],[-0.198167,5.660167],[-0.1985,5.660167],[-0.198583,5.659833],[-0.198833,5.659583],[-0.199,5.659583],[-0.199,5.66],[-0.198917,5.66],[-0.198917,5.66025],[-0.199,5.660333],[-0.199167,5.660333],[-0.199667,5.659833],[-0.199667,5.659083],[-0.19975,5.659083],[-0.19975,5.658917],[-0.199667,5.658833],[-0.199417,5.658833],[-0.198917,5.659333],[-0.198833,5.659167],[-0.199,5.659],[-0.19875,5.658833],[-0.19875,5.65825],[-0.198833,5.65825],[-0.198833,5.658083],[-0.198917,5.658],[-0.199417,5.658],[-0.199667,5.65775],[-0.199667,5.656833],[-0.199583,5.656833],[-0.1995,5.656583],[-0.199667,5.656583],[-0.19975,5.65675],[-0.2,5.65675],[-0.2,5.656833],[-0.20025,5.656917],[-0.20025,5.657167],[-0.199833,5.657583],[-0.199917,5.657917],[-0.19975,5.658083],[-0.2,5.65825],[-0.2,5.6585],[-0.200417,5.658917],[-0.200583,5.65875],[-0.2005,5.65875],[-0.2005,5.6585],[-0.200333,5.658417],[-0.200333,5.65825],[-0.200167,5.658167],[-0.20025,5.658],[-0.200583,5.658],[-0.200833,5.6585],[-0.201,5.6585],[-0.20125,5.65825],[-0.201333,5.658],[-0.201917,5.658083],[-0.201917,5.65825],[-0.20175,5.65825],[-0.20175,5.658333],[-0.2015,5.658417],[-0.201583,5.659],[-0.201333,5.659083],[-0.20125,5.659333],[-0.201083,5.659333],[-0.201,5.659167],[-0.200833,5.659167],[-0.200833,5.659417],[-0.200667,5.659417],[-0.200667,5.65925],[-0.2005,5.65925],[-0.200417,5.659083],[-0.200167,5.659167],[-0.20025,5.659417],[-0.200333,5.659417],[-0.200333,5.659667],[-0.200083,5.65975],[-0.19975,5.660083],[-0.199917,5.660583],[-0.200167,5.6605],[-0.200083,5.66025],[-0.200583,5.66025],[-0.200667,5.660167],[-0.200667,5.659833],[-0.200833,5.659667],[-0.200833,5.6595],[-0.201,5.659667],[-0.201167,5.659667],[-0.201167,5.659583],[-0.201833,5.659583],[-0.201917,5.659333],[-0.202,5.659333],[-0.202,5.659167],[-0.201917,5.659167],[-0.201917,5.658583],[-0.202,5.6585],[-0.20225,5.6585],[-0.20225,5.658667],[-0.202833,5.65875],[-0.203,5.658417],[-0.203167,5.658417],[-0.203333,5.65825],[-0.203333,5.658],[-0.203417,5.657917],[-0.203667,5.658],[-0.203833,5.657667],[-0.204083,5.65775],[-0.204167,5.657667],[-0.204167,5.657333],[-0.20425,5.657333],[-0.20425,5.657083],[-0.204417,5.657],[-0.204417,5.656583],[-0.204583,5.656583],[-0.204583,5.657],[-0.204417,5.657083],[-0.204417,5.65725],[-0.204667,5.6575],[-0.20475,5.6585],[-0.204583,5.6585],[-0.204583,5.658333],[-0.204417,5.658333],[-0.204333,5.658667],[-0.204417,5.65875],[-0.2045,5.658667],[-0.20475,5.658667],[-0.204833,5.65925],[-0.20425,5.659333],[-0.20425,5.659417],[-0.204083,5.659417],[-0.203917,5.659583],[-0.20375,5.659583],[-0.203667,5.65975],[-0.203083,5.659833],[-0.202917,5.66],[-0.20275,5.66],[-0.202667,5.660167],[-0.202333,5.660167],[-0.20225,5.660333],[-0.20175,5.660417],[-0.201583,5.660583],[-0.20125,5.660583],[-0.201083,5.66075],[-0.200917,5.66075],[-0.200917,5.660667],[-0.200667,5.660667],[-0.2005,5.660833],[-0.200333,5.660833],[-0.20025,5.660667],[-0.200167,5.66075],[-0.199667,5.66075],[-0.199417,5.661],[-0.199667,5.66125],[-0.199583,5.6615],[-0.199667,5.661583],[-0.199917,5.661583],[-0.200167,5.661333],[-0.20025,5.661583],[-0.199583,5.661833],[-0.199583,5.662667],[-0.1995,5.66275],[-0.19925,5.66275],[-0.199167,5.663],[-0.198917,5.663],[-0.198833,5.66275],[-0.198583,5.66275],[-0.1985,5.663],[-0.198333,5.663083],[-0.198333,5.66325],[-0.198167,5.663417],[-0.198,5.663417],[-0.197833,5.66375],[-0.197583,5.66375],[-0.197583,5.663083],[-0.1975,5.663083],[-0.1975,5.662917],[-0.197333,5.66275],[-0.197417,5.6625],[-0.197667,5.662417]],[[-0.19775,5.663167],[-0.198,5.663083],[-0.197917,5.662833],[-0.197667,5.662917],[-0.197667,5.663083],[-0.19775,5.663167]],[[-0.198583,5.66225],[-0.1985,5.6625],[-0.198917,5.6625],[-0.198917,5.66275],[-0.199,5.66275],[-0.199083,5.662667],[-0.199083,5.6625],[-0.199,5.6625],[-0.199083,5.662167],[-0.1995,5.661833],[-0.199417,5.6615],[-0.198583,5.66225]],[[-0.199167,5.661167],[-0.199,5.661333],[-0.199083,5.6615],[-0.199333,5.6615],[-0.199333,5.661167],[-0.199167,5.661167]],[[-0.197917,5.662333],[-0.198,5.662333],[-0.198,5.66225],[-0.197917,5.662333]],[[-0.198583,5.661333],[-0.19875,5.661333],[-0.19875,5.661417],[-0.198917,5.661333],[-0.198917,5.661],[-0.198833,5.660917],[-0.198667,5.660917],[-0.1985,5.661083],[-0.198583,5.661333]],[[-0.199083,5.6605],[-0.19875,5.6605],[-0.198667,5.660583],[-0.198667,5.66075],[-0.199,5.66075],[-0.199083,5.6605]],[[-0.203083,5.658833],[-0.202917,5.658833],[-0.202583,5.659167],[-0.202667,5.659417],[-0.203417,5.659333],[-0.2035,5.65925],[-0.2035,5.658833],[-0.203333,5.658667],[-0.203167,5.658667],[-0.203083,5.658833]],[[-0.19925,5.658417],[-0.199333,5.65825],[-0.199167,5.658167],[-0.199083,5.65825],[-0.19925,5.658417]]]}},{"type":"Feature","properties":{"class":"shrubland","ha":0.28},"geometry":{"type":"Polygon","coordinates":[[[-0.2005,5.662333],[-0.20025,5.662583],[-0.2,5.662583],[-0.199917,5.6625],[-0.199917,5.66225],[-0.200083,5.662083],[-0.200417,5.662083],[-0.2005,5.662333]]]}},{"type":"Feature","properties":{"class":"shrubland","ha":1.02},"geometry":{"type":"Polygon","coordinates":[[[-0.195167,5.663667],[-0.195333,5.663667],[-0.1955,5.6635],[-0.196,5.6635],[-0.196,5.663583],[-0.19675,5.663667],[-0.196833,5.663917],[-0.196417,5.663917],[-0.196417,5.664],[-0.196167,5.664],[-0.196167,5.664083],[-0.195917,5.664083],[-0.195917,5.664167],[-0.195667,5.664167],[-0.195667,5.66425],[-0.195333,5.664333],[-0.19525,5.664],[-0.195083,5.663917],[-0.195083,5.66375],[-0.195167,5.663667]]]}},{"type":"Feature","properties":{"class":"shrubland","ha":0.28},"geometry":{"type":"Polygon","coordinates":[[[-0.19325,5.627833],[-0.193417,5.62775],[-0.19375,5.628417],[-0.193667,5.6285],[-0.193417,5.628417],[-0.193167,5.628083],[-0.19325,5.627833]]]}},{"type":"Feature","properties":{"class":"shrubland","ha":0.96},"geometry":{"type":"Polygon","coordinates":[[[-0.19475,5.63075],[-0.1945,5.63075],[-0.194417,5.630583],[-0.19425,5.630583],[-0.194333,5.629583],[-0.1945,5.629583],[-0.19475,5.629833],[-0.19475,5.63],[-0.194833,5.63],[-0.19475,5.63025],[-0.194917,5.63025],[-0.195167,5.6305],[-0.195167,5.630667],[-0.195333,5.63075],[-0.195333,5.630917],[-0.195083,5.630917],[-0.194917,5.631083],[-0.195,5.631167],[-0.194917,5.631417],[-0.19475,5.631333],[-0.19475,5.631167],[-0.194917,5.631],[-0.194917,5.6305],[-0.194833,5.6305],[-0.19475,5.63075]]]}},{"type":"Feature","properties":{"class":"shrubland","ha":42.87},"geometry":{"type":"Polygon","coordinates":[[[-0.1965,5.638167],[-0.196417,5.637917],[-0.196167,5.637833],[-0.196167,5.637667],[-0.196333,5.637667],[-0.196417,5.637833],[-0.196583,5.63775],[-0.196583,5.637333],[-0.196667,5.63725],[-0.196333,5.637],[-0.196333,5.63675],[-0.19625,5.636667],[-0.196,5.636667],[-0.19575,5.636417],[-0.195333,5.636417],[-0.195,5.636833],[-0.194667,5.636833],[-0.194667,5.636917],[-0.194333,5.636917],[-0.194333,5.637],[-0.194167,5.637],[-0.194083,5.636833],[-0.193833,5.636833],[-0.193833,5.636333],[-0.193917,5.636333],[-0.193917,5.636167],[-0.19375,5.636],[-0.1935,5.636],[-0.193417,5.635917],[-0.193417,5.635417],[-0.19325,5.63525],[-0.19325,5.634917],[-0.193333,5.634917],[-0.19325,5.6345],[-0.193333,5.634417],[-0.193667,5.634417],[-0.193667,5.634333],[-0.194,5.634333],[-0.194167,5.634167],[-0.19425,5.63425],[-0.19425,5.634583],[-0.194417,5.63475],[-0.194583,5.63475],[-0.194667,5.634583],[-0.1945,5.6345],[-0.194583,5.634083],[-0.194167,5.633667],[-0.194,5.633667],[-0.193917,5.633833],[-0.193667,5.63375],[-0.1935,5.63425],[-0.19325,5.63425],[-0.193,5.634583],[-0.192667,5.634667],[-0.192583,5.634833],[-0.191917,5.634917],[-0.191833,5.635167],[-0.191333,5.63525],[-0.19125,5.635333],[-0.19125,5.63575],[-0.191,5.635833],[-0.190917,5.63575],[-0.190917,5.635333],[-0.19075,5.635167],[-0.190833,5.635083],[-0.190833,5.634833],[-0.190583,5.63475],[-0.190417,5.634583],[-0.190417,5.634417],[-0.190333,5.634417],[-0.190417,5.634],[-0.190667,5.63375],[-0.190417,5.63325],[-0.19025,5.633333],[-0.190083,5.633917],[-0.189667,5.633833],[-0.1895,5.634],[-0.189083,5.634],[-0.189,5.633833],[-0.18875,5.63375],[-0.188833,5.63325],[-0.189083,5.633083],[-0.189083,5.632833],[-0.188917,5.63275],[-0.18875,5.633083],[-0.188417,5.633083],[-0.188417,5.632583],[-0.188167,5.632333],[-0.18825,5.63225],[-0.18825,5.632],[-0.188083,5.631833],[-0.187917,5.631833],[-0.188,5.6315],[-0.187833,5.631333],[-0.187833,5.631167],[-0.187667,5.631167],[-0.187667,5.631],[-0.187583,5.631],[-0.187667,5.630917],[-0.187667,5.6305],[-0.18775,5.6305],[-0.18775,5.630167],[-0.188083,5.629833],[-0.18825,5.629833],[-0.18825,5.62975],[-0.188333,5.629833],[-0.188667,5.629833],[-0.18875,5.62975],[-0.18875,5.629833],[-0.189083,5.629833],[-0.18925,5.63],[-0.189417,5.629667],[-0.189667,5.629667],[-0.189833,5.63],[-0.190083,5.630083],[-0.190083,5.630333],[-0.189917,5.630333],[-0.189833,5.630167],[-0.189583,5.630167],[-0.189583,5.63025],[-0.189167,5.630333],[-0.189167,5.6305],[-0.189583,5.630833],[-0.189583,5.631167],[-0.189417,5.631333],[-0.189417,5.631667],[-0.18925,5.63175],[-0.18925,5.631917],[-0.189417,5.631917],[-0.189417,5.632],[-0.190083,5.631917],[-0.190333,5.63225],[-0.1905,5.63225],[-0.190417,5.63175],[-0.190833,5.631417],[-0.19075,5.630917],[-0.190917,5.630833],[-0.190917,5.630667],[-0.1905,5.630417],[-0.1905,5.63025],[-0.190583,5.63025],[-0.190583,5.629833],[-0.190833,5.629583],[-0.19125,5.6295],[-0.191333,5.629333],[-0.191667,5.629417],[-0.191667,5.6295],[-0.192,5.6295],[-0.192,5.629417],[-0.192333,5.6295],[-0.1925,5.629333],[-0.1925,5.629167],[-0.19275,5.629],[-0.19275,5.62875],[-0.192907,5.62875],[-0.193221,5.629338],[-0.193688,5.629],[-0.19375,5.629083],[-0.194,5.629083],[-0.194083,5.629],[-0.194333,5.629417],[-0.19425,5.629417],[-0.194167,5.629667],[-0.193833,5.629667],[-0.193833,5.630083],[-0.19375,5.630167],[-0.1935,5.630167],[-0.193417,5.630083],[-0.19325,5.630333],[-0.193,5.630333],[-0.192833,5.630083],[-0.192583,5.630083],[-0.192583,5.630167],[-0.192333,5.63025],[-0.192417,5.630917],[-0.192083,5.630833],[-0.192083,5.63075],[-0.191917,5.63075],[-0.19175,5.630917],[-0.19175,5.631417],[-0.191833,5.631417],[-0.191917,5.63175],[-0.19175,5.631833],[-0.191667,5.632083],[-0.192167,5.632167],[-0.192333,5.632333],[-0.192333,5.632583],[-0.192417,5.632667],[-0.192667,5.632583],[-0.19275,5.63225],[-0.192667,5.632167],[-0.192417,5.632167],[-0.192333,5.632],[-0.1925,5.631833],[-0.192667,5.631833],[-0.19275,5.631667],[-0.192417,5.631667],[-0.192333,5.6315],[-0.192583,5.631333],[-0.1925,5.63125],[-0.192583,5.63075],[-0.19275,5.63075],[-0.193083,5.631083],[-0.193083,5.631583],[-0.193,5.631583],[-0.193083,5.632417],[-0.19275,5.632667],[-0.19275,5.632917],[-0.193,5.633167],[-0.19325,5.633167],[-0.193167,5.632917],[-0.193,5.632917],[-0.193,5.63275],[-0.193417,5.63275],[-0.1935,5.632583],[-0.193667,5.632583],[-0.193667,5.632667],[-0.194083,5.632583],[-0.194167,5.63275],[-0.194917,5.632667],[-0.195,5.632583],[-0.195,5.632167],[-0.194917,5.632083],[-0.194667,5.632083],[-0.1945,5.631833],[-0.194583,5.63175],[-0.195,5.631833],[-0.195083,5.631667],[-0.195417,5.631667],[-0.195583,5.631417],[-0.19575,5.631417],[-0.196,5.631917],[-0.196083,5.63192],[-0.196083,5.632],[-0.195917,5.632],[-0.195833,5.631917],[-0.195833,5.632167],[-0.196,5.63225],[-0.196,5.6325],[-0.196167,5.632583],[-0.196167,5.632833],[-0.196083,5.632917],[-0.19625,5.633],[-0.196417,5.632833],[-0.196417,5.632667],[-0.196167,5.6325],[-0.196167,5.63225],[-0.19625,5.63225],[-0.196833,5.633097],[-0.196833,5.63325],[-0.196917,5.63325],[-0.197167,5.63362],[-0.197167,5.63375],[-0.197083,5.63375],[-0.197083,5.634167],[-0.197583,5.634667],[-0.197417,5.634917],[-0.197083,5.635],[-0.197,5.63525],[-0.196917,5.63525],[-0.196917,5.6355],[-0.19725,5.635667],[-0.197167,5.63575],[-0.197167,5.636],[-0.19725,5.636],[-0.197167,5.636417],[-0.19725,5.6365],[-0.197083,5.636583],[-0.197167,5.636667],[-0.197167,5.636917],[-0.197,5.637083],[-0.197333,5.637333],[-0.197333,5.637667],[-0.197417,5.63775],[-0.197833,5.63775],[-0.197833,5.63825],[-0.197667,5.638333],[-0.197667,5.637917],[-0.1975,5.637917],[-0.197333,5.638167],[-0.197083,5.638167],[-0.197083,5.63825],[-0.1965,5.638167]],[[-0.196,5.63575],[-0.19575,5.63575],[-0.19575,5.635583],[-0.195583,5.635583],[-0.195583,5.636],[-0.195917,5.636],[-0.195917,5.635917],[-0.196167,5.635917],[-0.19625,5.635833],[-0.196167,5.635583],[-0.196,5.63575]],[[-0.196167,5.634667],[-0.19625,5.635333],[-0.196333,5.635417],[-0.196583,5.635417],[-0.196667,5.634917],[-0.196583,5.634917],[-0.196583,5.63475],[-0.196417,5.634583],[-0.196167,5.634667]],[[-0.196083,5.634417],[-0.195833,5.634333],[-0.195833,5.6345],[-0.196,5.634583],[-0.196083,5.634417]],[[-0.194833,5.634417],[-0.194833,5.634583],[-0.195,5.634583],[-0.195167,5.634417],[-0.195083,5.63425],[-0.194833,5.634417]],[[-0.19175,5.6345],[-0.191833,5.634583],[-0.192167,5.634583],[-0.19225,5.6345],[-0.19225,5.634083],[-0.192167,5.634083],[-0.192083,5.633833],[-0.191833,5.633833],[-0.191833,5.63425],[-0.19175,5.63425],[-0.19175,5.6345]],[[-0.191333,5.634333],[-0.191583,5.634333],[-0.191583,5.634167],[-0.191417,5.634167],[-0.191333,5.634],[-0.191167,5.634],[-0.191083,5.634083],[-0.191333,5.634333]],[[-0.192167,5.63325],[-0.192167,5.63275],[-0.191917,5.63275],[-0.191833,5.632833],[-0.191833,5.63325],[-0.192083,5.633333],[-0.192167,5.63325]],[[-0.189417,5.63325],[-0.189583,5.633167],[-0.189583,5.632917],[-0.18925,5.632917],[-0.189167,5.633],[-0.18925,5.633167],[-0.189417,5.633167],[-0.189417,5.63325]],[[-0.195667,5.633167],[-0.195833,5.633167],[-0.195833,5.633],[-0.195667,5.633],[-0.195667,5.633167]],[[-0.190833,5.632417],[-0.190667,5.632333],[-0.190583,5.6325],[-0.190833,5.632583],[-0.190833,5.632417]],[[-0.19,5.6325],[-0.190167,5.6325],[-0.190167,5.632417],[-0.19,5.632417],[-0.19,5.6325]],[[-0.189833,5.6325],[-0.19,5.63225],[-0.18975,5.63225],[-0.189667,5.632333],[-0.189833,5.6325]],[[-0.19525,5.632417],[-0.195417,5.632417],[-0.195417,5.63225],[-0.195333,5.63225],[-0.19525,5.632],[-0.195083,5.632083],[-0.195083,5.63225],[-0.19525,5.632417]],[[-0.191167,5.631167],[-0.191167,5.6315],[-0.190917,5.6315],[-0.19075,5.631667],[-0.19075,5.632],[-0.190833,5.632],[-0.190917,5.63225],[-0.191083,5.63225],[-0.191083,5.631917],[-0.191167,5.631917],[-0.19125,5.6315],[-0.191417,5.631333],[-0.191417,5.631083],[-0.191167,5.631167]],[[-0.188333,5.631833],[-0.1885,5.631833],[-0.1885,5.631667],[-0.188333,5.631667],[-0.188333,5.631833]],[[-0.189167,5.630917],[-0.188833,5.630917],[-0.188833,5.630833],[-0.188333,5.630667],[-0.188583,5.630333],[-0.18875,5.630333],[-0.188667,5.630083],[-0.18825,5.630083],[-0.18825,5.63025],[-0.188,5.630417],[-0.188,5.63075],[-0.187917,5.63075],[-0.187917,5.630917],[-0.188167,5.631],[-0.188167,5.631083],[-0.188333,5.631083],[-0.188417,5.63125],[-0.189083,5.63125],[-0.189167,5.631083],[-0.189417,5.631],[-0.189333,5.630833],[-0.189167,5.630833],[-0.189167,5.630917]],[[-0.191583,5.630583],[-0.19175,5.630583],[-0.19175,5.630417],[-0.191583,5.630417],[-0.191583,5.630583]]]}},{"type":"Feature","properties":{"class":"shrubland","ha":0.42},"geometry":{"type":"Polygon","coordinates":[[[-0.1905,5.63625],[-0.1905,5.635917],[-0.190667,5.635833],[-0.19075,5.636],[-0.190917,5.636],[-0.191083,5.636167],[-0.191083,5.636333],[-0.191167,5.636333],[-0.191167,5.6365],[-0.191333,5.636667],[-0.19125,5.63675],[-0.191,5.63675],[-0.191,5.636583],[-0.190833,5.636417],[-0.190667,5.636417],[-0.1905,5.63625]]]}},{"type":"Feature","properties":{"class":"shrubland","ha":0.29},"geometry":{"type":"Polygon","coordinates":[[[-0.192167,5.637167],[-0.192583,5.63725],[-0.192583,5.637583],[-0.1925,5.637583],[-0.1925,5.637833],[-0.192417,5.637917],[-0.19225,5.637833],[-0.19225,5.6375],[-0.192083,5.637417],[-0.192083,5.63725],[-0.192167,5.637167]]]}},{"type":"Feature","properties":{"class":"shrubland","ha":1.37},"geometry":{"type":"Polygon","coordinates":[[[-0.190167,5.6385],[-0.19025,5.638417],[-0.1905,5.638417],[-0.190667,5.638167],[-0.190833,5.638167],[-0.190917,5.638],[-0.191167,5.638],[-0.191167,5.637917],[-0.191333,5.637917],[-0.191583,5.63825],[-0.191917,5.63825],[-0.192,5.638333],[-0.192,5.6385],[-0.19175,5.63875],[-0.191583,5.63875],[-0.1915,5.638917],[-0.191333,5.638917],[-0.191333,5.63875],[-0.191417,5.63875],[-0.191333,5.638583],[-0.191083,5.638583],[-0.191167,5.639083],[-0.190833,5.639083],[-0.190833,5.638667],[-0.190667,5.638667],[-0.190667,5.638917],[-0.190417,5.638917],[-0.190333,5.63875],[-0.190167,5.63875],[-0.190167,5.6385]],[[-0.191,5.63825],[-0.191,5.638333],[-0.191167,5.638333],[-0.191167,5.63825],[-0.191,5.63825]]]}},{"type":"Feature","properties":{"class":"shrubland","ha":0.29},"geometry":{"type":"Polygon","coordinates":[[[-0.192083,5.64525],[-0.192167,5.645417],[-0.192083,5.645417],[-0.192083,5.645583],[-0.191917,5.64575],[-0.19175,5.64575],[-0.191583,5.645583],[-0.191667,5.645167],[-0.191917,5.645167],[-0.191917,5.64525],[-0.192083,5.64525]]]}},{"type":"Feature","properties":{"class":"shrubland","ha":0.48},"geometry":{"type":"Polygon","coordinates":[[[-0.191417,5.645917],[-0.191083,5.646],[-0.191083,5.64625],[-0.190917,5.64625],[-0.190833,5.646417],[-0.190917,5.6465],[-0.191167,5.6465],[-0.19125,5.64625],[-0.191417,5.646167],[-0.191417,5.6465],[-0.19125,5.6465],[-0.191167,5.646667],[-0.19075,5.646667],[-0.19075,5.64625],[-0.190833,5.64625],[-0.19075,5.645667],[-0.191333,5.64575],[-0.191417,5.645917]]]}},{"type":"Feature","properties":{"class":"shrubland","ha":0.28},"geometry":{"type":"Polygon","coordinates":[[[-0.19375,5.6515],[-0.19375,5.65125],[-0.194,5.651333],[-0.194,5.652],[-0.193917,5.652083],[-0.193583,5.65175],[-0.193667,5.6515],[-0.19375,5.6515]]]}},{"type":"Feature","properties":{"class":"shrubland","ha":12.07},"geometry":{"type":"Polygon","coordinates":[[[-0.190917,5.654583],[-0.191,5.654583],[-0.191,5.654333],[-0.190917,5.65425],[-0.19125,5.654083],[-0.19125,5.653667],[-0.191167,5.653583],[-0.191417,5.653333],[-0.191417,5.653167],[-0.19125,5.653],[-0.191083,5.653],[-0.191,5.65275],[-0.190917,5.65275],[-0.190917,5.652667],[-0.19125,5.652667],[-0.19125,5.6525],[-0.190667,5.652417],[-0.190667,5.652167],[-0.190917,5.651917],[-0.191167,5.652167],[-0.191333,5.652167],[-0.191417,5.652],[-0.191667,5.652],[-0.191833,5.652167],[-0.192167,5.652167],[-0.192333,5.652583],[-0.192833,5.652583],[-0.192917,5.652417],[-0.193083,5.652417],[-0.193167,5.652667],[-0.193333,5.652667],[-0.193333,5.6525],[-0.193917,5.6525],[-0.193917,5.652583],[-0.194167,5.6525],[-0.19425,5.652583],[-0.19425,5.652917],[-0.194083,5.652917],[-0.194083,5.652833],[-0.193833,5.652917],[-0.193917,5.653333],[-0.1935,5.653417],[-0.1935,5.653667],[-0.193833,5.653667],[-0.194,5.653917],[-0.19425,5.653917],[-0.194333,5.653667],[-0.1945,5.653583],[-0.19475,5.653833],[-0.194833,5.654083],[-0.195083,5.654],[-0.195,5.653833],[-0.194833,5.653833],[-0.194833,5.653667],[-0.195333,5.653583],[-0.195583,5.653333],[-0.195583,5.653167],[-0.1955,5.653167],[-0.1955,5.653],[-0.195333,5.653],[-0.195333,5.652833],[-0.19475,5.65275],[-0.194583,5.6525],[-0.194333,5.652417],[-0.194333,5.65225],[-0.194583,5.65225],[-0.194667,5.652083],[-0.195167,5.652083],[-0.19525,5.652667],[-0.195333,5.65275],[-0.195667,5.65275],[-0.195667,5.652833],[-0.196167,5.652833],[-0.196167,5.65275],[-0.196333,5.65275],[-0.196167,5.652917],[-0.196167,5.653167],[-0.19625,5.653167],[-0.196167,5.6535],[-0.196,5.6535],[-0.195917,5.653583],[-0.195917,5.653917],[-0.1955,5.654167],[-0.195583,5.655083],[-0.195333,5.65525],[-0.195333,5.655417],[-0.195167,5.655583],[-0.194833,5.65525],[-0.1945,5.65525],[-0.19425,5.655],[-0.19425,5.654833],[-0.194083,5.65475],[-0.194083,5.654583],[-0.193917,5.654583],[-0.193667,5.654917],[-0.19325,5.654917],[-0.19325,5.654833],[-0.193,5.65475],[-0.192833,5.655],[-0.1925,5.655083],[-0.192333,5.65525],[-0.192333,5.655167],[-0.192167,5.655167],[-0.191917,5.654917],[-0.191917,5.654667],[-0.191833,5.654583],[-0.191167,5.6545],[-0.191083,5.65475],[-0.191333,5.654917],[-0.191333,5.655417],[-0.191417,5.655417],[-0.191417,5.65575],[-0.191333,5.655833],[-0.191083,5.655667],[-0.191083,5.655167],[-0.190917,5.655083],[-0.190917,5.654583]],[[-0.194583,5.6545],[-0.194583,5.65475],[-0.19475,5.65475],[-0.19475,5.6545],[-0.194583,5.6545]],[[-0.194333,5.654333],[-0.194333,5.6545],[-0.194417,5.6545],[-0.194417,5.654333],[-0.194333,5.654333]],[[-0.19375,5.654083],[-0.19375,5.654167],[-0.193917,5.654167],[-0.193917,5.654083],[-0.19375,5.654083]],[[-0.192667,5.654083],[-0.192917,5.654083],[-0.193083,5.653917],[-0.193083,5.65375],[-0.193,5.65375],[-0.193083,5.653667],[-0.193083,5.653333],[-0.193,5.65325],[-0.192833,5.65325],[-0.192833,5.653333],[-0.1925,5.653333],[-0.1925,5.65325],[-0.192083,5.653333],[-0.192083,5.65325],[-0.191917,5.65325],[-0.191833,5.653333],[-0.191833,5.653667],[-0.192,5.65375],[-0.192083,5.654],[-0.192583,5.653917],[-0.192667,5.654083]],[[-0.19175,5.653583],[-0.191583,5.653583],[-0.1915,5.653667],[-0.1915,5.653917],[-0.19175,5.653833],[-0.191833,5.65375],[-0.19175,5.653583]]]}},{"type":"Feature","properties":{"class":"shrubland","ha":0.46},"geometry":{"type":"Polygon","coordinates":[[[-0.19325,5.655833],[-0.193417,5.655833],[-0.1935,5.65675],[-0.193333,5.656917],[-0.193167,5.656917],[-0.193167,5.65675],[-0.193,5.656667],[-0.193083,5.656083],[-0.193167,5.656083],[-0.19325,5.655833]]]}},{"type":"Feature","properties":{"class":"shrubland","ha":0.26},"geometry":{"type":"Polygon","coordinates":[[[-0.191833,5.657667],[-0.192,5.657833],[-0.192,5.658167],[-0.191917,5.65825],[-0.191667,5.658167],[-0.191667,5.658],[-0.1915,5.658],[-0.1915,5.657833],[-0.191667,5.657667],[-0.191833,5.657667]]]}},{"type":"Feature","properties":{"class":"shrubland","ha":8.97},"geometry":{"type":"Polygon","coordinates":[[[-0.191917,5.660333],[-0.19225,5.660417],[-0.19225,5.660083],[-0.192167,5.66],[-0.192,5.660083],[-0.191833,5.659917],[-0.191333,5.66],[-0.19125,5.6595],[-0.191167,5.659417],[-0.190833,5.6595],[-0.19075,5.659417],[-0.19075,5.659167],[-0.190333,5.658917],[-0.190417,5.658667],[-0.190583,5.658667],[-0.190667,5.658917],[-0.19075,5.659],[-0.191,5.659],[-0.191083,5.659167],[-0.191583,5.659083],[-0.191583,5.659],[-0.191917,5.658917],[-0.191917,5.658833],[-0.192167,5.658833],[-0.19225,5.65875],[-0.19225,5.65825],[-0.192333,5.65825],[-0.192333,5.658],[-0.1925,5.657917],[-0.1925,5.65775],[-0.192833,5.6575],[-0.192917,5.65725],[-0.19325,5.65725],[-0.193333,5.6575],[-0.193417,5.6575],[-0.193417,5.65775],[-0.193,5.657833],[-0.193,5.657917],[-0.1935,5.658083],[-0.193417,5.6585],[-0.193667,5.6585],[-0.19375,5.658583],[-0.19375,5.658833],[-0.193833,5.658833],[-0.193833,5.659083],[-0.194,5.659083],[-0.193917,5.658833],[-0.194167,5.658583],[-0.19425,5.658167],[-0.194167,5.658167],[-0.194083,5.657917],[-0.193917,5.657917],[-0.193917,5.65775],[-0.194333,5.65775],[-0.194333,5.657667],[-0.194833,5.657583],[-0.194833,5.658167],[-0.195,5.658167],[-0.195,5.65825],[-0.195083,5.658167],[-0.195333,5.658167],[-0.195417,5.657917],[-0.1955,5.657917],[-0.1955,5.65775],[-0.19575,5.657667],[-0.195917,5.6575],[-0.195917,5.657333],[-0.196083,5.65725],[-0.196083,5.657],[-0.19625,5.657],[-0.1965,5.65675],[-0.1965,5.6565],[-0.196667,5.656333],[-0.196917,5.656417],[-0.196833,5.656917],[-0.196667,5.657083],[-0.1965,5.657083],[-0.196417,5.65725],[-0.196167,5.65725],[-0.196083,5.657333],[-0.195917,5.658083],[-0.195417,5.658583],[-0.1955,5.658833],[-0.195667,5.658833],[-0.195667,5.659167],[-0.195583,5.65925],[-0.1955,5.659167],[-0.194833,5.659167],[-0.194667,5.659333],[-0.194667,5.6595],[-0.1945,5.659583],[-0.1945,5.6595],[-0.193583,5.659417],[-0.193583,5.65925],[-0.193667,5.65925],[-0.193667,5.659],[-0.193583,5.658917],[-0.193333,5.658917],[-0.193167,5.659083],[-0.19325,5.6595],[-0.192917,5.659417],[-0.192917,5.659167],[-0.192833,5.659083],[-0.192583,5.659083],[-0.1925,5.659333],[-0.192417,5.659333],[-0.1925,5.659417],[-0.192417,5.65975],[-0.1925,5.659833],[-0.19275,5.659833],[-0.19275,5.66],[-0.192833,5.66],[-0.19275,5.660333],[-0.192917,5.660417],[-0.193,5.66075],[-0.1925,5.660917],[-0.1925,5.660667],[-0.19225,5.660583],[-0.19225,5.660667],[-0.192,5.660667],[-0.191917,5.66075],[-0.191917,5.661],[-0.192,5.661],[-0.191917,5.661167],[-0.1915,5.66125],[-0.1915,5.661083],[-0.191583,5.661083],[-0.1915,5.660583],[-0.191917,5.660333]],[[-0.192083,5.658917],[-0.192083,5.659083],[-0.192333,5.659083],[-0.192333,5.658917],[-0.192083,5.658917]]]}},{"type":"Feature","properties":{"class":"shrubland","ha":0.31},"geometry":{"type":"Polygon","coordinates":[[[-0.193333,5.66175],[-0.193333,5.661833],[-0.193083,5.661833],[-0.193083,5.661917],[-0.192833,5.661917],[-0.19275,5.661833],[-0.19275,5.661583],[-0.192917,5.661583],[-0.192917,5.6615],[-0.1935,5.6615],[-0.193583,5.661667],[-0.193333,5.66175]]]}},{"type":"Feature","properties":{"class":"shrubland","ha":0.36},"geometry":{"type":"Polygon","coordinates":[[[-0.191167,5.665583],[-0.191333,5.665583],[-0.1915,5.665417],[-0.191917,5.665417],[-0.192,5.665583],[-0.191917,5.665667],[-0.191583,5.665583],[-0.191417,5.665833],[-0.191,5.665833],[-0.190917,5.665583],[-0.190833,5.665583],[-0.190833,5.665417],[-0.191083,5.665417],[-0.191167,5.665583]]]}},{"type":"Feature","properties":{"class":"shrubland","ha":0.44},"geometry":{"type":"Polygon","coordinates":[[[-0.189583,5.627833],[-0.189583,5.6275],[-0.189833,5.6275],[-0.189917,5.627667],[-0.190167,5.627583],[-0.19025,5.627417],[-0.190417,5.6275],[-0.190417,5.628],[-0.19,5.628],[-0.189917,5.627833],[-0.18975,5.627833],[-0.189667,5.628],[-0.1895,5.628],[-0.1895,5.627833],[-0.189583,5.627833]]]}},{"type":"Feature","properties":{"class":"shrubland","ha":0.27},"geometry":{"type":"Polygon","coordinates":[[[-0.185167,5.62875],[-0.185167,5.628333],[-0.185333,5.628333],[-0.185417,5.628417],[-0.185417,5.628667],[-0.185333,5.628667],[-0.185417,5.628917],[-0.185,5.629167],[-0.185,5.629],[-0.184833,5.629],[-0.184833,5.628833],[-0.185,5.628917],[-0.185167,5.62875]]]}},{"type":"Feature","properties":{"class":"shrubland","ha":0.72},"geometry":{"type":"Polygon","coordinates":[[[-0.18625,5.634667],[-0.186667,5.634083],[-0.186833,5.634083],[-0.186917,5.634167],[-0.186917,5.634417],[-0.187083,5.6345],[-0.187083,5.63475],[-0.186917,5.634917],[-0.18675,5.634917],[-0.18675,5.635],[-0.186583,5.635],[-0.186583,5.634917],[-0.186083,5.634917],[-0.186,5.635],[-0.185917,5.634917],[-0.186,5.634667],[-0.18625,5.634667]]]}},{"type":"Feature","properties":{"class":"shrubland","ha":1.09},"geometry":{"type":"Polygon","coordinates":[[[-0.184583,5.635333],[-0.184667,5.635083],[-0.184917,5.635],[-0.184917,5.634833],[-0.185167,5.634833],[-0.185,5.635333],[-0.185333,5.635333],[-0.185417,5.63575],[-0.185,5.635833],[-0.185,5.635917],[-0.184667,5.635917],[-0.184583,5.636],[-0.184583,5.63625],[-0.184333,5.636333],[-0.18425,5.636083],[-0.184167,5.636083],[-0.184167,5.635667],[-0.184583,5.635333]]]}},{"type":"Feature","properties":{"class":"shrubland","ha":0.82},"geometry":{"type":"Polygon","coordinates":[[[-0.18925,5.636083],[-0.189417,5.636083],[-0.1895,5.635917],[-0.189667,5.635917],[-0.18975,5.63575],[-0.189917,5.63575],[-0.189917,5.63625],[-0.19,5.63625],[-0.189917,5.636583],[-0.18975,5.6365],[-0.189667,5.63625],[-0.1895,5.63625],[-0.189167,5.636667],[-0.188833,5.636667],[-0.18875,5.63675],[-0.18875,5.637083],[-0.1885,5.637083],[-0.188583,5.6365],[-0.18875,5.636333],[-0.189,5.636333],[-0.18925,5.636083]]]}},{"type":"Feature","properties":{"class":"shrubland","ha":1.7},"geometry":{"type":"Polygon","coordinates":[[[-0.188833,5.638417],[-0.189083,5.6385],[-0.189417,5.638167],[-0.189417,5.638],[-0.189083,5.638083],[-0.189083,5.637833],[-0.188833,5.63775],[-0.189,5.6375],[-0.189333,5.6375],[-0.1895,5.637667],[-0.1895,5.637833],[-0.18975,5.637917],[-0.18975,5.638083],[-0.190167,5.638417],[-0.190167,5.6385],[-0.19,5.6385],[-0.19,5.63875],[-0.189833,5.638833],[-0.189833,5.63925],[-0.189583,5.63925],[-0.189583,5.639417],[-0.189333,5.639417],[-0.189167,5.63925],[-0.189,5.63925],[-0.188917,5.6385],[-0.188833,5.638417]]]}},{"type":"Feature","properties":{"class":"shrubland","ha":0.75},"geometry":{"type":"Polygon","coordinates":[[[-0.189417,5.640917],[-0.189917,5.641],[-0.189917,5.640917],[-0.190167,5.640917],[-0.19025,5.64075],[-0.1905,5.64075],[-0.1905,5.641333],[-0.190333,5.6415],[-0.190083,5.6415],[-0.19,5.64125],[-0.189667,5.64125],[-0.189667,5.641417],[-0.189583,5.641417],[-0.189667,5.641583],[-0.189583,5.641667],[-0.18925,5.641667],[-0.189167,5.641417],[-0.189417,5.641417],[-0.1895,5.641333],[-0.1895,5.641083],[-0.189417,5.641083],[-0.189417,5.640917]]]}},{"type":"Feature","properties":{"class":"shrubland","ha":0.31},"geometry":{"type":"Polygon","coordinates":[[[-0.189833,5.641583],[-0.190083,5.6415],[-0.190083,5.641667],[-0.19,5.641667],[-0.190083,5.642417],[-0.18975,5.642417],[-0.189833,5.642],[-0.189667,5.641917],[-0.189667,5.641667],[-0.189833,5.641667],[-0.189833,5.641583]]]}},{"type":"Feature","properties":{"class":"shrubland","ha":0.62},"geometry":{"type":"Polygon","coordinates":[[[-0.18675,5.656167],[-0.186667,5.656167],[-0.186667,5.655917],[-0.186583,5.655917],[-0.186583,5.65575],[-0.18675,5.65575],[-0.18675,5.655667],[-0.18725,5.656083],[-0.18725,5.656333],[-0.187333,5.656417],[-0.18775,5.6565],[-0.187833,5.656667],[-0.18775,5.65675],[-0.187333,5.65675],[-0.18725,5.656583],[-0.187083,5.656583],[-0.187083,5.6565],[-0.186833,5.656417],[-0.18675,5.656167]]]}},{"type":"Feature","properties":{"class":"shrubland","ha":0.28},"geometry":{"type":"Polygon","coordinates":[[[-0.185583,5.656917],[-0.185583,5.656833],[-0.185917,5.656833],[-0.185917,5.657],[-0.185333,5.657083],[-0.185333,5.657167],[-0.185167,5.657167],[-0.185,5.657333],[-0.185,5.6575],[-0.184833,5.6575],[-0.18475,5.65725],[-0.185,5.657167],[-0.185083,5.657],[-0.185583,5.656917]]]}},{"type":"Feature","properties":{"class":"shrubland","ha":3.53},"geometry":{"type":"Polygon","coordinates":[[[-0.1885,5.658],[-0.188917,5.657833],[-0.188833,5.657667],[-0.188667,5.657667],[-0.188667,5.6575],[-0.189333,5.656833],[-0.1895,5.656833],[-0.1895,5.65675],[-0.189833,5.656833],[-0.190083,5.657083],[-0.190083,5.657417],[-0.19025,5.657583],[-0.190917,5.6575],[-0.191083,5.657333],[-0.191167,5.656833],[-0.191333,5.65675],[-0.191333,5.656583],[-0.191167,5.656583],[-0.191,5.65675],[-0.191,5.656333],[-0.19125,5.656333],[-0.191333,5.6565],[-0.1915,5.656333],[-0.19175,5.656333],[-0.191833,5.656583],[-0.191333,5.657],[-0.191333,5.65725],[-0.191417,5.65725],[-0.1915,5.6575],[-0.191167,5.657583],[-0.191167,5.65775],[-0.191417,5.657833],[-0.191417,5.658],[-0.19125,5.658],[-0.19125,5.658083],[-0.191083,5.658083],[-0.191083,5.658],[-0.190417,5.658083],[-0.190333,5.657833],[-0.189667,5.65775],[-0.189333,5.658167],[-0.189083,5.65825],[-0.189,5.658833],[-0.189167,5.659],[-0.188833,5.659083],[-0.18875,5.658833],[-0.188583,5.65875],[-0.188583,5.658583],[-0.1885,5.658583],[-0.1885,5.658]]]}},{"type":"Feature","properties":{"class":"shrubland","ha":0.48},"geometry":{"type":"Polygon","coordinates":[[[-0.186,5.65875],[-0.186167,5.65875],[-0.18625,5.658917],[-0.186583,5.658917],[-0.186583,5.658833],[-0.186917,5.658917],[-0.187,5.658333],[-0.18725,5.658583],[-0.187167,5.658917],[-0.187,5.659083],[-0.186333,5.659167],[-0.186333,5.659083],[-0.186083,5.659083],[-0.185917,5.658917],[-0.186,5.65875]]]}},{"type":"Feature","properties":{"class":"shrubland","ha":0.32},"geometry":{"type":"Polygon","coordinates":[[[-0.188083,5.659083],[-0.188083,5.658917],[-0.188333,5.658917],[-0.188417,5.659333],[-0.18875,5.659667],[-0.189,5.659667],[-0.189,5.659917],[-0.188583,5.659917],[-0.188583,5.65975],[-0.188333,5.6595],[-0.18825,5.659167],[-0.188083,5.659083]]]}},{"type":"Feature","properties":{"class":"shrubland","ha":0.44},"geometry":{"type":"Polygon","coordinates":[[[-0.18675,5.659333],[-0.186917,5.659333],[-0.187,5.659583],[-0.187083,5.659583],[-0.187083,5.660083],[-0.186917,5.66025],[-0.18675,5.66025],[-0.186583,5.660083],[-0.186667,5.659417],[-0.18675,5.659333]]]}},{"type":"Feature","properties":{"class":"shrubland","ha":1.59},"geometry":{"type":"Polygon","coordinates":[[[-0.19,5.661],[-0.190083,5.660833],[-0.189833,5.660833],[-0.18975,5.661],[-0.1895,5.661],[-0.1895,5.660833],[-0.189417,5.660833],[-0.1895,5.660417],[-0.189667,5.660417],[-0.189833,5.660583],[-0.190083,5.660333],[-0.19,5.659833],[-0.19025,5.659917],[-0.19025,5.659833],[-0.1905,5.659833],[-0.1905,5.65975],[-0.190833,5.659667],[-0.191,5.659833],[-0.191,5.660083],[-0.190667,5.66],[-0.190583,5.660167],[-0.190417,5.660167],[-0.190417,5.66025],[-0.190167,5.660333],[-0.190167,5.6605],[-0.190333,5.660583],[-0.190333,5.661167],[-0.1905,5.661333],[-0.1905,5.66175],[-0.190167,5.662083],[-0.19,5.662],[-0.19,5.661417],[-0.18975,5.66125],[-0.18975,5.661083],[-0.19,5.661]]]}},{"type":"Feature","properties":{"class":"shrubland","ha":0.37},"geometry":{"type":"Polygon","coordinates":[[[-0.188417,5.664083],[-0.188583,5.664083],[-0.188583,5.664167],[-0.189,5.66425],[-0.189083,5.664417],[-0.188833,5.664583],[-0.18875,5.664833],[-0.188583,5.664833],[-0.188417,5.664667],[-0.188417,5.6645],[-0.1885,5.6645],[-0.1885,5.664333],[-0.188417,5.664333],[-0.188417,5.664083]]]}},{"type":"Feature","properties":{"class":"shrubland","ha":0.28},"geometry":{"type":"Polygon","coordinates":[[[-0.18975,5.6645],[-0.18975,5.665],[-0.189833,5.665083],[-0.19,5.665083],[-0.190083,5.664917],[-0.19025,5.664917],[-0.19025,5.665167],[-0.190167,5.66525],[-0.189833,5.66525],[-0.189833,5.665167],[-0.189583,5.665167],[-0.1895,5.665083],[-0.1895,5.664833],[-0.189667,5.664667],[-0.189667,5.6645],[-0.18975,5.6645]]]}},{"type":"Feature","properties":{"class":"shrubland","ha":0.27},"geometry":{"type":"Polygon","coordinates":[[[-0.189333,5.666667],[-0.189333,5.666917],[-0.18925,5.667],[-0.188833,5.667],[-0.18875,5.666917],[-0.18875,5.66675],[-0.188917,5.666583],[-0.18925,5.666583],[-0.189333,5.666667]]]}},{"type":"Feature","properties":{"class":"shrubland","ha":0.6},"geometry":{"type":"Polygon","coordinates":[[[-0.184417,5.630333],[-0.184417,5.6305],[-0.184583,5.630583],[-0.184583,5.63075],[-0.184333,5.63075],[-0.184333,5.630917],[-0.184167,5.631083],[-0.183917,5.631083],[-0.183833,5.631167],[-0.183833,5.631083],[-0.183583,5.631],[-0.183583,5.630667],[-0.183833,5.630583],[-0.183833,5.6305],[-0.184417,5.630333]]]}},{"type":"Feature","properties":{"class":"shrubland","ha":0.39},"geometry":{"type":"Polygon","coordinates":[[[-0.1805,5.6315],[-0.1805,5.63175],[-0.180667,5.631833],[-0.180667,5.632],[-0.18025,5.631917],[-0.180167,5.632083],[-0.18,5.632083],[-0.179917,5.631917],[-0.180083,5.631833],[-0.180083,5.631333],[-0.180333,5.631333],[-0.1805,5.6315]]]}},{"type":"Feature","properties":{"class":"shrubland","ha":0.81},"geometry":{"type":"Polygon","coordinates":[[[-0.178333,5.631667],[-0.178417,5.631417],[-0.178667,5.631417],[-0.178833,5.631583],[-0.17875,5.631833],[-0.178833,5.631917],[-0.179083,5.631917],[-0.179167,5.632167],[-0.179417,5.632167],[-0.1795,5.632417],[-0.179417,5.6325],[-0.178667,5.6325],[-0.178583,5.632583],[-0.1785,5.632333],[-0.178417,5.632333],[-0.178417,5.632083],[-0.1785,5.632083],[-0.178583,5.631833],[-0.178333,5.631667]]]}},{"type":"Feature","properties":{"class":"shrubland","ha":0.26},"geometry":{"type":"Polygon","coordinates":[[[-0.179833,5.632667],[-0.18,5.632667],[-0.180167,5.632833],[-0.180167,5.633083],[-0.18,5.633083],[-0.18,5.633583],[-0.179833,5.6335],[-0.179833,5.633167],[-0.179917,5.633083],[-0.17975,5.632917],[-0.179833,5.632667]]]}},{"type":"Feature","properties":{"class":"shrubland","ha":0.37},"geometry":{"type":"Polygon","coordinates":[[[-0.183583,5.63575],[-0.183833,5.63575],[-0.183833,5.636167],[-0.1835,5.636417],[-0.1835,5.636583],[-0.183333,5.636583],[-0.18325,5.63625],[-0.183333,5.63625],[-0.183333,5.636],[-0.183583,5.63575]]]}},{"type":"Feature","properties":{"class":"shrubland","ha":1.56},"geometry":{"type":"Polygon","coordinates":[[[-0.181417,5.641917],[-0.181333,5.64175],[-0.181583,5.641667],[-0.181833,5.641417],[-0.181833,5.641083],[-0.182,5.641083],[-0.182083,5.641333],[-0.182333,5.641417],[-0.182417,5.641333],[-0.182417,5.641083],[-0.18225,5.640917],[-0.18275,5.64075],[-0.18275,5.640667],[-0.183,5.640667],[-0.182917,5.641167],[-0.183167,5.641417],[-0.183167,5.64175],[-0.183,5.641833],[-0.183,5.642083],[-0.18275,5.642167],[-0.182583,5.64175],[-0.182333,5.64175],[-0.182167,5.641917],[-0.181417,5.641917]]]}},{"type":"Feature","properties":{"class":"shrubland","ha":0.32},"geometry":{"type":"Polygon","coordinates":[[[-0.180583,5.641917],[-0.1805,5.642083],[-0.180167,5.642],[-0.180167,5.642083],[-0.179667,5.642167],[-0.179667,5.642],[-0.17975,5.642],[-0.179833,5.64175],[-0.180417,5.64175],[-0.180583,5.641917]]]}},{"type":"Feature","properties":{"class":"shrubland","ha":1.33},"geometry":{"type":"Polygon","coordinates":[[[-0.17775,5.656667],[-0.178,5.656417],[-0.178,5.656083],[-0.178167,5.655917],[-0.178333,5.655917],[-0.178333,5.655833],[-0.1785,5.655833],[-0.1785,5.65575],[-0.178667,5.65575],[-0.178833,5.6555],[-0.179083,5.6555],[-0.179083,5.65575],[-0.179167,5.65575],[-0.179083,5.656083],[-0.17925,5.656167],[-0.17925,5.6565],[-0.179,5.656583],[-0.179,5.656667],[-0.17875,5.656667],[-0.178667,5.6565],[-0.178417,5.656417],[-0.178333,5.6565],[-0.178333,5.656833],[-0.178167,5.656833],[-0.178083,5.656667],[-0.177833,5.656833],[-0.17775,5.656667]]]}},{"type":"Feature","properties":{"class":"shrubland","ha":0.46},"geometry":{"type":"Polygon","coordinates":[[[-0.183,5.656417],[-0.182667,5.656417],[-0.182667,5.65625],[-0.182917,5.656],[-0.18325,5.656],[-0.18325,5.656083],[-0.183417,5.656083],[-0.183667,5.656333],[-0.183667,5.65675],[-0.183583,5.65675],[-0.183583,5.656583],[-0.183417,5.656417],[-0.183,5.6565],[-0.183,5.656417]]]}},{"type":"Feature","properties":{"class":"shrubland","ha":0.45},"geometry":{"type":"Polygon","coordinates":[[[-0.183167,5.657417],[-0.183583,5.657417],[-0.18375,5.657583],[-0.183583,5.657667],[-0.1835,5.657917],[-0.182667,5.658167],[-0.182667,5.658],[-0.182917,5.658],[-0.183,5.657917],[-0.183,5.657583],[-0.183167,5.657417]]]}},{"type":"Feature","properties":{"class":"shrubland","ha":0.49},"geometry":{"type":"Polygon","coordinates":[[[-0.180583,5.659167],[-0.180667,5.65925],[-0.180667,5.6595],[-0.180917,5.659667],[-0.18075,5.659833],[-0.18075,5.660333],[-0.180667,5.660417],[-0.180417,5.660333],[-0.1805,5.65975],[-0.180333,5.659667],[-0.180333,5.65925],[-0.180583,5.659167]]]}},{"type":"Feature","properties":{"class":"shrubland","ha":0.87},"geometry":{"type":"Polygon","coordinates":[[[-0.178917,5.659583],[-0.179,5.659333],[-0.179167,5.659333],[-0.179167,5.659583],[-0.179333,5.65975],[-0.179333,5.660083],[-0.179417,5.660083],[-0.179417,5.660667],[-0.179333,5.66075],[-0.178833,5.66075],[-0.17875,5.660667],[-0.178858,5.659696],[-0.17875,5.659667],[-0.178917,5.659583]]]}},{"type":"Feature","properties":{"class":"shrubland","ha":1.38},"geometry":{"type":"Polygon","coordinates":[[[-0.18125,5.66025],[-0.180917,5.66025],[-0.180917,5.660083],[-0.181167,5.659917],[-0.181083,5.659667],[-0.18125,5.659833],[-0.181417,5.659833],[-0.181417,5.6595],[-0.181583,5.659333],[-0.18175,5.659333],[-0.181583,5.6595],[-0.181583,5.659833],[-0.181833,5.659833],[-0.182,5.659667],[-0.182167,5.659667],[-0.182167,5.65975],[-0.1825,5.659667],[-0.182583,5.65975],[-0.182583,5.659917],[-0.18225,5.660167],[-0.18225,5.660333],[-0.182,5.6605],[-0.182,5.660667],[-0.18175,5.660833],[-0.181667,5.661083],[-0.1815,5.661],[-0.1815,5.660333],[-0.18125,5.660167],[-0.18125,5.66025]]]}},{"type":"Feature","properties":{"class":"shrubland","ha":1.69},"geometry":{"type":"Polygon","coordinates":[[[-0.179,5.661833],[-0.17875,5.661833],[-0.178563,5.6615],[-0.178587,5.661333],[-0.17875,5.66125],[-0.17875,5.661083],[-0.178917,5.660917],[-0.179167,5.660917],[-0.179417,5.661167],[-0.179833,5.661167],[-0.179917,5.66125],[-0.179917,5.6615],[-0.18,5.6615],[-0.180083,5.661833],[-0.180167,5.661833],[-0.18,5.662],[-0.18,5.66225],[-0.180167,5.662333],[-0.180167,5.6625],[-0.179917,5.6625],[-0.179917,5.662333],[-0.179833,5.66225],[-0.179583,5.66225],[-0.1795,5.662083],[-0.179167,5.662083],[-0.179,5.661833]]]}},{"type":"Feature","properties":{"class":"shrubland","ha":0.57},"geometry":{"type":"Polygon","coordinates":[[[-0.180917,5.662083],[-0.180917,5.661833],[-0.181333,5.661917],[-0.181417,5.66175],[-0.181667,5.66175],[-0.181833,5.661583],[-0.18175,5.662167],[-0.182,5.66225],[-0.182,5.662417],[-0.181667,5.662417],[-0.181667,5.662333],[-0.181167,5.662417],[-0.18125,5.662333],[-0.181167,5.662167],[-0.180917,5.662083]]]}},{"type":"Feature","properties":{"class":"shrubland","ha":0.58},"geometry":{"type":"Polygon","coordinates":[[[-0.1835,5.661667],[-0.183583,5.66175],[-0.183583,5.662167],[-0.18375,5.66225],[-0.183667,5.6625],[-0.183167,5.662417],[-0.183,5.66225],[-0.183,5.66175],[-0.182917,5.66175],[-0.182917,5.661583],[-0.1835,5.661667]],[[-0.183167,5.662167],[-0.18325,5.662167],[-0.183333,5.661917],[-0.183167,5.661917],[-0.183167,5.662167]]]}},{"type":"Feature","properties":{"class":"shrubland","ha":0.28},"geometry":{"type":"Polygon","coordinates":[[[-0.181,5.662833],[-0.181083,5.662833],[-0.181,5.662917],[-0.181,5.663167],[-0.180917,5.66325],[-0.180583,5.66325],[-0.180667,5.662667],[-0.18075,5.662583],[-0.181,5.662667],[-0.181,5.662833]]]}},{"type":"Feature","properties":{"class":"shrubland","ha":6.59},"geometry":{"type":"Polygon","coordinates":[[[-0.177917,5.665583],[-0.177938,5.66525],[-0.178167,5.665167],[-0.17825,5.664917],[-0.178333,5.664917],[-0.178333,5.664667],[-0.17825,5.664583],[-0.178092,5.664667],[-0.178319,5.663812],[-0.178393,5.663083],[-0.1785,5.663],[-0.1785,5.66275],[-0.178583,5.662667],[-0.179083,5.662833],[-0.179083,5.663],[-0.17925,5.663083],[-0.179167,5.663167],[-0.17925,5.66375],[-0.179333,5.663833],[-0.17975,5.663833],[-0.179833,5.664083],[-0.180417,5.664],[-0.180417,5.663667],[-0.18125,5.663833],[-0.18125,5.664],[-0.181167,5.664],[-0.18125,5.664167],[-0.181417,5.664083],[-0.181333,5.663833],[-0.182083,5.663833],[-0.182167,5.663917],[-0.182167,5.664167],[-0.181583,5.664667],[-0.181667,5.66475],[-0.181583,5.664833],[-0.181667,5.6655],[-0.181083,5.6655],[-0.180833,5.66525],[-0.180833,5.665083],[-0.181,5.665],[-0.181,5.66475],[-0.180833,5.664667],[-0.18075,5.664333],[-0.180667,5.66425],[-0.18025,5.66425],[-0.18025,5.664583],[-0.180333,5.664667],[-0.18025,5.664667],[-0.18025,5.664833],[-0.180083,5.665],[-0.17975,5.664917],[-0.17975,5.664833],[-0.179417,5.664833],[-0.179083,5.665167],[-0.179083,5.665333],[-0.178917,5.6655],[-0.17875,5.6655],[-0.17875,5.665667],[-0.178917,5.665667],[-0.178917,5.666083],[-0.178529,5.666143],[-0.178,5.665886],[-0.178,5.665583],[-0.177917,5.665583]],[[-0.178667,5.665417],[-0.178667,5.66525],[-0.17825,5.66525],[-0.17825,5.665417],[-0.178417,5.665417],[-0.178417,5.6655],[-0.17875,5.6655],[-0.178667,5.665417]],[[-0.181333,5.665083],[-0.181333,5.665167],[-0.181417,5.665167],[-0.181333,5.665083]],[[-0.17875,5.665167],[-0.179,5.665167],[-0.179083,5.664917],[-0.17875,5.664833],[-0.178667,5.665083],[-0.17875,5.665167]],[[-0.179333,5.664167],[-0.179333,5.664417],[-0.179167,5.6645],[-0.17925,5.66475],[-0.179417,5.66475],[-0.179583,5.664583],[-0.179583,5.664167],[-0.1795,5.664083],[-0.179333,5.664167]],[[-0.178667,5.664333],[-0.178583,5.664167],[-0.178417,5.664167],[-0.1785,5.664417],[-0.178667,5.664333]],[[-0.178417,5.663167],[-0.178417,5.663333],[-0.1785,5.663333],[-0.1785,5.663167],[-0.178417,5.663167]]]}},{"type":"Feature","properties":{"class":"shrubland","ha":6.72},"geometry":{"type":"Polygon","coordinates":[[[-0.183833,5.66625],[-0.183833,5.666],[-0.184167,5.66575],[-0.184167,5.665583],[-0.184,5.665583],[-0.184,5.665333],[-0.183833,5.66525],[-0.183833,5.665],[-0.183917,5.665],[-0.183917,5.664167],[-0.184,5.664167],[-0.183917,5.664],[-0.18375,5.664167],[-0.1835,5.664167],[-0.183417,5.66425],[-0.1835,5.664417],[-0.183417,5.6645],[-0.183167,5.6645],[-0.183,5.664667],[-0.183167,5.66525],[-0.183583,5.66525],[-0.183667,5.665333],[-0.1835,5.6655],[-0.1835,5.665667],[-0.18325,5.665833],[-0.183417,5.666],[-0.183417,5.6665],[-0.183667,5.666583],[-0.183583,5.666833],[-0.182917,5.666917],[-0.182917,5.666667],[-0.182833,5.666583],[-0.183,5.6665],[-0.183,5.666333],[-0.182833,5.66625],[-0.182917,5.66525],[-0.182833,5.665167],[-0.182583,5.665167],[-0.182583,5.664667],[-0.182417,5.664667],[-0.182333,5.664833],[-0.182167,5.664833],[-0.182083,5.665083],[-0.182,5.665083],[-0.182,5.664833],[-0.18225,5.66475],[-0.182333,5.6645],[-0.182583,5.66425],[-0.18275,5.664333],[-0.18275,5.664833],[-0.182917,5.664833],[-0.182917,5.6645],[-0.183,5.6645],[-0.182917,5.663667],[-0.183167,5.663583],[-0.183083,5.6635],[-0.183167,5.663333],[-0.1835,5.663333],[-0.183583,5.663583],[-0.183833,5.663667],[-0.183833,5.66375],[-0.184333,5.66375],[-0.1845,5.663583],[-0.1845,5.663667],[-0.184667,5.663667],[-0.184833,5.663833],[-0.184833,5.664667],[-0.184667,5.664833],[-0.184833,5.665083],[-0.184667,5.665083],[-0.1845,5.664833],[-0.184333,5.664917],[-0.184333,5.665083],[-0.1845,5.665167],[-0.1845,5.66575],[-0.184167,5.666],[-0.184333,5.66625],[-0.184833,5.66625],[-0.185,5.666083],[-0.185,5.665833],[-0.185083,5.665833],[-0.185167,5.665583],[-0.1855,5.665583],[-0.185583,5.6655],[-0.1855,5.664917],[-0.18525,5.664917],[-0.18525,5.665083],[-0.185083,5.66525],[-0.184917,5.665167],[-0.185083,5.665],[-0.185083,5.664833],[-0.185167,5.664833],[-0.18525,5.664583],[-0.1855,5.664833],[-0.185833,5.664833],[-0.185917,5.665167],[-0.186167,5.66525],[-0.18625,5.665667],[-0.186333,5.665667],[-0.186333,5.665917],[-0.186167,5.666083],[-0.185917,5.666],[-0.185833,5.66575],[-0.185583,5.66575],[-0.1855,5.666],[-0.185167,5.666167],[-0.185167,5.6665],[-0.184667,5.667],[-0.184417,5.66675],[-0.184167,5.66675],[-0.184083,5.6665],[-0.183833,5.66625]],[[-0.18425,5.664667],[-0.184333,5.664667],[-0.184417,5.664417],[-0.18425,5.664417],[-0.18425,5.664667]]]}},{"type":"Feature","properties":{"class":"shrubland","ha":0.53},"geometry":{"type":"Polygon","coordinates":[[[-0.177583,5.634083],[-0.177583,5.633833],[-0.177833,5.633583],[-0.178,5.633583],[-0.17825,5.633917],[-0.178417,5.633917],[-0.178417,5.634083],[-0.178167,5.634083],[-0.177833,5.634583],[-0.177583,5.634583],[-0.177833,5.634333],[-0.177583,5.634083]]]}},{"type":"Feature","properties":{"class":"shrubland","ha":0.27},"geometry":{"type":"Polygon","coordinates":[[[-0.178167,5.643583],[-0.178167,5.64375],[-0.177917,5.643833],[-0.177667,5.644083],[-0.177583,5.643667],[-0.17775,5.643583],[-0.17775,5.643417],[-0.178,5.643417],[-0.178167,5.643583]]]}},{"type":"Feature","properties":{"class":"shrubland","ha":0.62},"geometry":{"type":"Polygon","coordinates":[[[-0.171833,5.643583],[-0.171917,5.643667],[-0.171917,5.644],[-0.171833,5.644083],[-0.171917,5.644083],[-0.172,5.644417],[-0.17175,5.644667],[-0.1715,5.64475],[-0.171417,5.644667],[-0.171417,5.644417],[-0.17125,5.644333],[-0.171333,5.644083],[-0.171833,5.643583]]]}},{"type":"Feature","properties":{"class":"shrubland","ha":0.46},"geometry":{"type":"Polygon","coordinates":[[[-0.177333,5.645083],[-0.177333,5.6455],[-0.17725,5.645583],[-0.176917,5.645583],[-0.176917,5.6455],[-0.176667,5.645417],[-0.176667,5.645],[-0.17725,5.644917],[-0.17725,5.645083],[-0.177333,5.645083]]]}},{"type":"Feature","properties":{"class":"shrubland","ha":0.77},"geometry":{"type":"Polygon","coordinates":[[[-0.171333,5.6455],[-0.1715,5.645417],[-0.1715,5.645167],[-0.17175,5.645167],[-0.171667,5.645583],[-0.171583,5.645583],[-0.171583,5.645833],[-0.17175,5.645917],[-0.17175,5.64625],[-0.171917,5.646333],[-0.171917,5.646583],[-0.171833,5.646667],[-0.171333,5.64675],[-0.171333,5.646333],[-0.17125,5.646333],[-0.171333,5.645833],[-0.17125,5.645833],[-0.17125,5.645667],[-0.171333,5.645667],[-0.171333,5.6455]]]}},{"type":"Feature","properties":{"class":"shrubland","ha":0.55},"geometry":{"type":"Polygon","coordinates":[[[-0.173417,5.647083],[-0.173417,5.646917],[-0.173583,5.64675],[-0.174,5.64675],[-0.174083,5.647167],[-0.17425,5.64725],[-0.17425,5.6475],[-0.174333,5.6475],[-0.174333,5.64775],[-0.174083,5.6475],[-0.17375,5.6475],[-0.17375,5.647333],[-0.173417,5.647083]]]}},{"type":"Feature","properties":{"class":"shrubland","ha":0.28},"geometry":{"type":"Polygon","coordinates":[[[-0.172917,5.64775],[-0.1725,5.64775],[-0.172417,5.648],[-0.172083,5.648],[-0.172083,5.64775],[-0.17225,5.647583],[-0.172667,5.6475],[-0.172917,5.64775]]]}},{"type":"Feature","properties":{"class":"shrubland","ha":1.93},"geometry":{"type":"Polygon","coordinates":[[[-0.170917,5.64825],[-0.170667,5.64825],[-0.170583,5.648333],[-0.170333,5.648083],[-0.169917,5.648083],[-0.169917,5.648167],[-0.16975,5.648167],[-0.169583,5.648333],[-0.169583,5.648167],[-0.169667,5.648167],[-0.169583,5.647583],[-0.169917,5.64725],[-0.169833,5.646928],[-0.17025,5.647013],[-0.17025,5.647167],[-0.170583,5.64725],[-0.170667,5.647417],[-0.171,5.647417],[-0.171,5.647583],[-0.171083,5.647583],[-0.171083,5.648083],[-0.17125,5.648167],[-0.17125,5.648417],[-0.171333,5.6485],[-0.17175,5.648417],[-0.17175,5.648583],[-0.171333,5.648833],[-0.171167,5.648667],[-0.171167,5.6485],[-0.170917,5.64825]]]}},{"type":"Feature","properties":{"class":"shrubland","ha":0.31},"geometry":{"type":"Polygon","coordinates":[[[-0.174,5.648917],[-0.174167,5.648917],[-0.174333,5.649167],[-0.174083,5.64925],[-0.174083,5.649583],[-0.174,5.649667],[-0.173833,5.649667],[-0.17375,5.649583],[-0.17375,5.64925],[-0.174,5.648917]]]}},{"type":"Feature","properties":{"class":"shrubland","ha":1.49},"geometry":{"type":"Polygon","coordinates":[[[-0.170167,5.652],[-0.170083,5.651917],[-0.170083,5.651667],[-0.169917,5.6515],[-0.169583,5.651667],[-0.169667,5.65125],[-0.169917,5.651],[-0.169917,5.65075],[-0.16975,5.650583],[-0.170083,5.650583],[-0.170167,5.6505],[-0.170167,5.65025],[-0.17,5.650083],[-0.169833,5.650083],[-0.169667,5.649833],[-0.169417,5.649833],[-0.1695,5.6495],[-0.169667,5.649417],[-0.169667,5.649167],[-0.169917,5.64925],[-0.169917,5.649417],[-0.17,5.649417],[-0.169917,5.649833],[-0.170083,5.65],[-0.17025,5.65],[-0.170333,5.649833],[-0.170667,5.649833],[-0.17075,5.649917],[-0.17075,5.650083],[-0.1705,5.650167],[-0.170583,5.650583],[-0.170167,5.650583],[-0.17,5.65075],[-0.17,5.650917],[-0.170083,5.650917],[-0.170083,5.651417],[-0.17025,5.651583],[-0.171,5.6515],[-0.170917,5.651667],[-0.170667,5.651667],[-0.170417,5.652],[-0.170167,5.652]]]}},{"type":"Feature","properties":{"class":"shrubland","ha":1.77},"geometry":{"type":"Polygon","coordinates":[[[-0.171667,5.65225],[-0.172,5.65225],[-0.172167,5.652083],[-0.172083,5.651833],[-0.172333,5.651833],[-0.172583,5.652167],[-0.17275,5.652167],[-0.172833,5.652333],[-0.173,5.652333],[-0.173,5.6525],[-0.17275,5.6525],[-0.1725,5.65275],[-0.17225,5.65275],[-0.17225,5.652833],[-0.172417,5.652833],[-0.17225,5.653167],[-0.172,5.653083],[-0.172,5.652667],[-0.171833,5.6525],[-0.171667,5.652667],[-0.171417,5.652667],[-0.171417,5.653],[-0.171333,5.653],[-0.171167,5.652667],[-0.170917,5.652583],[-0.170917,5.652417],[-0.171167,5.65225],[-0.171167,5.652],[-0.17125,5.652],[-0.17125,5.65175],[-0.171,5.651667],[-0.171,5.651583],[-0.171333,5.651583],[-0.171417,5.651417],[-0.171583,5.651417],[-0.171583,5.652],[-0.1715,5.652],[-0.171667,5.65225]]]}},{"type":"Feature","properties":{"class":"shrubland","ha":0.27},"geometry":{"type":"Polygon","coordinates":[[[-0.176333,5.654],[-0.176583,5.654083],[-0.176583,5.654417],[-0.176667,5.654417],[-0.176583,5.654583],[-0.176167,5.654583],[-0.176083,5.6545],[-0.176167,5.65425],[-0.176333,5.654167],[-0.176333,5.654]]]}},{"type":"Feature","properties":{"class":"shrubland","ha":0.57},"geometry":{"type":"Polygon","coordinates":[[[-0.169417,5.656083],[-0.169417,5.655917],[-0.1695,5.655917],[-0.169583,5.655667],[-0.169833,5.655667],[-0.16975,5.655917],[-0.17,5.655917],[-0.17,5.656167],[-0.169917,5.656167],[-0.17,5.656417],[-0.169917,5.6565],[-0.169667,5.6565],[-0.169667,5.656833],[-0.169417,5.65675],[-0.1695,5.656417],[-0.169333,5.656333],[-0.169333,5.656083],[-0.169417,5.656083]]]}},{"type":"Feature","properties":{"class":"shrubland","ha":3.0},"geometry":{"type":"Polygon","coordinates":[[[-0.174833,5.659417],[-0.174583,5.65925],[-0.174667,5.658833],[-0.1745,5.65875],[-0.1745,5.658167],[-0.175,5.658167],[-0.175167,5.658],[-0.175167,5.657667],[-0.175333,5.657583],[-0.175333,5.657083],[-0.1755,5.657083],[-0.1755,5.65775],[-0.175333,5.657833],[-0.175333,5.658083],[-0.175417,5.658167],[-0.175667,5.658083],[-0.175583,5.657833],[-0.17575,5.657667],[-0.175917,5.657667],[-0.176083,5.657833],[-0.176083,5.658167],[-0.17625,5.658333],[-0.176333,5.658667],[-0.176583,5.65875],[-0.176583,5.658917],[-0.1765,5.659],[-0.176167,5.659],[-0.176167,5.659167],[-0.176083,5.659167],[-0.176167,5.659417],[-0.176,5.659583],[-0.175417,5.659583],[-0.17525,5.659333],[-0.175,5.65925],[-0.174833,5.659417]],[[-0.1755,5.659],[-0.1755,5.659167],[-0.175583,5.65925],[-0.175833,5.65925],[-0.175917,5.659083],[-0.17575,5.658917],[-0.1755,5.659]],[[-0.176083,5.658917],[-0.176167,5.65875],[-0.176,5.658583],[-0.17575,5.658583],[-0.17575,5.658833],[-0.176083,5.658917]]]}},{"type":"Feature","properties":{"class":"shrubland","ha":0.28},"geometry":{"type":"Polygon","coordinates":[[[-0.173417,5.658333],[-0.1735,5.6585],[-0.173083,5.65875],[-0.173083,5.659],[-0.172833,5.659],[-0.17275,5.65875],[-0.172917,5.658667],[-0.173,5.658417],[-0.173417,5.658333]]]}},{"type":"Feature","properties":{"class":"grassland","ha":0.5},"geometry":{"type":"Polygon","coordinates":[[[-0.200833,5.641083],[-0.201333,5.641417],[-0.20125,5.641667],[-0.200583,5.641667],[-0.2005,5.641083],[-0.20075,5.641],[-0.20075,5.640833],[-0.200917,5.640833],[-0.200833,5.641083]]]}},{"type":"Feature","properties":{"class":"grassland","ha":0.99},"geometry":{"type":"Polygon","coordinates":[[[-0.20275,5.6435],[-0.20275,5.643083],[-0.202583,5.642917],[-0.202667,5.642667],[-0.203,5.64275],[-0.203965,5.64425],[-0.20375,5.64425],[-0.20375,5.644167],[-0.203583,5.644167],[-0.203583,5.644083],[-0.203417,5.644083],[-0.203417,5.644],[-0.203167,5.643917],[-0.20275,5.6435]]]}},{"type":"Feature","properties":{"class":"grassland","ha":0.45},"geometry":{"type":"Polygon","coordinates":[[[-0.20275,5.645333],[-0.202833,5.64575],[-0.202667,5.645917],[-0.202333,5.645917],[-0.20225,5.645833],[-0.202333,5.645083],[-0.2025,5.645083],[-0.20275,5.645333]]]}},{"type":"Feature","properties":{"class":"grassland","ha":1.98},"geometry":{"type":"Polygon","coordinates":[[[-0.2045,5.647417],[-0.20425,5.647167],[-0.20425,5.646917],[-0.204167,5.646917],[-0.204167,5.646667],[-0.204,5.646583],[-0.204,5.646333],[-0.204083,5.646417],[-0.2045,5.646417],[-0.204667,5.64625],[-0.204667,5.646083],[-0.20475,5.646083],[-0.204667,5.6455],[-0.20475,5.6455],[-0.204833,5.645598],[-0.204833,5.645917],[-0.204917,5.645917],[-0.204917,5.646167],[-0.205,5.646167],[-0.205,5.646833],[-0.204833,5.646917],[-0.204833,5.647167],[-0.205083,5.647417],[-0.205083,5.647667],[-0.205,5.647667],[-0.205,5.647833],[-0.205083,5.647833],[-0.205083,5.6485],[-0.204667,5.648417],[-0.204583,5.64825],[-0.204333,5.64825],[-0.204333,5.647667],[-0.204417,5.647667],[-0.2045,5.647417]]]}},{"type":"Feature","properties":{"class":"grassland","ha":0.35},"geometry":{"type":"Polygon","coordinates":[[[-0.205083,5.648583],[-0.205083,5.649667],[-0.205,5.64975],[-0.204833,5.649667],[-0.204833,5.649167],[-0.20475,5.649167],[-0.20475,5.648833],[-0.205083,5.648583]]]}},{"type":"Feature","properties":{"class":"grassland","ha":14.83},"geometry":{"type":"Polygon","coordinates":[[[-0.204167,5.648583],[-0.203917,5.64875],[-0.203917,5.649],[-0.203833,5.649],[-0.20375,5.64925],[-0.203583,5.64925],[-0.203583,5.649333],[-0.20325,5.649417],[-0.20325,5.6495],[-0.202917,5.6495],[-0.202583,5.649833],[-0.202583,5.650083],[-0.202,5.65025],[-0.202083,5.650417],[-0.202417,5.650417],[-0.2025,5.650667],[-0.20225,5.65075],[-0.20225,5.650833],[-0.201917,5.650833],[-0.201917,5.650917],[-0.2015,5.650833],[-0.201167,5.651167],[-0.201167,5.6515],[-0.201083,5.651583],[-0.200833,5.651583],[-0.20075,5.65175],[-0.200167,5.651667],[-0.199917,5.652],[-0.19975,5.652],[-0.199583,5.65175],[-0.199333,5.65175],[-0.19925,5.651583],[-0.199083,5.651583],[-0.198917,5.651417],[-0.199,5.6505],[-0.198833,5.650417],[-0.198667,5.649667],[-0.19875,5.649583],[-0.199583,5.6495],[-0.19975,5.64925],[-0.2,5.64925],[-0.2,5.649167],[-0.200417,5.64925],[-0.200583,5.649],[-0.200833,5.648917],[-0.200917,5.648583],[-0.201333,5.64825],[-0.201417,5.647917],[-0.201667,5.648],[-0.201583,5.648083],[-0.201583,5.648333],[-0.2015,5.648333],[-0.201583,5.648583],[-0.201917,5.648583],[-0.201917,5.648667],[-0.202,5.648583],[-0.20225,5.648583],[-0.202417,5.648333],[-0.202083,5.648167],[-0.202083,5.64775],[-0.201833,5.64775],[-0.20175,5.647833],[-0.20175,5.647583],[-0.201833,5.6475],[-0.202417,5.6475],[-0.202583,5.64725],[-0.203167,5.647333],[-0.203417,5.647583],[-0.203833,5.647667],[-0.20375,5.64825],[-0.203833,5.648333],[-0.204083,5.648333],[-0.204167,5.648583]],[[-0.203333,5.647583],[-0.20325,5.647833],[-0.203417,5.647833],[-0.203417,5.647583],[-0.203333,5.647583]],[[-0.202833,5.6485],[-0.20275,5.648333],[-0.202583,5.648333],[-0.202583,5.648583],[-0.20275,5.648583],[-0.202833,5.6485]]]}},{"type":"Feature","properties":{"class":"grassland","ha":0.58},"geometry":{"type":"Polygon","coordinates":[[[-0.201167,5.652167],[-0.201167,5.651917],[-0.20125,5.651833],[-0.201417,5.651833],[-0.201417,5.652083],[-0.20125,5.652167],[-0.20125,5.652333],[-0.201333,5.652333],[-0.201333,5.652583],[-0.201583,5.652583],[-0.201667,5.652667],[-0.201667,5.652917],[-0.201583,5.653],[-0.201333,5.653],[-0.20125,5.653083],[-0.20125,5.653],[-0.201,5.653],[-0.200917,5.652917],[-0.200917,5.652583],[-0.201083,5.6525],[-0.201083,5.652167],[-0.201167,5.652167]]]}},{"type":"Feature","properties":{"class":"grassland","ha":12.97},"geometry":{"type":"Polygon","coordinates":[[[-0.202917,5.658083],[-0.202917,5.65775],[-0.202667,5.6575],[-0.202667,5.657],[-0.202583,5.657],[-0.202583,5.65675],[-0.202333,5.6565],[-0.202333,5.65625],[-0.202417,5.656167],[-0.202833,5.656167],[-0.203,5.656333],[-0.203,5.6565],[-0.203167,5.656583],[-0.20325,5.6565],[-0.203167,5.656],[-0.203417,5.655833],[-0.203417,5.655417],[-0.203083,5.655083],[-0.203,5.65475],[-0.20275,5.654667],[-0.20275,5.654167],[-0.202917,5.654083],[-0.202917,5.653917],[-0.203083,5.653917],[-0.203167,5.654333],[-0.203333,5.6545],[-0.2035,5.654417],[-0.2035,5.653667],[-0.203333,5.6535],[-0.203333,5.652917],[-0.203,5.652583],[-0.203,5.652167],[-0.203083,5.652083],[-0.203417,5.652083],[-0.203667,5.652333],[-0.203667,5.6525],[-0.203917,5.652417],[-0.203833,5.652333],[-0.203833,5.652],[-0.20375,5.652],[-0.203667,5.65175],[-0.20325,5.651833],[-0.203333,5.651667],[-0.2035,5.651667],[-0.2035,5.6515],[-0.20325,5.651417],[-0.20325,5.651167],[-0.203167,5.651167],[-0.20325,5.650917],[-0.203333,5.650917],[-0.203333,5.65075],[-0.203083,5.6505],[-0.203083,5.650167],[-0.203167,5.650167],[-0.203167,5.649917],[-0.2035,5.649833],[-0.203583,5.649917],[-0.203583,5.65025],[-0.20375,5.650417],[-0.204,5.650417],[-0.204,5.65025],[-0.204167,5.650083],[-0.204417,5.650083],[-0.204417,5.650167],[-0.204583,5.650167],[-0.2045,5.650417],[-0.204833,5.65075],[-0.204833,5.650917],[-0.204583,5.651167],[-0.204417,5.651167],[-0.204417,5.651583],[-0.20425,5.651667],[-0.20425,5.651833],[-0.204167,5.651917],[-0.204083,5.651833],[-0.203917,5.651917],[-0.204,5.652083],[-0.204333,5.652],[-0.204417,5.652417],[-0.204333,5.652417],[-0.204333,5.652667],[-0.20425,5.652667],[-0.204167,5.652917],[-0.203917,5.652917],[-0.203917,5.653],[-0.203667,5.653083],[-0.203667,5.653333],[-0.203917,5.6535],[-0.203917,5.653917],[-0.204083,5.654083],[-0.204583,5.654167],[-0.204667,5.654333],[-0.205083,5.65425],[-0.205142,5.654667],[-0.205,5.65475],[-0.205,5.655083],[-0.205143,5.655167],[-0.205143,5.6555],[-0.205083,5.655667],[-0.204917,5.655667],[-0.20475,5.6555],[-0.2045,5.65575],[-0.2045,5.655917],[-0.204583,5.655917],[-0.2045,5.656417],[-0.204417,5.656417],[-0.2045,5.656583],[-0.204417,5.656583],[-0.204417,5.657],[-0.20425,5.657083],[-0.20425,5.657333],[-0.204167,5.657333],[-0.204167,5.657667],[-0.204083,5.65775],[-0.203833,5.657667],[-0.203667,5.658],[-0.203417,5.657917],[-0.203333,5.658],[-0.203333,5.65825],[-0.203167,5.658417],[-0.203,5.658417],[-0.202833,5.65875],[-0.20225,5.658667],[-0.202333,5.658417],[-0.202667,5.658417],[-0.20275,5.658167],[-0.202917,5.658083]],[[-0.204083,5.656583],[-0.203833,5.656583],[-0.203917,5.656833],[-0.204083,5.65675],[-0.204083,5.656583]],[[-0.204167,5.655333],[-0.20425,5.655333],[-0.20425,5.655167],[-0.204167,5.655167],[-0.204167,5.655333]]]}},{"type":"Feature","properties":{"class":"grassland","ha":0.57},"geometry":{"type":"Polygon","coordinates":[[[-0.203083,5.658833],[-0.203167,5.658667],[-0.203333,5.658667],[-0.2035,5.658833],[-0.2035,5.65925],[-0.203417,5.659333],[-0.202667,5.659417],[-0.202583,5.659167],[-0.202833,5.658917],[-0.203083,5.658833]]]}},{"type":"Feature","properties":{"class":"grassland","ha":0.78},"geometry":{"type":"Polygon","coordinates":[[[-0.203417,5.65975],[-0.204083,5.65975],[-0.204167,5.659917],[-0.20425,5.659833],[-0.20454,5.659833],[-0.204583,5.660333],[-0.204417,5.66025],[-0.204417,5.66],[-0.20425,5.66],[-0.204167,5.660083],[-0.20425,5.660417],[-0.204083,5.6605],[-0.203917,5.661],[-0.203667,5.660917],[-0.20375,5.660083],[-0.203417,5.65975]]]}},{"type":"Feature","properties":{"class":"grassland","ha":0.38},"geometry":{"type":"Polygon","coordinates":[[[-0.196667,5.634917],[-0.196583,5.635417],[-0.196333,5.635417],[-0.19625,5.635333],[-0.19625,5.635083],[-0.196167,5.635083],[-0.196167,5.634667],[-0.196417,5.634583],[-0.196667,5.634917]]]}},{"type":"Feature","properties":{"class":"grassland","ha":1.31},"geometry":{"type":"Polygon","coordinates":[[[-0.195333,5.637333],[-0.195333,5.637083],[-0.195,5.636833],[-0.195333,5.636417],[-0.19575,5.636417],[-0.19575,5.6365],[-0.196,5.636583],[-0.196,5.636667],[-0.19575,5.63675],[-0.19575,5.637],[-0.195833,5.637083],[-0.196,5.637083],[-0.196083,5.636917],[-0.196333,5.636917],[-0.196667,5.63725],[-0.196583,5.6375],[-0.196417,5.6375],[-0.196417,5.637583],[-0.196083,5.637583],[-0.196083,5.6375],[-0.195583,5.637583],[-0.195333,5.637333]]]}},{"type":"Feature","properties":{"class":"grassland","ha":0.6},"geometry":{"type":"Polygon","coordinates":[[[-0.194667,5.638833],[-0.194667,5.638417],[-0.194917,5.638333],[-0.195,5.638583],[-0.194833,5.63875],[-0.19475,5.639083],[-0.194917,5.639083],[-0.194917,5.639167],[-0.195167,5.639083],[-0.19525,5.639167],[-0.19525,5.6395],[-0.195083,5.639667],[-0.194833,5.639667],[-0.19475,5.639417],[-0.1945,5.639333],[-0.194583,5.638833],[-0.194667,5.638833]]]}},{"type":"Feature","properties":{"class":"grassland","ha":1.41},"geometry":{"type":"Polygon","coordinates":[[[-0.197667,5.642833],[-0.197667,5.642417],[-0.19825,5.6425],[-0.198333,5.642417],[-0.198333,5.64225],[-0.19825,5.64225],[-0.19825,5.641917],[-0.198333,5.641833],[-0.1985,5.641833],[-0.198667,5.642],[-0.198583,5.64225],[-0.19875,5.64225],[-0.19875,5.642167],[-0.198917,5.642167],[-0.198917,5.64225],[-0.199,5.642167],[-0.19925,5.642167],[-0.199333,5.64225],[-0.199333,5.642583],[-0.198833,5.643083],[-0.198417,5.643083],[-0.19825,5.642833],[-0.197833,5.642833],[-0.19775,5.642917],[-0.197667,5.642833]]]}},{"type":"Feature","properties":{"class":"grassland","ha":0.39},"geometry":{"type":"Polygon","coordinates":[[[-0.195167,5.644583],[-0.195083,5.644333],[-0.19525,5.644333],[-0.19525,5.644417],[-0.19575,5.644583],[-0.195833,5.64475],[-0.19575,5.644833],[-0.195417,5.64475],[-0.19525,5.645],[-0.195083,5.645],[-0.194917,5.644833],[-0.194917,5.644583],[-0.195,5.644667],[-0.195167,5.644583]]]}},{"type":"Feature","properties":{"class":"grassland","ha":0.49},"geometry":{"type":"Polygon","coordinates":[[[-0.199333,5.6455],[-0.199333,5.645333],[-0.199417,5.645333],[-0.1995,5.645083],[-0.200333,5.645167],[-0.2005,5.645333],[-0.200417,5.645583],[-0.20025,5.645583],[-0.200083,5.645417],[-0.19975,5.645417],[-0.199667,5.645583],[-0.199417,5.645583],[-0.199333,5.6455]]]}},{"type":"Feature","properties":{"class":"grassland","ha":0.27},"geometry":{"type":"Polygon","coordinates":[[[-0.195417,5.645917],[-0.1955,5.646417],[-0.19525,5.646417],[-0.195167,5.646333],[-0.195167,5.646083],[-0.195,5.646],[-0.195,5.64575],[-0.19525,5.64575],[-0.195417,5.645917]]]}},{"type":"Feature","properties":{"class":"grassland","ha":0.46},"geometry":{"type":"Polygon","coordinates":[[[-0.195833,5.6495],[-0.196167,5.6495],[-0.19625,5.649583],[-0.19625,5.649917],[-0.196083,5.650083],[-0.1955,5.650083],[-0.195417,5.65],[-0.195417,5.649833],[-0.195667,5.64975],[-0.195833,5.6495]]]}},{"type":"Feature","properties":{"class":"grassland","ha":0.37},"geometry":{"type":"Polygon","coordinates":[[[-0.196417,5.65125],[-0.196333,5.65125],[-0.19625,5.6515],[-0.195917,5.651417],[-0.195917,5.651333],[-0.195583,5.651333],[-0.195583,5.651083],[-0.195667,5.651],[-0.196333,5.651],[-0.196417,5.65125]]]}},{"type":"Feature","properties":{"class":"grassland","ha":1.21},"geometry":{"type":"Polygon","coordinates":[[[-0.199667,5.653583],[-0.199583,5.65325],[-0.199833,5.65325],[-0.200083,5.653583],[-0.20025,5.653583],[-0.20025,5.653917],[-0.200583,5.654167],[-0.200583,5.654417],[-0.200667,5.6545],[-0.2005,5.654667],[-0.200583,5.655],[-0.200333,5.655083],[-0.200333,5.655167],[-0.200083,5.655167],[-0.2,5.654917],[-0.199917,5.654917],[-0.199917,5.654583],[-0.199833,5.654583],[-0.199917,5.653667],[-0.199667,5.653583]]]}},{"type":"Feature","properties":{"class":"grassland","ha":0.76},"geometry":{"type":"Polygon","coordinates":[[[-0.198083,5.654333],[-0.198083,5.654],[-0.198167,5.653917],[-0.198417,5.653833],[-0.1985,5.653667],[-0.198667,5.653667],[-0.198667,5.653833],[-0.1985,5.654],[-0.1985,5.65425],[-0.198333,5.654333],[-0.198333,5.654583],[-0.198417,5.654667],[-0.198167,5.654833],[-0.198167,5.655083],[-0.198083,5.655167],[-0.197833,5.655167],[-0.197667,5.655],[-0.197833,5.6545],[-0.198083,5.654333]]]}},{"type":"Feature","properties":{"class":"grassland","ha":0.3},"geometry":{"type":"Polygon","coordinates":[[[-0.199667,5.655],[-0.199667,5.655333],[-0.199583,5.655417],[-0.199167,5.655417],[-0.199083,5.655333],[-0.199167,5.655],[-0.19925,5.654917],[-0.1995,5.654917],[-0.1995,5.655],[-0.199667,5.655]]]}},{"type":"Feature","properties":{"class":"grassland","ha":0.81},"geometry":{"type":"Polygon","coordinates":[[[-0.20075,5.655333],[-0.20075,5.655],[-0.201,5.654833],[-0.201167,5.655],[-0.201167,5.6555],[-0.201083,5.6555],[-0.201083,5.65575],[-0.20075,5.656],[-0.200667,5.65625],[-0.200417,5.65625],[-0.20025,5.656083],[-0.20025,5.655917],[-0.200333,5.655917],[-0.200417,5.655667],[-0.20075,5.655333]]]}},{"type":"Feature","properties":{"class":"grassland","ha":1.34},"geometry":{"type":"Polygon","coordinates":[[[-0.20025,5.658083],[-0.199917,5.658083],[-0.199833,5.658],[-0.199917,5.657917],[-0.199833,5.657583],[-0.2,5.6575],[-0.2,5.657333],[-0.200333,5.657],[-0.200583,5.657],[-0.200583,5.657167],[-0.200417,5.65725],[-0.200417,5.6575],[-0.2005,5.657583],[-0.20075,5.657583],[-0.200833,5.6575],[-0.201,5.657667],[-0.20125,5.657667],[-0.201333,5.65775],[-0.201333,5.658083],[-0.20125,5.658083],[-0.20125,5.65825],[-0.201,5.6585],[-0.20075,5.658417],[-0.20075,5.65825],[-0.200667,5.65825],[-0.200583,5.658],[-0.20025,5.658],[-0.20025,5.658083]]]}},{"type":"Feature","properties":{"class":"grassland","ha":0.91},"geometry":{"type":"Polygon","coordinates":[[[-0.200333,5.659667],[-0.200333,5.659417],[-0.200167,5.65925],[-0.20025,5.659083],[-0.200417,5.659083],[-0.2005,5.65925],[-0.200667,5.65925],[-0.200667,5.659417],[-0.200833,5.6595],[-0.200833,5.659667],[-0.200667,5.659833],[-0.200667,5.660167],[-0.200583,5.66025],[-0.200083,5.66025],[-0.200167,5.660333],[-0.200083,5.660583],[-0.199833,5.6605],[-0.199833,5.660167],[-0.19975,5.660167],[-0.199917,5.659917],[-0.200333,5.659667]]]}},{"type":"Feature","properties":{"class":"grassland","ha":1.99},"geometry":{"type":"Polygon","coordinates":[[[-0.199917,5.66175],[-0.199917,5.661667],[-0.200167,5.661667],[-0.20025,5.661583],[-0.200167,5.661333],[-0.199917,5.661583],[-0.199667,5.661583],[-0.199583,5.661333],[-0.19975,5.661167],[-0.200333,5.661083],[-0.200333,5.660917],[-0.2005,5.66075],[-0.200667,5.66075],[-0.200667,5.660667],[-0.200917,5.660667],[-0.201,5.66075],[-0.200833,5.661],[-0.200667,5.661],[-0.200667,5.661667],[-0.200833,5.66175],[-0.200833,5.661917],[-0.20075,5.661917],[-0.200833,5.662083],[-0.200667,5.662167],[-0.200667,5.662333],[-0.2005,5.662417],[-0.200417,5.662083],[-0.200083,5.662083],[-0.199917,5.66225],[-0.199917,5.6625],[-0.2,5.662583],[-0.20025,5.662583],[-0.20025,5.66275],[-0.199167,5.663],[-0.19925,5.66275],[-0.1995,5.66275],[-0.199583,5.662667],[-0.199583,5.661833],[-0.199667,5.66175],[-0.199917,5.66175]]]}},{"type":"Feature","properties":{"class":"grassland","ha":0.33},"geometry":{"type":"Polygon","coordinates":[[[-0.198917,5.661917],[-0.199083,5.661917],[-0.199083,5.662083],[-0.199,5.662083],[-0.199083,5.662167],[-0.199083,5.662333],[-0.199,5.662333],[-0.199083,5.662667],[-0.199,5.66275],[-0.198917,5.66275],[-0.198917,5.6625],[-0.1985,5.6625],[-0.198583,5.66225],[-0.198917,5.661917]]]}},{"type":"Feature","properties":{"class":"grassland","ha":0.34},"geometry":{"type":"Polygon","coordinates":[[[-0.1985,5.663],[-0.198583,5.66275],[-0.198833,5.66275],[-0.198917,5.662833],[-0.198917,5.663083],[-0.19825,5.663417],[-0.198066,5.663667],[-0.197917,5.663667],[-0.198,5.663417],[-0.198167,5.663417],[-0.198333,5.66325],[-0.198333,5.663083],[-0.1985,5.663]]]}},{"type":"Feature","properties":{"class":"grassland","ha":10.45},"geometry":{"type":"Polygon","coordinates":[[[-0.18925,5.631917],[-0.18925,5.63175],[-0.189417,5.631667],[-0.189417,5.631333],[-0.189583,5.631167],[-0.189583,5.630833],[-0.189167,5.6305],[-0.189167,5.630333],[-0.189583,5.63025],[-0.189583,5.630167],[-0.189833,5.630167],[-0.189917,5.630333],[-0.190083,5.630333],[-0.190083,5.630083],[-0.189833,5.63],[-0.189667,5.629667],[-0.189417,5.629667],[-0.18925,5.63],[-0.189083,5.629833],[-0.18875,5.629833],[-0.18875,5.62975],[-0.188667,5.629833],[-0.188333,5.629833],[-0.18825,5.62975],[-0.188583,5.629417],[-0.188583,5.62925],[-0.188667,5.62925],[-0.188583,5.629167],[-0.188583,5.628833],[-0.18875,5.628833],[-0.18875,5.6285],[-0.188667,5.6285],[-0.1885,5.628023],[-0.188833,5.627847],[-0.188917,5.628],[-0.18925,5.628],[-0.18925,5.627917],[-0.189667,5.628],[-0.18975,5.627833],[-0.189917,5.627833],[-0.19,5.628],[-0.190417,5.628],[-0.190417,5.627667],[-0.1905,5.627667],[-0.190583,5.627833],[-0.190827,5.627917],[-0.190917,5.628333],[-0.191147,5.628417],[-0.191445,5.628884],[-0.19175,5.62875],[-0.192234,5.628333],[-0.192667,5.628302],[-0.192907,5.62875],[-0.19275,5.62875],[-0.19275,5.629],[-0.1925,5.629167],[-0.1925,5.629333],[-0.192333,5.6295],[-0.192167,5.6295],[-0.192167,5.629417],[-0.191667,5.6295],[-0.191667,5.629417],[-0.191333,5.629333],[-0.19125,5.6295],[-0.191,5.6295],[-0.191,5.629583],[-0.190833,5.629583],[-0.190583,5.629833],[-0.1905,5.630417],[-0.190917,5.630667],[-0.190917,5.630833],[-0.19075,5.630917],[-0.190833,5.631417],[-0.190417,5.63175],[-0.1905,5.63225],[-0.190333,5.63225],[-0.190083,5.631917],[-0.189833,5.631917],[-0.189833,5.632],[-0.18925,5.631917]]]}},{"type":"Feature","properties":{"class":"grassland","ha":0.32},"geometry":{"type":"Polygon","coordinates":[[[-0.193583,5.6285],[-0.193667,5.628417],[-0.193904,5.6285],[-0.193917,5.62875],[-0.194083,5.628833],[-0.194,5.629083],[-0.19375,5.629083],[-0.193306,5.628333],[-0.193583,5.6285]]]}},{"type":"Feature","properties":{"class":"grassland","ha":7.57},"geometry":{"type":"Polygon","coordinates":[[[-0.193083,5.632417],[-0.193083,5.631833],[-0.193,5.631833],[-0.193083,5.631083],[-0.19275,5.63075],[-0.192583,5.63075],[-0.192583,5.631],[-0.1925,5.631],[-0.1925,5.63125],[-0.192583,5.631333],[-0.192333,5.631583],[-0.192417,5.631667],[-0.19275,5.631667],[-0.19275,5.63175],[-0.1925,5.631833],[-0.192333,5.632083],[-0.192417,5.632167],[-0.192667,5.632167],[-0.19275,5.632417],[-0.192667,5.632417],[-0.192583,5.632667],[-0.192417,5.632667],[-0.192333,5.632583],[-0.192333,5.632333],[-0.192167,5.632167],[-0.191667,5.632083],[-0.19175,5.631833],[-0.191917,5.63175],[-0.191917,5.631583],[-0.19175,5.631417],[-0.19175,5.630917],[-0.191917,5.63075],[-0.192417,5.630917],[-0.192333,5.63025],[-0.192583,5.630167],[-0.192583,5.630083],[-0.192833,5.630083],[-0.193,5.630333],[-0.19325,5.630333],[-0.193417,5.630083],[-0.1935,5.630167],[-0.19375,5.630167],[-0.193833,5.630083],[-0.193833,5.629667],[-0.194167,5.629667],[-0.19425,5.629417],[-0.194333,5.629417],[-0.194417,5.629583],[-0.194333,5.629583],[-0.19425,5.630583],[-0.194417,5.630583],[-0.1945,5.63075],[-0.19475,5.63075],[-0.19475,5.630583],[-0.194917,5.630583],[-0.194917,5.631],[-0.19475,5.631167],[-0.19475,5.631333],[-0.194917,5.6315],[-0.1945,5.631917],[-0.194667,5.632083],[-0.194917,5.632083],[-0.195,5.632167],[-0.195,5.632583],[-0.194917,5.632667],[-0.194583,5.632667],[-0.194583,5.63275],[-0.194167,5.63275],[-0.194083,5.632583],[-0.193583,5.6325],[-0.193417,5.63275],[-0.193,5.63275],[-0.193,5.632917],[-0.193167,5.632917],[-0.19325,5.633167],[-0.193,5.633167],[-0.19275,5.632917],[-0.19275,5.632667],[-0.193083,5.632417]]]}},{"type":"Feature","properties":{"class":"grassland","ha":0.38},"geometry":{"type":"Polygon","coordinates":[[[-0.191167,5.6315],[-0.191167,5.631167],[-0.191417,5.631083],[-0.191417,5.631333],[-0.19125,5.6315],[-0.19125,5.63175],[-0.190917,5.631917],[-0.191083,5.632083],[-0.191083,5.63225],[-0.190917,5.63225],[-0.190833,5.632],[-0.19075,5.632],[-0.19075,5.631667],[-0.190917,5.6315],[-0.191167,5.6315]]]}},{"type":"Feature","properties":{"class":"grassland","ha":0.37},"geometry":{"type":"Polygon","coordinates":[[[-0.19225,5.6345],[-0.192167,5.634583],[-0.191833,5.634583],[-0.19175,5.6345],[-0.191833,5.633833],[-0.192083,5.633833],[-0.192167,5.633917],[-0.19225,5.6345]]]}},{"type":"Feature","properties":{"class":"grassland","ha":0.34},"geometry":{"type":"Polygon","coordinates":[[[-0.19175,5.637667],[-0.191833,5.63775],[-0.191917,5.63825],[-0.191583,5.63825],[-0.191333,5.638],[-0.191333,5.63775],[-0.191417,5.637667],[-0.19175,5.637667]]]}},{"type":"Feature","properties":{"class":"grassland","ha":0.63},"geometry":{"type":"Polygon","coordinates":[[[-0.19325,5.639917],[-0.193333,5.639833],[-0.193333,5.639583],[-0.193417,5.639583],[-0.193417,5.63925],[-0.193667,5.63925],[-0.193583,5.6395],[-0.193917,5.63975],[-0.193917,5.639917],[-0.193833,5.639917],[-0.193833,5.640083],[-0.193333,5.64],[-0.193167,5.640167],[-0.192917,5.640167],[-0.19275,5.64],[-0.19275,5.639833],[-0.192833,5.639833],[-0.192917,5.639583],[-0.19325,5.639917]]]}},{"type":"Feature","properties":{"class":"grassland","ha":2.32},"geometry":{"type":"Polygon","coordinates":[[[-0.191,5.640667],[-0.191083,5.640583],[-0.191,5.6405],[-0.191,5.64],[-0.191167,5.639917],[-0.191167,5.6395],[-0.19125,5.6395],[-0.191083,5.638583],[-0.191333,5.638583],[-0.191417,5.638667],[-0.191333,5.638917],[-0.191417,5.638917],[-0.191417,5.639167],[-0.1915,5.639167],[-0.1915,5.639333],[-0.191667,5.6395],[-0.192417,5.639417],[-0.192333,5.63925],[-0.192583,5.639167],[-0.192667,5.63925],[-0.192667,5.6395],[-0.192417,5.63975],[-0.192417,5.640083],[-0.19225,5.64025],[-0.191917,5.640333],[-0.19175,5.640667],[-0.1915,5.640583],[-0.1915,5.6405],[-0.19125,5.6405],[-0.19125,5.64075],[-0.191417,5.640917],[-0.191583,5.640917],[-0.19175,5.641167],[-0.191667,5.64125],[-0.191583,5.641167],[-0.191167,5.641167],[-0.191083,5.641083],[-0.191083,5.640833],[-0.191,5.640833],[-0.191083,5.64075],[-0.191,5.640667]]]}},{"type":"Feature","properties":{"class":"grassland","ha":0.91},"geometry":{"type":"Polygon","coordinates":[[[-0.1915,5.64475],[-0.19125,5.64475],[-0.191167,5.644833],[-0.191,5.644667],[-0.190917,5.644083],[-0.190833,5.644083],[-0.190917,5.643833],[-0.191167,5.643833],[-0.191167,5.644083],[-0.19125,5.644167],[-0.191583,5.644167],[-0.1915,5.64425],[-0.1915,5.6445],[-0.191583,5.644583],[-0.191833,5.644583],[-0.192333,5.645167],[-0.192083,5.645333],[-0.192083,5.64525],[-0.191917,5.64525],[-0.191917,5.645167],[-0.191667,5.645083],[-0.1915,5.64475]]]}},{"type":"Feature","properties":{"class":"grassland","ha":0.38},"geometry":{"type":"Polygon","coordinates":[[[-0.19375,5.6455],[-0.193917,5.6455],[-0.194083,5.645333],[-0.194333,5.645417],[-0.194333,5.64575],[-0.19425,5.64575],[-0.194167,5.646],[-0.193667,5.645833],[-0.193583,5.645583],[-0.19375,5.645583],[-0.19375,5.6455]]]}},{"type":"Feature","properties":{"class":"grassland","ha":0.54},"geometry":{"type":"Polygon","coordinates":[[[-0.192583,5.647167],[-0.19275,5.647167],[-0.19275,5.647333],[-0.192833,5.647333],[-0.19275,5.647917],[-0.192667,5.648],[-0.192167,5.648],[-0.192083,5.648083],[-0.192167,5.6475],[-0.1925,5.647333],[-0.192583,5.647167]]]}},{"type":"Feature","properties":{"class":"grassland","ha":0.55},"geometry":{"type":"Polygon","coordinates":[[[-0.192,5.649],[-0.192167,5.649083],[-0.192083,5.649167],[-0.192083,5.649417],[-0.192,5.649417],[-0.192,5.649667],[-0.192083,5.64975],[-0.192333,5.64975],[-0.192333,5.649917],[-0.192083,5.650167],[-0.191917,5.650167],[-0.191667,5.649917],[-0.191667,5.649333],[-0.192,5.649]]]}},{"type":"Feature","properties":{"class":"grassland","ha":0.43},"geometry":{"type":"Polygon","coordinates":[[[-0.194417,5.649667],[-0.194417,5.649333],[-0.1945,5.64925],[-0.19475,5.64925],[-0.194833,5.649333],[-0.194833,5.64975],[-0.194667,5.649833],[-0.194583,5.650083],[-0.194333,5.650083],[-0.194333,5.65],[-0.194083,5.649917],[-0.194417,5.649667]]]}},{"type":"Feature","properties":{"class":"grassland","ha":0.91},"geometry":{"type":"Polygon","coordinates":[[[-0.192917,5.6495],[-0.192833,5.6495],[-0.192833,5.649333],[-0.192667,5.649333],[-0.19275,5.649083],[-0.193,5.649083],[-0.193,5.6495],[-0.193083,5.649583],[-0.193333,5.649583],[-0.19325,5.649167],[-0.1935,5.649167],[-0.1935,5.649083],[-0.19375,5.649167],[-0.193583,5.649917],[-0.1935,5.649917],[-0.193417,5.650167],[-0.193,5.65025],[-0.19275,5.65],[-0.19275,5.649833],[-0.192833,5.649833],[-0.192917,5.6495]]]}},{"type":"Feature","properties":{"class":"grassland","ha":0.28},"geometry":{"type":"Polygon","coordinates":[[[-0.19425,5.652917],[-0.19425,5.653],[-0.1945,5.653083],[-0.194417,5.653333],[-0.194,5.653333],[-0.193833,5.653167],[-0.193833,5.652917],[-0.194083,5.652833],[-0.194083,5.652917],[-0.19425,5.652917]]]}},{"type":"Feature","properties":{"class":"grassland","ha":0.87},"geometry":{"type":"Polygon","coordinates":[[[-0.192083,5.65325],[-0.192083,5.653333],[-0.192333,5.653333],[-0.192333,5.65325],[-0.192833,5.653333],[-0.192833,5.65325],[-0.193,5.65325],[-0.193083,5.653333],[-0.193083,5.653667],[-0.192917,5.653833],[-0.192083,5.654],[-0.192,5.65375],[-0.191833,5.653667],[-0.191833,5.653333],[-0.192083,5.65325]]]}},{"type":"Feature","properties":{"class":"grassland","ha":23.65},"geometry":{"type":"Polygon","coordinates":[[[-0.190583,5.658667],[-0.190417,5.658667],[-0.190333,5.658833],[-0.190083,5.658833],[-0.190083,5.658917],[-0.189917,5.65875],[-0.18975,5.65875],[-0.189667,5.658917],[-0.189083,5.658917],[-0.189,5.658833],[-0.189,5.658583],[-0.189083,5.658583],[-0.189083,5.65825],[-0.189333,5.658167],[-0.189667,5.65775],[-0.190333,5.657833],[-0.190417,5.658083],[-0.190667,5.658083],[-0.190667,5.658],[-0.19125,5.658083],[-0.19125,5.658],[-0.191417,5.658],[-0.191417,5.657833],[-0.191167,5.65775],[-0.191167,5.657583],[-0.191333,5.657583],[-0.191333,5.6575],[-0.191833,5.657583],[-0.191833,5.657333],[-0.192,5.657333],[-0.19225,5.657083],[-0.1925,5.657083],[-0.192583,5.657],[-0.192583,5.656833],[-0.19225,5.656833],[-0.192167,5.657],[-0.192,5.657],[-0.192167,5.656417],[-0.192083,5.656417],[-0.192083,5.65625],[-0.191917,5.656083],[-0.19175,5.656083],[-0.19175,5.655833],[-0.191583,5.655833],[-0.191583,5.655917],[-0.191333,5.655833],[-0.191417,5.65575],[-0.191333,5.654917],[-0.191083,5.65475],[-0.191083,5.654583],[-0.191167,5.6545],[-0.191833,5.654583],[-0.191917,5.654667],[-0.191917,5.654917],[-0.19225,5.655167],[-0.192167,5.655417],[-0.192333,5.655417],[-0.192333,5.6555],[-0.192583,5.6555],[-0.192417,5.655333],[-0.192417,5.655167],[-0.192667,5.655083],[-0.192667,5.655],[-0.192833,5.655],[-0.193,5.65475],[-0.19325,5.654833],[-0.19325,5.654917],[-0.193667,5.654917],[-0.193667,5.654833],[-0.193833,5.654833],[-0.193833,5.65475],[-0.194083,5.654667],[-0.1945,5.65525],[-0.194833,5.65525],[-0.195167,5.655583],[-0.195333,5.655417],[-0.195333,5.65525],[-0.195583,5.655083],[-0.1955,5.654167],[-0.19575,5.654083],[-0.195833,5.653917],[-0.196417,5.654],[-0.196333,5.653583],[-0.196167,5.653583],[-0.196167,5.653333],[-0.1965,5.653],[-0.19625,5.65275],[-0.19625,5.652167],[-0.196583,5.652167],[-0.196667,5.65175],[-0.19725,5.65175],[-0.19725,5.652167],[-0.197333,5.65225],[-0.197583,5.65225],[-0.197667,5.6525],[-0.197833,5.652583],[-0.197833,5.65275],[-0.197917,5.65275],[-0.197833,5.65325],[-0.19775,5.65325],[-0.19775,5.653417],[-0.197667,5.653333],[-0.196583,5.653417],[-0.196583,5.653917],[-0.196667,5.653917],[-0.196583,5.654],[-0.196583,5.65425],[-0.19675,5.65425],[-0.196917,5.654417],[-0.196917,5.654583],[-0.19675,5.65475],[-0.19675,5.6555],[-0.196833,5.655583],[-0.197417,5.6555],[-0.197417,5.655667],[-0.197333,5.655667],[-0.197333,5.655833],[-0.197083,5.656083],[-0.196833,5.656083],[-0.19675,5.656167],[-0.19675,5.656333],[-0.1965,5.6565],[-0.1965,5.65675],[-0.19625,5.657],[-0.196083,5.657],[-0.196083,5.65725],[-0.195917,5.657333],[-0.195917,5.6575],[-0.19575,5.657667],[-0.1955,5.65775],[-0.195417,5.658083],[-0.195333,5.658167],[-0.195083,5.658167],[-0.195083,5.65825],[-0.194833,5.658167],[-0.194833,5.657583],[-0.194667,5.657583],[-0.194667,5.657667],[-0.194333,5.657667],[-0.194333,5.65775],[-0.193917,5.65775],[-0.193917,5.657917],[-0.194167,5.658],[-0.19425,5.658417],[-0.193833,5.658417],[-0.19375,5.658583],[-0.193667,5.6585],[-0.193417,5.6585],[-0.1935,5.658083],[-0.193333,5.658083],[-0.193417,5.6575],[-0.19325,5.657333],[-0.19325,5.656917],[-0.193417,5.65675],[-0.193667,5.656833],[-0.193833,5.656667],[-0.193833,5.6565],[-0.193667,5.6565],[-0.1935,5.656667],[-0.193417,5.655833],[-0.19325,5.655833],[-0.193167,5.656083],[-0.193083,5.656083],[-0.193083,5.6565],[-0.193,5.6565],[-0.193,5.656667],[-0.193167,5.65675],[-0.193083,5.656833],[-0.193083,5.65725],[-0.192917,5.65725],[-0.192833,5.6575],[-0.192333,5.658],[-0.19225,5.65875],[-0.191583,5.659],[-0.191583,5.659083],[-0.191333,5.659083],[-0.191333,5.659167],[-0.191083,5.659167],[-0.191,5.659],[-0.19075,5.659],[-0.190667,5.65875],[-0.190583,5.658667]],[[-0.19125,5.658583],[-0.191333,5.658417],[-0.191167,5.658333],[-0.191083,5.6585],[-0.19125,5.658583]],[[-0.1915,5.657833],[-0.1915,5.658],[-0.191667,5.658],[-0.191667,5.658167],[-0.191917,5.65825],[-0.192,5.658167],[-0.192,5.657833],[-0.191833,5.657667],[-0.191667,5.657667],[-0.1915,5.657833]],[[-0.193417,5.657083],[-0.193417,5.65725],[-0.193583,5.657167],[-0.193583,5.657083],[-0.193417,5.657083]],[[-0.194,5.657083],[-0.194333,5.657083],[-0.1945,5.65675],[-0.194417,5.656667],[-0.193917,5.656667],[-0.193917,5.657],[-0.194,5.657083]],[[-0.195417,5.656583],[-0.195417,5.65675],[-0.195583,5.65675],[-0.195583,5.656583],[-0.195417,5.656583]],[[-0.19275,5.656333],[-0.19275,5.6565],[-0.192917,5.6565],[-0.192917,5.656333],[-0.19275,5.656333]],[[-0.19625,5.654417],[-0.19625,5.6545],[-0.196333,5.6545],[-0.19625,5.654417]]]}},{"type":"Feature","properties":{"class":"grassland","ha":0.26},"geometry":{"type":"Polygon","coordinates":[[[-0.193667,5.659],[-0.193583,5.659417],[-0.19325,5.659417],[-0.193167,5.659333],[-0.193167,5.659083],[-0.193333,5.658917],[-0.193583,5.658917],[-0.193667,5.659]]]}},{"type":"Feature","properties":{"class":"grassland","ha":37.33},"geometry":{"type":"Polygon","coordinates":[[[-0.191083,5.665417],[-0.190833,5.665417],[-0.190667,5.66525],[-0.190667,5.665083],[-0.19075,5.665083],[-0.190667,5.664917],[-0.1905,5.665083],[-0.19025,5.665],[-0.19025,5.664917],[-0.190083,5.664917],[-0.19,5.665083],[-0.18975,5.665],[-0.18975,5.6645],[-0.189833,5.6645],[-0.189833,5.66425],[-0.189917,5.664167],[-0.19025,5.664333],[-0.19025,5.664167],[-0.190333,5.664167],[-0.19025,5.664],[-0.190333,5.663917],[-0.1905,5.663917],[-0.190583,5.664167],[-0.190833,5.664083],[-0.190583,5.663833],[-0.190583,5.6635],[-0.190667,5.6635],[-0.190583,5.66325],[-0.191,5.66325],[-0.191,5.663333],[-0.19125,5.663333],[-0.191333,5.66325],[-0.19125,5.663],[-0.191,5.663],[-0.190917,5.663083],[-0.190917,5.662833],[-0.19075,5.662833],[-0.19075,5.66275],[-0.1905,5.66275],[-0.1905,5.663083],[-0.19025,5.663],[-0.190333,5.66275],[-0.19025,5.66275],[-0.19025,5.662417],[-0.190167,5.662417],[-0.190167,5.662],[-0.1905,5.66175],[-0.1905,5.661333],[-0.190333,5.661167],[-0.190333,5.660583],[-0.190167,5.6605],[-0.19025,5.66025],[-0.190583,5.660167],[-0.190667,5.66],[-0.190833,5.66],[-0.190833,5.660083],[-0.191,5.660083],[-0.191,5.66],[-0.191083,5.660083],[-0.191333,5.660083],[-0.191333,5.66],[-0.191833,5.659917],[-0.191833,5.66],[-0.192,5.66],[-0.192,5.660333],[-0.191833,5.660333],[-0.19175,5.6605],[-0.1915,5.660583],[-0.1915,5.66075],[-0.191583,5.66075],[-0.1915,5.66125],[-0.19175,5.66125],[-0.191917,5.661083],[-0.192167,5.661083],[-0.19225,5.661167],[-0.192417,5.660917],[-0.192667,5.660917],[-0.192667,5.660833],[-0.192917,5.660833],[-0.193,5.66075],[-0.192917,5.660417],[-0.19275,5.660333],[-0.192833,5.660083],[-0.193083,5.660167],[-0.193083,5.66025],[-0.19325,5.66025],[-0.19325,5.660333],[-0.1935,5.660333],[-0.19375,5.660083],[-0.194083,5.660083],[-0.194083,5.66],[-0.194583,5.66],[-0.194583,5.659917],[-0.194667,5.66],[-0.194917,5.66],[-0.195083,5.659833],[-0.195083,5.659667],[-0.195167,5.659667],[-0.195167,5.6595],[-0.194917,5.659417],[-0.194833,5.659167],[-0.1955,5.659167],[-0.195583,5.65925],[-0.195667,5.659167],[-0.195667,5.65875],[-0.195917,5.658667],[-0.196167,5.658333],[-0.196667,5.658333],[-0.19675,5.658417],[-0.19675,5.65875],[-0.19625,5.659167],[-0.19625,5.6595],[-0.1965,5.659583],[-0.196583,5.6595],[-0.1965,5.659167],[-0.19675,5.659],[-0.196833,5.65875],[-0.197167,5.65875],[-0.19725,5.658667],[-0.19725,5.658417],[-0.197583,5.65825],[-0.1975,5.658167],[-0.197583,5.657917],[-0.197833,5.657917],[-0.197917,5.658167],[-0.198083,5.658167],[-0.198083,5.657667],[-0.19825,5.6575],[-0.198583,5.6575],[-0.198833,5.65775],[-0.199083,5.657833],[-0.199333,5.657583],[-0.199417,5.657333],[-0.199667,5.657333],[-0.199667,5.65775],[-0.199417,5.658],[-0.198917,5.658],[-0.198833,5.65825],[-0.19875,5.65825],[-0.19875,5.658833],[-0.199,5.659],[-0.198833,5.659167],[-0.198917,5.659333],[-0.199417,5.658833],[-0.199667,5.658833],[-0.19975,5.658917],[-0.19975,5.659083],[-0.199667,5.659083],[-0.199667,5.659833],[-0.199167,5.660333],[-0.198917,5.66025],[-0.199,5.659583],[-0.198833,5.659583],[-0.198583,5.659833],[-0.1985,5.660167],[-0.198167,5.660167],[-0.198083,5.660083],[-0.198083,5.659667],[-0.198,5.659583],[-0.19775,5.659833],[-0.197833,5.660333],[-0.198083,5.660417],[-0.198417,5.66075],[-0.198417,5.661],[-0.19825,5.661167],[-0.19825,5.661417],[-0.1985,5.6615],[-0.1985,5.661583],[-0.19875,5.661583],[-0.19875,5.66175],[-0.198583,5.66175],[-0.198583,5.661833],[-0.198167,5.66175],[-0.197917,5.6615],[-0.197917,5.661333],[-0.197833,5.661333],[-0.197833,5.661],[-0.197667,5.661],[-0.197667,5.661167],[-0.197583,5.661167],[-0.197583,5.661417],[-0.197667,5.661417],[-0.197667,5.662417],[-0.197333,5.662583],[-0.1975,5.663083],[-0.197583,5.663083],[-0.197583,5.663333],[-0.197417,5.663333],[-0.197333,5.6635],[-0.197,5.663583],[-0.197,5.663833],[-0.19675,5.66375],[-0.196833,5.663667],[-0.196833,5.66325],[-0.196583,5.66325],[-0.1965,5.663333],[-0.1965,5.663583],[-0.1955,5.6635],[-0.195333,5.663667],[-0.195167,5.663667],[-0.195083,5.663833],[-0.194917,5.663667],[-0.19475,5.663667],[-0.19475,5.66375],[-0.194417,5.66375],[-0.194417,5.663833],[-0.19425,5.663833],[-0.194083,5.664],[-0.193583,5.664083],[-0.193583,5.664167],[-0.193333,5.664167],[-0.193333,5.66425],[-0.193167,5.66425],[-0.192917,5.663917],[-0.19275,5.663917],[-0.192833,5.664333],[-0.192667,5.664417],[-0.192667,5.664583],[-0.19275,5.664667],[-0.192833,5.664583],[-0.193083,5.664583],[-0.193083,5.665333],[-0.192917,5.665333],[-0.192917,5.66525],[-0.192583,5.66525],[-0.192583,5.665333],[-0.192167,5.66525],[-0.192,5.665417],[-0.191583,5.665417],[-0.191583,5.66525],[-0.191417,5.66525],[-0.1915,5.665],[-0.191333,5.665],[-0.191083,5.665417]],[[-0.191667,5.66525],[-0.19175,5.66525],[-0.19175,5.665083],[-0.191667,5.665083],[-0.191667,5.66525]],[[-0.19275,5.665083],[-0.192833,5.665083],[-0.192833,5.664917],[-0.19275,5.664917],[-0.19275,5.665083]],[[-0.191333,5.664333],[-0.191083,5.664417],[-0.191083,5.664583],[-0.191333,5.6645],[-0.191333,5.664333]],[[-0.19125,5.664083],[-0.1915,5.664083],[-0.1915,5.663917],[-0.19125,5.663917],[-0.19125,5.664083]],[[-0.19325,5.663917],[-0.193417,5.663917],[-0.1935,5.66375],[-0.19325,5.663667],[-0.193167,5.66375],[-0.19325,5.663917]],[[-0.193083,5.662417],[-0.192917,5.66225],[-0.192583,5.66225],[-0.192583,5.662167],[-0.192417,5.662167],[-0.192417,5.66225],[-0.19225,5.66225],[-0.19225,5.662167],[-0.19125,5.66225],[-0.191083,5.662417],[-0.191083,5.662583],[-0.19125,5.662583],[-0.191333,5.66275],[-0.191667,5.662833],[-0.191667,5.662917],[-0.192,5.662917],[-0.192,5.663],[-0.192667,5.662917],[-0.19275,5.663],[-0.19275,5.663583],[-0.192667,5.663583],[-0.192667,5.66375],[-0.192917,5.663667],[-0.192917,5.663333],[-0.193083,5.663167],[-0.193083,5.663],[-0.193,5.663],[-0.193,5.662583],[-0.193083,5.662583],[-0.193083,5.662417]],[[-0.19475,5.662583],[-0.194583,5.6625],[-0.194583,5.662333],[-0.1945,5.662333],[-0.194417,5.662],[-0.19425,5.661917],[-0.19425,5.66175],[-0.19475,5.661667],[-0.194833,5.661917],[-0.195,5.661833],[-0.195,5.661583],[-0.194917,5.6615],[-0.19475,5.6615],[-0.19475,5.661583],[-0.194583,5.6615],[-0.194667,5.66125],[-0.19475,5.66125],[-0.19475,5.661417],[-0.195,5.661333],[-0.195,5.660833],[-0.19475,5.66075],[-0.194583,5.660917],[-0.193833,5.660833],[-0.193833,5.660917],[-0.193583,5.660917],[-0.193583,5.661],[-0.193167,5.661],[-0.193083,5.66125],[-0.193,5.66125],[-0.193,5.6615],[-0.19275,5.661583],[-0.19275,5.661833],[-0.192833,5.661917],[-0.193083,5.661917],[-0.193083,5.661833],[-0.193667,5.661917],[-0.194083,5.662333],[-0.194083,5.6625],[-0.193917,5.662667],[-0.19375,5.662667],[-0.19375,5.66275],[-0.193667,5.66275],[-0.193583,5.6625],[-0.193417,5.6625],[-0.193417,5.66275],[-0.193583,5.662833],[-0.193583,5.663],[-0.193417,5.663167],[-0.19325,5.663167],[-0.19325,5.663333],[-0.193583,5.663333],[-0.19375,5.6635],[-0.194083,5.6635],[-0.194167,5.66325],[-0.1945,5.66325],[-0.194583,5.663167],[-0.194583,5.662833],[-0.19475,5.66275],[-0.19475,5.662583]],[[-0.190417,5.662417],[-0.190583,5.662583],[-0.190917,5.662583],[-0.190833,5.66225],[-0.190667,5.662083],[-0.190417,5.662167],[-0.190417,5.662417]],[[-0.19725,5.662083],[-0.197417,5.662167],[-0.1975,5.661917],[-0.197417,5.661917],[-0.197417,5.661667],[-0.197333,5.661583],[-0.197167,5.661583],[-0.197167,5.66175],[-0.19725,5.66175],[-0.19725,5.662083]],[[-0.196917,5.661583],[-0.196833,5.6615],[-0.196667,5.6615],[-0.196667,5.661583],[-0.196417,5.6615],[-0.196333,5.661417],[-0.196333,5.661083],[-0.196167,5.661083],[-0.196,5.661333],[-0.195833,5.661333],[-0.195917,5.661083],[-0.196,5.661083],[-0.196,5.660917],[-0.195833,5.66075],[-0.195667,5.66075],[-0.195667,5.660667],[-0.1955,5.66075],[-0.1955,5.661083],[-0.195583,5.661083],[-0.1955,5.661583],[-0.195583,5.661583],[-0.195667,5.661833],[-0.196083,5.661833],[-0.196083,5.662083],[-0.196417,5.66175],[-0.19675,5.66175],[-0.196833,5.661833],[-0.196917,5.661583]],[[-0.192333,5.661417],[-0.1925,5.661417],[-0.1925,5.66125],[-0.192333,5.66125],[-0.192333,5.661417]],[[-0.197083,5.660167],[-0.196833,5.66025],[-0.196833,5.660167],[-0.196667,5.660167],[-0.1965,5.66],[-0.19625,5.66],[-0.19625,5.660083],[-0.196,5.660167],[-0.196,5.660333],[-0.19625,5.660417],[-0.196333,5.660667],[-0.196583,5.660667],[-0.196667,5.660583],[-0.19675,5.661],[-0.196833,5.661],[-0.196917,5.66125],[-0.197083,5.661167],[-0.197083,5.660917],[-0.197333,5.660833],[-0.197333,5.660583],[-0.197,5.660583],[-0.197083,5.6605],[-0.197083,5.660167]],[[-0.194833,5.660583],[-0.195,5.6605],[-0.195,5.66025],[-0.19475,5.660167],[-0.194667,5.66025],[-0.194667,5.6605],[-0.194833,5.6605],[-0.194833,5.660583]],[[-0.197833,5.659167],[-0.19775,5.659167],[-0.197833,5.659333],[-0.198,5.659333],[-0.198167,5.659167],[-0.198167,5.658833],[-0.198083,5.65875],[-0.197917,5.658833],[-0.197833,5.659167]]]}},{"type":"Feature","properties":{"class":"grassland","ha":1.19},"geometry":{"type":"Polygon","coordinates":[[[-0.18725,5.63],[-0.187417,5.63],[-0.187667,5.63025],[-0.1875,5.629333],[-0.187417,5.629333],[-0.187333,5.629],[-0.187167,5.628917],[-0.187167,5.62875],[-0.187583,5.62851],[-0.1875,5.628917],[-0.187583,5.629],[-0.188083,5.628917],[-0.188167,5.629],[-0.188167,5.629417],[-0.187833,5.629667],[-0.187833,5.629833],[-0.188,5.63],[-0.18775,5.630167],[-0.18775,5.6305],[-0.1875,5.6305],[-0.1875,5.630667],[-0.187333,5.630667],[-0.187333,5.630417],[-0.187083,5.63025],[-0.18725,5.63]]]}},{"type":"Feature","properties":{"class":"grassland","ha":0.54},"geometry":{"type":"Polygon","coordinates":[[[-0.187583,5.63225],[-0.187667,5.632],[-0.187917,5.632],[-0.188,5.631833],[-0.18825,5.632],[-0.18825,5.63225],[-0.188167,5.632333],[-0.188,5.632167],[-0.187833,5.632167],[-0.187833,5.632333],[-0.188,5.632417],[-0.187833,5.633],[-0.18775,5.633],[-0.18775,5.63275],[-0.187417,5.63275],[-0.187333,5.632667],[-0.1875,5.6325],[-0.1875,5.63225],[-0.187583,5.63225]]]}},{"type":"Feature","properties":{"class":"grassland","ha":11.09},"geometry":{"type":"Polygon","coordinates":[[[-0.187167,5.633583],[-0.187667,5.633417],[-0.18775,5.6335],[-0.18775,5.633833],[-0.188,5.633833],[-0.188,5.633667],[-0.188083,5.633667],[-0.18825,5.634167],[-0.188417,5.634167],[-0.188417,5.63425],[-0.1885,5.634167],[-0.189083,5.634167],[-0.189167,5.634],[-0.1895,5.634],[-0.189667,5.633833],[-0.189833,5.633833],[-0.19,5.634],[-0.190167,5.633833],[-0.19025,5.633333],[-0.190417,5.63325],[-0.190667,5.63375],[-0.190583,5.63375],[-0.190583,5.633917],[-0.190417,5.633917],[-0.190333,5.634417],[-0.190417,5.634417],[-0.190417,5.634583],[-0.190583,5.63475],[-0.190833,5.634833],[-0.190833,5.635083],[-0.19075,5.635167],[-0.190917,5.635333],[-0.190917,5.63575],[-0.191,5.635833],[-0.19125,5.63575],[-0.19125,5.635333],[-0.191333,5.63525],[-0.191833,5.635167],[-0.191917,5.634917],[-0.192667,5.634833],[-0.192667,5.634667],[-0.193,5.634583],[-0.19325,5.63425],[-0.1935,5.63425],[-0.193583,5.634083],[-0.19375,5.634167],[-0.193833,5.634083],[-0.193833,5.633833],[-0.194,5.633667],[-0.194167,5.633667],[-0.19425,5.633833],[-0.1945,5.633917],[-0.1945,5.634083],[-0.194583,5.634083],[-0.1945,5.6345],[-0.194667,5.634667],[-0.194417,5.63475],[-0.19425,5.634583],[-0.19425,5.63425],[-0.194167,5.634167],[-0.194,5.634333],[-0.193667,5.634333],[-0.193667,5.634417],[-0.193333,5.634417],[-0.19325,5.6345],[-0.19325,5.63475],[-0.193333,5.63475],[-0.19325,5.63525],[-0.193417,5.635417],[-0.193417,5.635917],[-0.1935,5.636],[-0.19375,5.636],[-0.193917,5.636167],[-0.193917,5.636333],[-0.193833,5.636333],[-0.193833,5.636833],[-0.19375,5.636917],[-0.1935,5.636917],[-0.193417,5.637083],[-0.19325,5.637083],[-0.19325,5.63675],[-0.193167,5.636667],[-0.19275,5.636667],[-0.192667,5.6365],[-0.1925,5.6365],[-0.192417,5.63675],[-0.1925,5.636833],[-0.19275,5.63675],[-0.192833,5.637],[-0.193083,5.637],[-0.193167,5.637083],[-0.193083,5.637333],[-0.193,5.637417],[-0.19275,5.637417],[-0.192583,5.63725],[-0.192167,5.637167],[-0.192083,5.637417],[-0.191917,5.6375],[-0.191667,5.63725],[-0.191333,5.637167],[-0.191333,5.636833],[-0.19125,5.636833],[-0.19125,5.636667],[-0.191417,5.636667],[-0.1915,5.636833],[-0.191667,5.63675],[-0.191667,5.636583],[-0.1915,5.6365],[-0.1915,5.63625],[-0.191667,5.636167],[-0.191583,5.635917],[-0.1915,5.635833],[-0.19125,5.635833],[-0.191083,5.636083],[-0.190917,5.636083],[-0.190917,5.636],[-0.190667,5.635917],[-0.190667,5.635667],[-0.190583,5.635583],[-0.190333,5.635583],[-0.190333,5.635833],[-0.1905,5.635917],[-0.1905,5.63625],[-0.190667,5.636417],[-0.190833,5.636417],[-0.191,5.636667],[-0.190917,5.63675],[-0.19075,5.63675],[-0.190667,5.636583],[-0.190083,5.636667],[-0.190167,5.637083],[-0.190083,5.637167],[-0.189833,5.637083],[-0.189833,5.636833],[-0.189917,5.636833],[-0.189833,5.636583],[-0.19,5.636417],[-0.189833,5.6355],[-0.19,5.635417],[-0.19,5.635083],[-0.189917,5.635083],[-0.189917,5.634833],[-0.18975,5.63475],[-0.18975,5.6345],[-0.189583,5.634333],[-0.189333,5.634333],[-0.189,5.63475],[-0.188833,5.63475],[-0.188833,5.6345],[-0.188667,5.634333],[-0.188583,5.634417],[-0.18775,5.634333],[-0.187667,5.6345],[-0.1875,5.6345],[-0.187583,5.633917],[-0.186667,5.634083],[-0.187167,5.633583]],[[-0.187667,5.633917],[-0.187667,5.63375],[-0.187583,5.63375],[-0.187583,5.633917],[-0.187667,5.633917]],[[-0.191667,5.636333],[-0.191917,5.636583],[-0.192083,5.636583],[-0.192167,5.636083],[-0.191917,5.636],[-0.191667,5.636333]],[[-0.192417,5.636083],[-0.192583,5.63625],[-0.192833,5.636167],[-0.192833,5.636],[-0.19275,5.636],[-0.192667,5.63575],[-0.1925,5.63575],[-0.1925,5.635917],[-0.192417,5.635917],[-0.192417,5.636083]]]}},{"type":"Feature","properties":{"class":"grassland","ha":0.36},"geometry":{"type":"Polygon","coordinates":[[[-0.18875,5.63675],[-0.188833,5.636667],[-0.189083,5.636667],[-0.189083,5.637],[-0.189417,5.637333],[-0.189417,5.6375],[-0.189083,5.6375],[-0.188917,5.637333],[-0.188917,5.637083],[-0.18875,5.637],[-0.18875,5.63675]]]}},{"type":"Feature","properties":{"class":"grassland","ha":1.26},"geometry":{"type":"Polygon","coordinates":[[[-0.18975,5.638083],[-0.18975,5.637833],[-0.190083,5.637833],[-0.19,5.637583],[-0.190333,5.63725],[-0.191,5.63725],[-0.191,5.637583],[-0.191167,5.637583],[-0.191167,5.637667],[-0.190833,5.637833],[-0.190917,5.638083],[-0.190667,5.638167],[-0.1905,5.638417],[-0.19025,5.638417],[-0.190167,5.6385],[-0.18975,5.638083]],[[-0.190583,5.637667],[-0.190833,5.637583],[-0.190833,5.6375],[-0.190583,5.6375],[-0.190583,5.637667]]]}},{"type":"Feature","properties":{"class":"grassland","ha":0.27},"geometry":{"type":"Polygon","coordinates":[[[-0.189083,5.637833],[-0.189083,5.638083],[-0.189417,5.638],[-0.189417,5.638167],[-0.189083,5.6385],[-0.188833,5.63825],[-0.188917,5.638167],[-0.188833,5.63775],[-0.189083,5.637833]]]}},{"type":"Feature","properties":{"class":"grassland","ha":19.67},"geometry":{"type":"Polygon","coordinates":[[[-0.186417,5.642],[-0.186,5.642],[-0.186083,5.64175],[-0.186333,5.641667],[-0.18625,5.641167],[-0.186833,5.641],[-0.18675,5.640917],[-0.18675,5.6405],[-0.186667,5.6405],[-0.186583,5.64],[-0.186333,5.639917],[-0.18625,5.63975],[-0.185667,5.639833],[-0.185333,5.639417],[-0.185,5.639417],[-0.18475,5.639667],[-0.18475,5.639417],[-0.184583,5.639333],[-0.184583,5.639083],[-0.184417,5.638917],[-0.184417,5.638667],[-0.184583,5.6385],[-0.185,5.6385],[-0.18525,5.63825],[-0.185417,5.638417],[-0.185583,5.638417],[-0.185583,5.638083],[-0.185667,5.638],[-0.185833,5.638],[-0.186,5.63825],[-0.186167,5.63825],[-0.18625,5.638],[-0.186083,5.637917],[-0.186083,5.63775],[-0.186333,5.637667],[-0.186583,5.637333],[-0.186833,5.63725],[-0.18675,5.636833],[-0.186417,5.636583],[-0.186333,5.63625],[-0.186,5.636],[-0.186,5.635833],[-0.18575,5.635833],[-0.185667,5.63575],[-0.185667,5.635667],[-0.186,5.635667],[-0.186083,5.635417],[-0.18575,5.635417],[-0.185833,5.635083],[-0.185667,5.635],[-0.185667,5.63475],[-0.185583,5.63475],[-0.185583,5.634667],[-0.185917,5.634583],[-0.186,5.634333],[-0.18625,5.634333],[-0.1865,5.634083],[-0.186667,5.634083],[-0.18625,5.634667],[-0.186,5.634667],[-0.185917,5.63475],[-0.185917,5.634917],[-0.186,5.635],[-0.186083,5.634917],[-0.186583,5.634917],[-0.186667,5.635],[-0.18675,5.635333],[-0.186333,5.63525],[-0.186333,5.635667],[-0.1865,5.63575],[-0.186583,5.636167],[-0.18675,5.63625],[-0.18675,5.636583],[-0.187,5.63675],[-0.187,5.637],[-0.187167,5.637083],[-0.187167,5.637],[-0.187417,5.637],[-0.187417,5.636917],[-0.188,5.636833],[-0.188167,5.636417],[-0.18875,5.63625],[-0.18875,5.636417],[-0.188583,5.6365],[-0.188583,5.63675],[-0.1885,5.63675],[-0.188583,5.637333],[-0.188417,5.6375],[-0.188417,5.637667],[-0.188667,5.637833],[-0.188667,5.638167],[-0.188417,5.638333],[-0.1885,5.638417],[-0.1885,5.638667],[-0.188167,5.638917],[-0.188167,5.63925],[-0.188333,5.639417],[-0.188583,5.639417],[-0.188583,5.6395],[-0.188833,5.639417],[-0.188917,5.6395],[-0.188833,5.639583],[-0.188833,5.639833],[-0.188917,5.639917],[-0.189167,5.639917],[-0.189167,5.639833],[-0.189417,5.639833],[-0.189417,5.63975],[-0.189833,5.639667],[-0.189917,5.6395],[-0.190167,5.6395],[-0.190167,5.63975],[-0.190333,5.63975],[-0.190333,5.640083],[-0.190417,5.640167],[-0.190167,5.64025],[-0.19,5.640083],[-0.19,5.640333],[-0.189583,5.640583],[-0.1895,5.640917],[-0.189333,5.640917],[-0.189333,5.640667],[-0.18925,5.640583],[-0.189,5.640583],[-0.189,5.640917],[-0.189167,5.641],[-0.189167,5.641333],[-0.18925,5.641417],[-0.189,5.6415],[-0.188833,5.641333],[-0.188583,5.641333],[-0.188417,5.641583],[-0.18825,5.641583],[-0.188333,5.642],[-0.188083,5.642083],[-0.188083,5.642167],[-0.187833,5.642083],[-0.187917,5.641833],[-0.188,5.641833],[-0.188,5.641667],[-0.187583,5.641667],[-0.187417,5.64225],[-0.187167,5.64225],[-0.187167,5.642167],[-0.18675,5.642083],[-0.18675,5.641833],[-0.1865,5.641833],[-0.186417,5.642]],[[-0.186417,5.639583],[-0.186417,5.63975],[-0.1865,5.63975],[-0.1865,5.639583],[-0.186417,5.639583]],[[-0.185583,5.639167],[-0.185583,5.639333],[-0.18575,5.639333],[-0.18575,5.639167],[-0.185583,5.639167]],[[-0.186833,5.638667],[-0.18675,5.6385],[-0.186583,5.6385],[-0.186583,5.63875],[-0.18675,5.63875],[-0.186833,5.638667]],[[-0.187417,5.6385],[-0.187417,5.638667],[-0.187583,5.638667],[-0.18775,5.6385],[-0.187667,5.638333],[-0.187417,5.6385]],[[-0.186667,5.63825],[-0.186667,5.638333],[-0.186833,5.638333],[-0.186833,5.63825],[-0.186667,5.63825]],[[-0.186417,5.637833],[-0.186417,5.638083],[-0.186583,5.638083],[-0.186833,5.637833],[-0.186833,5.637667],[-0.186667,5.637667],[-0.186667,5.63775],[-0.186417,5.637833]]]}},{"type":"Feature","properties":{"class":"grassland","ha":0.92},"geometry":{"type":"Polygon","coordinates":[[[-0.18675,5.643583],[-0.186833,5.64275],[-0.187083,5.64275],[-0.18725,5.643],[-0.18775,5.643083],[-0.187833,5.643333],[-0.187917,5.643333],[-0.187917,5.6435],[-0.187333,5.643333],[-0.18725,5.643667],[-0.187417,5.643667],[-0.1875,5.644083],[-0.187333,5.644083],[-0.187167,5.643917],[-0.187167,5.64375],[-0.186917,5.64375],[-0.18675,5.643583]]]}},{"type":"Feature","properties":{"class":"grassland","ha":1.85},"geometry":{"type":"Polygon","coordinates":[[[-0.18975,5.64375],[-0.189583,5.643667],[-0.1895,5.643833],[-0.189333,5.643833],[-0.189333,5.643667],[-0.189417,5.643667],[-0.189417,5.643417],[-0.189333,5.643333],[-0.189083,5.643583],[-0.188917,5.6435],[-0.189,5.643417],[-0.188917,5.64275],[-0.189083,5.64275],[-0.189167,5.642583],[-0.189667,5.642583],[-0.189667,5.642917],[-0.19025,5.64275],[-0.190167,5.642833],[-0.190167,5.643083],[-0.190083,5.643083],[-0.19,5.643667],[-0.190083,5.643667],[-0.190167,5.643917],[-0.190417,5.643917],[-0.1905,5.644167],[-0.190417,5.64425],[-0.190167,5.644167],[-0.190083,5.644333],[-0.189583,5.6445],[-0.1895,5.644417],[-0.1895,5.644083],[-0.18975,5.644],[-0.189667,5.643833],[-0.18975,5.64375]]]}},{"type":"Feature","properties":{"class":"grassland","ha":4.14},"geometry":{"type":"Polygon","coordinates":[[[-0.188333,5.646333],[-0.18825,5.646083],[-0.188083,5.646083],[-0.188083,5.646333],[-0.188,5.646417],[-0.18775,5.646417],[-0.18775,5.646167],[-0.188167,5.645833],[-0.188167,5.645667],[-0.188083,5.645583],[-0.188,5.645667],[-0.18775,5.645667],[-0.187667,5.645583],[-0.187833,5.645083],[-0.187583,5.645083],[-0.187667,5.644583],[-0.1875,5.6445],[-0.1875,5.644083],[-0.187667,5.644083],[-0.187917,5.64375],[-0.188167,5.64375],[-0.188167,5.643667],[-0.188417,5.643667],[-0.188417,5.64375],[-0.189083,5.64375],[-0.18925,5.643917],[-0.189083,5.644083],[-0.189,5.644833],[-0.188833,5.644917],[-0.188833,5.645417],[-0.189,5.645583],[-0.189,5.645833],[-0.188917,5.645833],[-0.188917,5.6465],[-0.188833,5.6465],[-0.188833,5.64675],[-0.188917,5.646833],[-0.18875,5.646833],[-0.18875,5.64675],[-0.188583,5.64675],[-0.188583,5.646667],[-0.188333,5.646583],[-0.188417,5.646333],[-0.188333,5.646333]]]}},{"type":"Feature","properties":{"class":"grassland","ha":1.22},"geometry":{"type":"Polygon","coordinates":[[[-0.189417,5.647],[-0.189417,5.64675],[-0.189333,5.64675],[-0.189417,5.645583],[-0.1895,5.645583],[-0.1895,5.645417],[-0.189667,5.645417],[-0.189833,5.645583],[-0.189833,5.64575],[-0.190167,5.646],[-0.190167,5.646167],[-0.18975,5.646083],[-0.18975,5.64625],[-0.189833,5.64625],[-0.189833,5.646417],[-0.190167,5.6465],[-0.19025,5.646583],[-0.19025,5.646833],[-0.1905,5.647],[-0.190417,5.647167],[-0.190167,5.646917],[-0.189833,5.646917],[-0.18975,5.647083],[-0.189417,5.647]]]}},{"type":"Feature","properties":{"class":"grassland","ha":0.26},"geometry":{"type":"Polygon","coordinates":[[[-0.188083,5.647],[-0.18825,5.647],[-0.188583,5.647333],[-0.188583,5.647583],[-0.188417,5.647667],[-0.188083,5.647333],[-0.188083,5.647]]]}},{"type":"Feature","properties":{"class":"grassland","ha":3.15},"geometry":{"type":"Polygon","coordinates":[[[-0.186,5.64875],[-0.186167,5.64875],[-0.186333,5.649333],[-0.186583,5.649333],[-0.186583,5.649083],[-0.1865,5.649083],[-0.186417,5.648583],[-0.186333,5.648583],[-0.186333,5.647583],[-0.186417,5.647583],[-0.186417,5.647417],[-0.1865,5.647333],[-0.18675,5.647333],[-0.18675,5.64725],[-0.187083,5.64725],[-0.187083,5.647333],[-0.187417,5.64725],[-0.187417,5.647417],[-0.1875,5.647417],[-0.1875,5.648417],[-0.187583,5.648417],[-0.187583,5.648583],[-0.1875,5.648583],[-0.1875,5.649],[-0.18725,5.649167],[-0.187333,5.649583],[-0.187083,5.649583],[-0.187083,5.649417],[-0.186833,5.649417],[-0.186833,5.6495],[-0.186583,5.6495],[-0.1865,5.649667],[-0.186333,5.649667],[-0.186,5.649333],[-0.186,5.64875]]]}},{"type":"Feature","properties":{"class":"grassland","ha":0.51},"geometry":{"type":"Polygon","coordinates":[[[-0.190917,5.6485],[-0.191,5.64875],[-0.190917,5.648833],[-0.1905,5.648833],[-0.190333,5.649083],[-0.190083,5.649083],[-0.19,5.649],[-0.19,5.6485],[-0.19025,5.648417],[-0.19025,5.6485],[-0.1905,5.6485],[-0.1905,5.648583],[-0.190917,5.6485]]]}},{"type":"Feature","properties":{"class":"grassland","ha":0.61},"geometry":{"type":"Polygon","coordinates":[[[-0.186833,5.65575],[-0.186833,5.655583],[-0.187,5.655583],[-0.187083,5.655417],[-0.1875,5.6555],[-0.1875,5.655917],[-0.187667,5.656083],[-0.18775,5.6565],[-0.187333,5.656417],[-0.18725,5.656333],[-0.18725,5.656083],[-0.186833,5.65575]]]}},{"type":"Feature","properties":{"class":"grassland","ha":0.31},"geometry":{"type":"Polygon","coordinates":[[[-0.187167,5.657417],[-0.187167,5.658],[-0.187333,5.658083],[-0.187333,5.658667],[-0.187167,5.658583],[-0.187167,5.658417],[-0.187,5.65825],[-0.187,5.6575],[-0.186917,5.657417],[-0.187167,5.657417]]]}},{"type":"Feature","properties":{"class":"grassland","ha":0.27},"geometry":{"type":"Polygon","coordinates":[[[-0.18825,5.659167],[-0.18825,5.659333],[-0.1885,5.659583],[-0.1885,5.65975],[-0.188083,5.659667],[-0.187917,5.6595],[-0.188,5.659083],[-0.18825,5.659167]]]}},{"type":"Feature","properties":{"class":"grassland","ha":0.44},"geometry":{"type":"Polygon","coordinates":[[[-0.185083,5.62725],[-0.185,5.627583],[-0.184917,5.627667],[-0.184583,5.627667],[-0.1845,5.627583],[-0.1845,5.627083],[-0.184417,5.627083],[-0.184417,5.626917],[-0.184833,5.626917],[-0.184833,5.627083],[-0.185083,5.62725]]]}},{"type":"Feature","properties":{"class":"grassland","ha":2.31},"geometry":{"type":"Polygon","coordinates":[[[-0.184083,5.629167],[-0.184,5.629333],[-0.183833,5.629333],[-0.184083,5.629],[-0.184583,5.628917],[-0.184667,5.62875],[-0.184833,5.628833],[-0.184833,5.629083],[-0.185,5.629083],[-0.185,5.629167],[-0.18525,5.629083],[-0.185417,5.628917],[-0.185333,5.628833],[-0.185417,5.628417],[-0.18525,5.62825],[-0.1855,5.628167],[-0.185583,5.628083],[-0.185583,5.627833],[-0.18575,5.627833],[-0.185833,5.627667],[-0.186,5.627667],[-0.186083,5.627917],[-0.186333,5.627917],[-0.186417,5.628167],[-0.1865,5.628167],[-0.1865,5.628417],[-0.186417,5.6285],[-0.186583,5.628667],[-0.18625,5.629],[-0.18575,5.629167],[-0.18575,5.62925],[-0.185417,5.629333],[-0.18525,5.6295],[-0.185,5.6295],[-0.184917,5.629667],[-0.18475,5.629667],[-0.184583,5.6295],[-0.184583,5.629333],[-0.1845,5.629333],[-0.184417,5.629083],[-0.184083,5.629167]],[[-0.186083,5.628667],[-0.186167,5.628667],[-0.186167,5.628583],[-0.186083,5.628667]],[[-0.186,5.628417],[-0.18575,5.628333],[-0.18575,5.628583],[-0.186,5.6285],[-0.186,5.628417]]]}},{"type":"Feature","properties":{"class":"grassland","ha":0.37},"geometry":{"type":"Polygon","coordinates":[[[-0.185333,5.630333],[-0.185583,5.630333],[-0.18575,5.6305],[-0.185667,5.63075],[-0.185333,5.63075],[-0.185333,5.631],[-0.185083,5.631167],[-0.184917,5.631],[-0.184917,5.630833],[-0.185167,5.630833],[-0.185167,5.630583],[-0.18525,5.630583],[-0.185333,5.630333]]]}},{"type":"Feature","properties":{"class":"grassland","ha":6.59},"geometry":{"type":"Polygon","coordinates":[[[-0.1815,5.63425],[-0.1815,5.633917],[-0.18175,5.63375],[-0.18175,5.6335],[-0.182,5.6335],[-0.182083,5.633417],[-0.182,5.633083],[-0.181917,5.633083],[-0.181917,5.63275],[-0.18175,5.632667],[-0.18175,5.63225],[-0.181667,5.63225],[-0.18175,5.631833],[-0.181917,5.631667],[-0.181667,5.631583],[-0.181667,5.6315],[-0.181417,5.6315],[-0.181417,5.631417],[-0.181333,5.6315],[-0.181083,5.6315],[-0.181083,5.631667],[-0.18075,5.632],[-0.180917,5.632667],[-0.180667,5.632833],[-0.180667,5.63275],[-0.180333,5.63275],[-0.18025,5.632667],[-0.1805,5.632333],[-0.180667,5.632333],[-0.180667,5.631833],[-0.1805,5.63175],[-0.1805,5.6315],[-0.180333,5.631333],[-0.180167,5.631333],[-0.180083,5.631167],[-0.179917,5.631167],[-0.179917,5.631333],[-0.180083,5.631333],[-0.180083,5.631833],[-0.179917,5.631917],[-0.17975,5.63175],[-0.17975,5.631417],[-0.179667,5.631417],[-0.179667,5.631167],[-0.180083,5.63075],[-0.18025,5.63075],[-0.180417,5.630917],[-0.1805,5.630667],[-0.18075,5.630583],[-0.18075,5.630167],[-0.180833,5.630083],[-0.181,5.630167],[-0.181,5.631167],[-0.180667,5.631167],[-0.180667,5.631417],[-0.180833,5.631417],[-0.180917,5.63125],[-0.1815,5.63125],[-0.181583,5.631167],[-0.181583,5.631],[-0.1815,5.631],[-0.181583,5.630583],[-0.18125,5.630417],[-0.18125,5.63025],[-0.181417,5.630083],[-0.182167,5.630167],[-0.18225,5.63025],[-0.182167,5.6305],[-0.182333,5.630667],[-0.182167,5.63075],[-0.182167,5.631],[-0.182,5.631],[-0.182,5.630583],[-0.18175,5.630667],[-0.18175,5.63125],[-0.181583,5.631417],[-0.182,5.631417],[-0.182,5.631333],[-0.18225,5.631333],[-0.18225,5.63125],[-0.1825,5.63125],[-0.1825,5.631167],[-0.18275,5.631167],[-0.18275,5.631333],[-0.182583,5.631333],[-0.182333,5.631583],[-0.182333,5.63175],[-0.18275,5.632167],[-0.18275,5.632333],[-0.183,5.6325],[-0.183,5.63275],[-0.182833,5.632833],[-0.182833,5.633167],[-0.183,5.633167],[-0.183,5.633333],[-0.182833,5.633333],[-0.182833,5.633417],[-0.182667,5.633333],[-0.182667,5.633417],[-0.18225,5.6335],[-0.182083,5.633667],[-0.182083,5.634083],[-0.182333,5.63425],[-0.18225,5.6345],[-0.182083,5.6345],[-0.182083,5.63475],[-0.182167,5.634833],[-0.182083,5.634917],[-0.181667,5.634917],[-0.181417,5.63525],[-0.18125,5.63525],[-0.181167,5.635167],[-0.181167,5.634667],[-0.181083,5.634667],[-0.181083,5.6345],[-0.1815,5.63425]],[[-0.182,5.63275],[-0.182083,5.63275],[-0.182167,5.6325],[-0.182,5.6325],[-0.182,5.63275]]]}},{"type":"Feature","properties":{"class":"grassland","ha":0.87},"geometry":{"type":"Polygon","coordinates":[[[-0.18325,5.632583],[-0.18325,5.632417],[-0.183417,5.632417],[-0.183417,5.632333],[-0.184083,5.632333],[-0.184333,5.632583],[-0.184417,5.633],[-0.18425,5.633],[-0.184083,5.63325],[-0.183833,5.63325],[-0.1835,5.632917],[-0.1835,5.632667],[-0.18325,5.632583]]]}},{"type":"Feature","properties":{"class":"grassland","ha":0.56},"geometry":{"type":"Polygon","coordinates":[[[-0.18475,5.634167],[-0.185,5.634167],[-0.18525,5.634417],[-0.184917,5.63475],[-0.184917,5.635],[-0.184833,5.635083],[-0.18475,5.635083],[-0.18475,5.634917],[-0.184417,5.635],[-0.184417,5.634417],[-0.184583,5.634417],[-0.18475,5.634167]]]}},{"type":"Feature","properties":{"class":"grassland","ha":0.88},"geometry":{"type":"Polygon","coordinates":[[[-0.183833,5.63625],[-0.18375,5.63625],[-0.183833,5.636167],[-0.183833,5.63575],[-0.18375,5.63575],[-0.18375,5.635583],[-0.184,5.6355],[-0.184,5.635417],[-0.18425,5.635417],[-0.184417,5.63525],[-0.184583,5.63525],[-0.184167,5.635667],[-0.184167,5.636083],[-0.18425,5.636083],[-0.18425,5.63625],[-0.184417,5.636333],[-0.1845,5.636583],[-0.18425,5.636833],[-0.184,5.636833],[-0.184,5.63675],[-0.183667,5.63675],[-0.183583,5.636667],[-0.183667,5.6365],[-0.183833,5.6365],[-0.183833,5.63625]]]}},{"type":"Feature","properties":{"class":"grassland","ha":0.78},"geometry":{"type":"Polygon","coordinates":[[[-0.181333,5.638167],[-0.181417,5.63775],[-0.181583,5.637833],[-0.181583,5.638083],[-0.181667,5.638167],[-0.181917,5.638167],[-0.181917,5.638],[-0.18175,5.637917],[-0.181833,5.63775],[-0.181667,5.637667],[-0.181667,5.637083],[-0.18175,5.637083],[-0.181917,5.63725],[-0.182167,5.637917],[-0.18225,5.637917],[-0.18225,5.638417],[-0.182167,5.6385],[-0.182083,5.638417],[-0.181583,5.638417],[-0.181583,5.6385],[-0.181417,5.6385],[-0.1815,5.638417],[-0.181417,5.638167],[-0.181333,5.638167]]]}},{"type":"Feature","properties":{"class":"grassland","ha":1.0},"geometry":{"type":"Polygon","coordinates":[[[-0.18375,5.63775],[-0.1835,5.63775],[-0.1835,5.637833],[-0.18325,5.63775],[-0.18325,5.637833],[-0.183,5.637833],[-0.182917,5.638],[-0.18275,5.638],[-0.182583,5.638167],[-0.1825,5.638083],[-0.1825,5.637833],[-0.182667,5.637667],[-0.183,5.637667],[-0.183333,5.63725],[-0.18375,5.63725],[-0.183833,5.637333],[-0.183833,5.637583],[-0.184333,5.638083],[-0.184333,5.638583],[-0.18425,5.638667],[-0.184083,5.6385],[-0.184,5.638083],[-0.183833,5.638],[-0.18375,5.63775]]]}},{"type":"Feature","properties":{"class":"grassland","ha":0.75},"geometry":{"type":"Polygon","coordinates":[[[-0.182583,5.639917],[-0.182667,5.640083],[-0.1825,5.64025],[-0.182333,5.64025],[-0.182333,5.640333],[-0.181333,5.6405],[-0.18125,5.639917],[-0.181833,5.639833],[-0.181917,5.64],[-0.182583,5.639917]]]}},{"type":"Feature","properties":{"class":"grassland","ha":0.44},"geometry":{"type":"Polygon","coordinates":[[[-0.1855,5.641667],[-0.18525,5.641667],[-0.185167,5.641583],[-0.185083,5.641833],[-0.18475,5.642167],[-0.184333,5.642167],[-0.184333,5.641833],[-0.184833,5.641833],[-0.185,5.641417],[-0.185417,5.641417],[-0.1855,5.641667]]]}},{"type":"Feature","properties":{"class":"grassland","ha":26.5},"geometry":{"type":"Polygon","coordinates":[[[-0.17925,5.645667],[-0.179167,5.645],[-0.179333,5.645],[-0.1795,5.645167],[-0.1795,5.645417],[-0.179417,5.645417],[-0.1795,5.645833],[-0.17975,5.645833],[-0.179833,5.646],[-0.18,5.646],[-0.180083,5.645833],[-0.180333,5.64575],[-0.180333,5.645333],[-0.18025,5.64525],[-0.180167,5.645333],[-0.179833,5.645333],[-0.17975,5.645083],[-0.179833,5.645083],[-0.179833,5.64475],[-0.179917,5.644667],[-0.180333,5.644667],[-0.180333,5.6445],[-0.18,5.644417],[-0.179833,5.64425],[-0.179833,5.644083],[-0.180167,5.644083],[-0.18025,5.644],[-0.18025,5.643667],[-0.180333,5.643667],[-0.180333,5.643333],[-0.180417,5.64325],[-0.18025,5.643083],[-0.180083,5.643083],[-0.180083,5.643],[-0.179833,5.643],[-0.179833,5.643083],[-0.179667,5.643],[-0.179583,5.642333],[-0.179833,5.642083],[-0.180167,5.642083],[-0.180167,5.642],[-0.1805,5.642083],[-0.180667,5.64175],[-0.1805,5.64175],[-0.1805,5.641833],[-0.180417,5.64175],[-0.179833,5.64175],[-0.179833,5.641833],[-0.179583,5.641917],[-0.1795,5.641833],[-0.1795,5.641583],[-0.179583,5.641583],[-0.179583,5.64125],[-0.17975,5.641083],[-0.18,5.641083],[-0.18,5.641167],[-0.180167,5.641167],[-0.180167,5.641083],[-0.180667,5.641083],[-0.180667,5.641167],[-0.180917,5.641167],[-0.180917,5.640917],[-0.181,5.640833],[-0.181917,5.640667],[-0.181917,5.640583],[-0.182333,5.640583],[-0.1825,5.640333],[-0.18275,5.640333],[-0.182917,5.640167],[-0.183333,5.640167],[-0.1835,5.640417],[-0.183667,5.640417],[-0.183667,5.640167],[-0.1835,5.640167],[-0.183333,5.64],[-0.183333,5.63975],[-0.183417,5.639667],[-0.18375,5.639667],[-0.183583,5.639417],[-0.184,5.639333],[-0.184083,5.639167],[-0.18425,5.639167],[-0.184333,5.639417],[-0.184167,5.639583],[-0.183917,5.639583],[-0.183917,5.63975],[-0.184167,5.63975],[-0.184167,5.639667],[-0.184583,5.63975],[-0.184583,5.639667],[-0.18475,5.639667],[-0.18475,5.64],[-0.184917,5.640083],[-0.184917,5.640333],[-0.185,5.640333],[-0.185083,5.640583],[-0.185333,5.640583],[-0.185333,5.6405],[-0.18575,5.6405],[-0.185833,5.640583],[-0.185833,5.64075],[-0.1855,5.64075],[-0.1855,5.640833],[-0.185083,5.640833],[-0.185,5.640667],[-0.184833,5.640667],[-0.184917,5.64075],[-0.184917,5.641083],[-0.184667,5.641083],[-0.184583,5.64125],[-0.1845,5.641167],[-0.184167,5.641167],[-0.184083,5.641417],[-0.183917,5.64125],[-0.18375,5.641333],[-0.18375,5.641583],[-0.184,5.64175],[-0.184,5.642083],[-0.184167,5.642167],[-0.18425,5.642833],[-0.184333,5.642833],[-0.184333,5.643],[-0.184417,5.643],[-0.1845,5.64325],[-0.184333,5.643333],[-0.18425,5.64325],[-0.18425,5.643],[-0.184167,5.642917],[-0.184,5.643],[-0.184,5.64325],[-0.184083,5.64325],[-0.184083,5.644167],[-0.183917,5.64425],[-0.183917,5.644583],[-0.18375,5.644667],[-0.183833,5.645083],[-0.183667,5.64525],[-0.183333,5.645167],[-0.18325,5.645417],[-0.183083,5.6455],[-0.183083,5.64575],[-0.183,5.645833],[-0.18275,5.64575],[-0.18275,5.6455],[-0.182833,5.6455],[-0.18275,5.645333],[-0.182583,5.645417],[-0.182417,5.645167],[-0.18225,5.645167],[-0.18225,5.645333],[-0.1825,5.645417],[-0.1825,5.645917],[-0.182333,5.646],[-0.182333,5.646417],[-0.18225,5.646417],[-0.18225,5.646667],[-0.182167,5.64675],[-0.182,5.646583],[-0.18175,5.646583],[-0.18175,5.646667],[-0.181,5.646583],[-0.18075,5.646167],[-0.180167,5.646083],[-0.180167,5.646167],[-0.179917,5.64625],[-0.179833,5.647083],[-0.17975,5.647083],[-0.179833,5.6475],[-0.179667,5.6475],[-0.179583,5.647417],[-0.179583,5.646667],[-0.1795,5.646667],[-0.179417,5.646083],[-0.179333,5.646083],[-0.179333,5.645667],[-0.17925,5.645667]],[[-0.181667,5.6465],[-0.181917,5.646417],[-0.181833,5.646333],[-0.181833,5.645667],[-0.181667,5.645667],[-0.181667,5.646333],[-0.181583,5.646417],[-0.181667,5.6465]],[[-0.181917,5.645167],[-0.181583,5.645167],[-0.181583,5.645417],[-0.181667,5.6455],[-0.181917,5.645417],[-0.181917,5.645167]],[[-0.180667,5.644917],[-0.180833,5.644917],[-0.180833,5.644583],[-0.180667,5.644583],[-0.180667,5.644917]],[[-0.18375,5.644167],[-0.18375,5.644],[-0.183583,5.643833],[-0.183,5.643833],[-0.183,5.644167],[-0.182583,5.644167],[-0.1825,5.64425],[-0.1825,5.6445],[-0.182583,5.644583],[-0.18275,5.644417],[-0.183417,5.6445],[-0.18375,5.644167]],[[-0.18075,5.644167],[-0.180917,5.644167],[-0.180917,5.644],[-0.18075,5.643833],[-0.180583,5.643833],[-0.180583,5.644],[-0.18075,5.644167]],[[-0.18325,5.6435],[-0.183333,5.6435],[-0.183333,5.643333],[-0.18325,5.643333],[-0.18325,5.6435]],[[-0.18075,5.643083],[-0.1805,5.643083],[-0.1805,5.64325],[-0.180667,5.643333],[-0.180667,5.6435],[-0.180833,5.6435],[-0.18075,5.643083]],[[-0.183667,5.643333],[-0.183833,5.643417],[-0.183917,5.643333],[-0.183917,5.643083],[-0.183667,5.642917],[-0.183667,5.643083],[-0.18375,5.643083],[-0.183667,5.643333]],[[-0.1815,5.64275],[-0.181667,5.64275],[-0.181667,5.642583],[-0.1815,5.642583],[-0.1815,5.64275]],[[-0.183583,5.641167],[-0.183667,5.641167],[-0.183667,5.641],[-0.183833,5.640833],[-0.18375,5.64075],[-0.183583,5.640833],[-0.183417,5.640667],[-0.183083,5.640667],[-0.183083,5.64075],[-0.183,5.640667],[-0.18275,5.640667],[-0.18275,5.64075],[-0.18225,5.640917],[-0.182417,5.641083],[-0.182417,5.641333],[-0.182333,5.641417],[-0.182083,5.641333],[-0.182,5.641083],[-0.181833,5.641083],[-0.181833,5.641417],[-0.181583,5.641667],[-0.181417,5.641667],[-0.181333,5.641833],[-0.181417,5.641917],[-0.182167,5.641917],[-0.182333,5.64175],[-0.182583,5.64175],[-0.182667,5.641833],[-0.182667,5.642083],[-0.182917,5.642167],[-0.183,5.642083],[-0.183,5.641833],[-0.183167,5.64175],[-0.183167,5.6415],[-0.183417,5.6415],[-0.183583,5.641167]],[[-0.184667,5.640917],[-0.18475,5.640917],[-0.18475,5.64075],[-0.184667,5.64075],[-0.184667,5.640917]]]}},{"type":"Feature","properties":{"class":"grassland","ha":1.28},"geometry":{"type":"Polygon","coordinates":[[[-0.18375,5.648083],[-0.18375,5.648167],[-0.184,5.648083],[-0.183917,5.648],[-0.183917,5.64775],[-0.18375,5.647583],[-0.1835,5.647583],[-0.1835,5.647333],[-0.183917,5.647333],[-0.183917,5.6475],[-0.184083,5.647667],[-0.184333,5.64775],[-0.184333,5.647917],[-0.184417,5.647917],[-0.1845,5.648167],[-0.184833,5.648167],[-0.184833,5.648333],[-0.18475,5.648333],[-0.18475,5.648583],[-0.184833,5.648667],[-0.184583,5.64875],[-0.1845,5.648583],[-0.184333,5.648583],[-0.184167,5.648833],[-0.184,5.648833],[-0.183833,5.648667],[-0.183667,5.648667],[-0.183667,5.648583],[-0.1835,5.648583],[-0.1835,5.648167],[-0.18375,5.648083]]]}},{"type":"Feature","properties":{"class":"grassland","ha":1.0},"geometry":{"type":"Polygon","coordinates":[[[-0.183167,5.653167],[-0.183167,5.652917],[-0.18325,5.652833],[-0.183417,5.652833],[-0.183417,5.653083],[-0.183667,5.653167],[-0.18375,5.653333],[-0.184,5.65325],[-0.184167,5.653],[-0.184417,5.653],[-0.1845,5.653083],[-0.1845,5.653],[-0.18475,5.652917],[-0.18475,5.653],[-0.185,5.653],[-0.185,5.653167],[-0.185333,5.6535],[-0.185167,5.653583],[-0.185083,5.653417],[-0.18475,5.653417],[-0.184583,5.653667],[-0.184333,5.653667],[-0.18425,5.6535],[-0.183583,5.6535],[-0.183417,5.65325],[-0.183167,5.653167]]]}},{"type":"Feature","properties":{"class":"grassland","ha":0.86},"geometry":{"type":"Polygon","coordinates":[[[-0.18175,5.654833],[-0.18175,5.654417],[-0.181833,5.654417],[-0.18175,5.654],[-0.182333,5.654],[-0.182417,5.654083],[-0.182417,5.6545],[-0.1825,5.6545],[-0.182417,5.654917],[-0.182333,5.655],[-0.182083,5.655],[-0.182083,5.655083],[-0.181917,5.655083],[-0.181917,5.655],[-0.1815,5.655083],[-0.18175,5.654833]]]}},{"type":"Feature","properties":{"class":"grassland","ha":0.31},"geometry":{"type":"Polygon","coordinates":[[[-0.183833,5.654833],[-0.183917,5.654917],[-0.183917,5.655583],[-0.183833,5.655667],[-0.183667,5.655583],[-0.183667,5.655167],[-0.183417,5.655083],[-0.1835,5.654833],[-0.183833,5.654833]]]}},{"type":"Feature","properties":{"class":"grassland","ha":0.34},"geometry":{"type":"Polygon","coordinates":[[[-0.18425,5.65675],[-0.184167,5.657],[-0.184083,5.656917],[-0.183833,5.656917],[-0.183667,5.65675],[-0.183667,5.65625],[-0.184,5.65625],[-0.184,5.6565],[-0.18425,5.65675]]]}},{"type":"Feature","properties":{"class":"grassland","ha":0.39},"geometry":{"type":"Polygon","coordinates":[[[-0.181917,5.664417],[-0.182,5.664583],[-0.182167,5.664583],[-0.182083,5.664167],[-0.182167,5.664167],[-0.18225,5.663917],[-0.182583,5.66425],[-0.182333,5.6645],[-0.182333,5.664667],[-0.182083,5.66475],[-0.182083,5.664833],[-0.181583,5.66475],[-0.181917,5.664417]]]}},{"type":"Feature","properties":{"class":"grassland","ha":1.95},"geometry":{"type":"Polygon","coordinates":[[[-0.18325,5.665833],[-0.1835,5.665667],[-0.1835,5.6655],[-0.183667,5.665333],[-0.183583,5.66525],[-0.183167,5.66525],[-0.183,5.664667],[-0.183167,5.6645],[-0.183417,5.6645],[-0.1835,5.664417],[-0.183417,5.664333],[-0.1835,5.664167],[-0.18375,5.664167],[-0.183917,5.664],[-0.184,5.664167],[-0.183917,5.664167],[-0.183917,5.665],[-0.183833,5.665],[-0.183833,5.66525],[-0.184,5.665333],[-0.184,5.665583],[-0.184167,5.665583],[-0.184167,5.66575],[-0.183833,5.666],[-0.183833,5.66625],[-0.183917,5.66625],[-0.183917,5.666417],[-0.184167,5.666667],[-0.184083,5.666917],[-0.18375,5.666917],[-0.183667,5.666833],[-0.183667,5.666583],[-0.183417,5.6665],[-0.183417,5.666],[-0.18325,5.665833]],[[-0.183583,5.664833],[-0.18375,5.664833],[-0.18375,5.664667],[-0.183583,5.664667],[-0.183583,5.664833]]]}},{"type":"Feature","properties":{"class":"grassland","ha":1.27},"geometry":{"type":"Polygon","coordinates":[[[-0.1845,5.66575],[-0.1845,5.665167],[-0.184333,5.665083],[-0.184417,5.664833],[-0.184667,5.665083],[-0.184917,5.665083],[-0.185,5.66525],[-0.18525,5.665083],[-0.18525,5.664917],[-0.1855,5.664917],[-0.185583,5.6655],[-0.1855,5.665583],[-0.185167,5.665583],[-0.185083,5.665833],[-0.185,5.665833],[-0.185,5.666083],[-0.184833,5.66625],[-0.184333,5.66625],[-0.184167,5.666083],[-0.1845,5.66575]]]}},{"type":"Feature","properties":{"class":"grassland","ha":1.09},"geometry":{"type":"Polygon","coordinates":[[[-0.177927,5.631583],[-0.178417,5.631667],[-0.178583,5.631833],[-0.1785,5.632083],[-0.178417,5.632083],[-0.178417,5.632333],[-0.178583,5.6325],[-0.178583,5.63275],[-0.178333,5.632833],[-0.178333,5.632917],[-0.177917,5.632833],[-0.177917,5.632917],[-0.1775,5.633],[-0.1775,5.632833],[-0.177417,5.632792],[-0.177858,5.632529],[-0.177927,5.631583]]]}},{"type":"Feature","properties":{"class":"grassland","ha":0.34},"geometry":{"type":"Polygon","coordinates":[[[-0.179833,5.63375],[-0.180083,5.633833],[-0.180167,5.634833],[-0.18,5.634833],[-0.18,5.634417],[-0.179833,5.634333],[-0.179833,5.634167],[-0.179667,5.634167],[-0.179667,5.633917],[-0.179833,5.63375]]]}},{"type":"Feature","properties":{"class":"grassland","ha":0.86},"geometry":{"type":"Polygon","coordinates":[[[-0.180667,5.63675],[-0.180833,5.636583],[-0.18075,5.63625],[-0.180667,5.63625],[-0.180833,5.636],[-0.180583,5.63575],[-0.180833,5.635667],[-0.180833,5.635583],[-0.181167,5.635583],[-0.181167,5.63575],[-0.18125,5.63575],[-0.181167,5.636167],[-0.181583,5.6365],[-0.181583,5.636833],[-0.181333,5.636917],[-0.181167,5.636667],[-0.181,5.636667],[-0.180833,5.636833],[-0.180667,5.63675]]]}},{"type":"Feature","properties":{"class":"grassland","ha":3.51},"geometry":{"type":"Polygon","coordinates":[[[-0.177992,5.638583],[-0.17825,5.638333],[-0.17825,5.637917],[-0.178167,5.637917],[-0.178083,5.637167],[-0.178,5.637167],[-0.178,5.636917],[-0.178083,5.636833],[-0.17825,5.636917],[-0.17825,5.637333],[-0.178333,5.637333],[-0.178417,5.637583],[-0.179583,5.637583],[-0.1795,5.637833],[-0.179083,5.637833],[-0.179,5.637917],[-0.179,5.638167],[-0.178917,5.638167],[-0.178917,5.638333],[-0.179083,5.638417],[-0.179083,5.639333],[-0.179,5.639417],[-0.17925,5.639667],[-0.179417,5.640167],[-0.17925,5.640333],[-0.178833,5.640333],[-0.178833,5.64025],[-0.178417,5.64025],[-0.178333,5.640333],[-0.177992,5.638583]]]}},{"type":"Feature","properties":{"class":"grassland","ha":0.31},"geometry":{"type":"Polygon","coordinates":[[[-0.179333,5.65225],[-0.17925,5.652417],[-0.1795,5.652667],[-0.1795,5.652917],[-0.17925,5.652917],[-0.179,5.652667],[-0.179,5.65225],[-0.179083,5.652167],[-0.179333,5.65225]]]}},{"type":"Feature","properties":{"class":"grassland","ha":7.06},"geometry":{"type":"Polygon","coordinates":[[[-0.18075,5.661583],[-0.1805,5.661583],[-0.180333,5.661833],[-0.180083,5.661833],[-0.179833,5.661167],[-0.179417,5.661167],[-0.179167,5.660917],[-0.178917,5.660917],[-0.178833,5.661083],[-0.178667,5.661083],[-0.178833,5.66075],[-0.179333,5.66075],[-0.179417,5.660667],[-0.179417,5.660167],[-0.179667,5.660417],[-0.179833,5.660333],[-0.179833,5.660167],[-0.179583,5.660167],[-0.1795,5.659917],[-0.17925,5.65975],[-0.179167,5.659333],[-0.179,5.659333],[-0.179083,5.658833],[-0.179333,5.658833],[-0.179417,5.658917],[-0.179417,5.658667],[-0.1795,5.658667],[-0.1795,5.6585],[-0.179333,5.658417],[-0.179333,5.658083],[-0.179417,5.658],[-0.179833,5.658],[-0.179833,5.657833],[-0.179667,5.657833],[-0.179667,5.657667],[-0.18025,5.657667],[-0.18025,5.657833],[-0.180083,5.657917],[-0.180167,5.658],[-0.180083,5.658167],[-0.180583,5.658667],[-0.180667,5.658917],[-0.181,5.658917],[-0.181167,5.658667],[-0.181333,5.65875],[-0.18125,5.659],[-0.181417,5.659083],[-0.1815,5.6595],[-0.180917,5.659417],[-0.18075,5.659583],[-0.180583,5.659167],[-0.180333,5.65925],[-0.180333,5.659667],[-0.1805,5.65975],[-0.180417,5.660333],[-0.180667,5.660417],[-0.180833,5.66025],[-0.18075,5.66075],[-0.180833,5.660833],[-0.18125,5.660833],[-0.18125,5.660333],[-0.181167,5.66025],[-0.181333,5.660167],[-0.1815,5.660333],[-0.1815,5.661],[-0.181583,5.661],[-0.181583,5.661333],[-0.181667,5.661333],[-0.18175,5.661667],[-0.181667,5.66175],[-0.181417,5.66175],[-0.181333,5.661917],[-0.181167,5.661917],[-0.181167,5.661833],[-0.180917,5.66175],[-0.181,5.661417],[-0.18075,5.661417],[-0.18075,5.661583]],[[-0.180667,5.660917],[-0.180667,5.661083],[-0.180833,5.661083],[-0.180833,5.660917],[-0.180667,5.660917]],[[-0.179333,5.659583],[-0.179333,5.659667],[-0.1795,5.659667],[-0.1795,5.659583],[-0.179333,5.659583]],[[-0.179833,5.65825],[-0.179833,5.658417],[-0.179917,5.658417],[-0.18,5.65825],[-0.179833,5.65825]]]}},{"type":"Feature","properties":{"class":"grassland","ha":0.36},"geometry":{"type":"Polygon","coordinates":[[[-0.179417,5.666],[-0.17925,5.665833],[-0.179083,5.666],[-0.178917,5.666],[-0.178917,5.665667],[-0.179,5.665583],[-0.179417,5.665583],[-0.179885,5.666083],[-0.179333,5.666083],[-0.179417,5.666]]]}},{"type":"Feature","properties":{"class":"grassland","ha":0.52},"geometry":{"type":"Polygon","coordinates":[[[-0.171333,5.646333],[-0.171333,5.64675],[-0.171,5.647],[-0.171,5.647333],[-0.170917,5.647417],[-0.170667,5.647417],[-0.170583,5.64725],[-0.17025,5.647167],[-0.17025,5.647013],[-0.170897,5.647146],[-0.170985,5.64625],[-0.17125,5.64625],[-0.171333,5.646333]]]}},{"type":"Feature","properties":{"class":"grassland","ha":29.62},"geometry":{"type":"Polygon","coordinates":[[[-0.17,5.650917],[-0.17,5.65075],[-0.170167,5.650583],[-0.170583,5.650583],[-0.170583,5.650417],[-0.17075,5.650333],[-0.17075,5.649917],[-0.170667,5.649833],[-0.170333,5.649833],[-0.17025,5.65],[-0.170083,5.65],[-0.169917,5.649833],[-0.17,5.649417],[-0.169917,5.649417],[-0.169833,5.649167],[-0.169667,5.649167],[-0.169667,5.649417],[-0.1695,5.649417],[-0.169417,5.649083],[-0.169333,5.649083],[-0.169417,5.648417],[-0.169667,5.648333],[-0.169917,5.648083],[-0.170333,5.648083],[-0.170417,5.64825],[-0.170917,5.648417],[-0.171167,5.648833],[-0.171417,5.648833],[-0.171417,5.64875],[-0.171583,5.64875],[-0.17175,5.648583],[-0.17175,5.648333],[-0.171833,5.648333],[-0.171833,5.648167],[-0.172,5.648],[-0.172417,5.648],[-0.1725,5.64775],[-0.173083,5.64775],[-0.173167,5.647583],[-0.173333,5.647583],[-0.173333,5.647333],[-0.17325,5.64725],[-0.172917,5.64725],[-0.17275,5.647083],[-0.17275,5.646667],[-0.172833,5.646667],[-0.172917,5.646417],[-0.17275,5.646333],[-0.17275,5.646083],[-0.172667,5.646],[-0.17225,5.646083],[-0.172,5.646333],[-0.171833,5.646333],[-0.17175,5.64625],[-0.17175,5.645917],[-0.171583,5.645833],[-0.171583,5.645583],[-0.171667,5.645583],[-0.17175,5.645167],[-0.1715,5.645167],[-0.171333,5.644917],[-0.172,5.644417],[-0.171917,5.644083],[-0.171833,5.644083],[-0.171917,5.644],[-0.171917,5.643667],[-0.171833,5.643667],[-0.171833,5.643333],[-0.17175,5.643333],[-0.17175,5.642833],[-0.171917,5.642917],[-0.171833,5.64325],[-0.171917,5.643167],[-0.172083,5.64325],[-0.17225,5.643083],[-0.17225,5.642667],[-0.172333,5.642583],[-0.173167,5.642587],[-0.17325,5.642667],[-0.17325,5.643083],[-0.173583,5.643],[-0.173583,5.642833],[-0.1735,5.642833],[-0.173583,5.642667],[-0.174167,5.642667],[-0.174167,5.643333],[-0.174333,5.643333],[-0.174333,5.643],[-0.174583,5.643],[-0.174667,5.643083],[-0.17475,5.642833],[-0.175083,5.642833],[-0.17525,5.643083],[-0.175417,5.643083],[-0.175417,5.642917],[-0.17525,5.64275],[-0.176167,5.64282],[-0.176167,5.64325],[-0.176083,5.64325],[-0.176,5.643583],[-0.176083,5.643667],[-0.176167,5.643583],[-0.176417,5.643667],[-0.176417,5.644167],[-0.176833,5.644583],[-0.176833,5.644833],[-0.176667,5.645],[-0.176667,5.645417],[-0.17675,5.6455],[-0.176333,5.645917],[-0.17625,5.645833],[-0.176167,5.645917],[-0.175917,5.645917],[-0.17575,5.646083],[-0.17575,5.646333],[-0.175667,5.646333],[-0.175667,5.646583],[-0.175583,5.646667],[-0.175167,5.646667],[-0.175,5.6465],[-0.175,5.64625],[-0.174833,5.646167],[-0.17475,5.646417],[-0.174583,5.646417],[-0.174583,5.6465],[-0.174083,5.6465],[-0.174,5.64675],[-0.173583,5.64675],[-0.173417,5.646917],[-0.173417,5.647083],[-0.17375,5.647333],[-0.17375,5.6475],[-0.174083,5.6475],[-0.174417,5.647833],[-0.174417,5.64825],[-0.17425,5.648167],[-0.17425,5.647917],[-0.174,5.647667],[-0.17375,5.64775],[-0.1735,5.648083],[-0.173083,5.648],[-0.173083,5.647917],[-0.172917,5.648],[-0.173,5.648083],[-0.172917,5.6485],[-0.172583,5.648667],[-0.172583,5.648833],[-0.172917,5.649167],[-0.172667,5.64925],[-0.172667,5.649333],[-0.1725,5.649333],[-0.1725,5.649417],[-0.172333,5.649417],[-0.172333,5.6495],[-0.172083,5.6495],[-0.171833,5.64975],[-0.171833,5.649917],[-0.172083,5.65],[-0.172083,5.650083],[-0.171833,5.650167],[-0.172083,5.650417],[-0.171833,5.650667],[-0.171833,5.650833],[-0.17175,5.650833],[-0.17175,5.651],[-0.171917,5.651],[-0.171917,5.651167],[-0.171833,5.651167],[-0.171917,5.651333],[-0.171833,5.651417],[-0.171667,5.651417],[-0.171667,5.6515],[-0.171417,5.651417],[-0.171333,5.651583],[-0.171,5.651583],[-0.171,5.6515],[-0.17025,5.651583],[-0.170083,5.651417],[-0.170083,5.650917],[-0.17,5.650917]],[[-0.170917,5.65075],[-0.170667,5.650833],[-0.170667,5.651],[-0.170917,5.650917],[-0.170917,5.65075]],[[-0.171333,5.65],[-0.171333,5.649667],[-0.171167,5.649667],[-0.171167,5.649917],[-0.171333,5.65]],[[-0.173667,5.646417],[-0.173917,5.646417],[-0.174,5.646167],[-0.173917,5.646083],[-0.173667,5.646083],[-0.173583,5.646167],[-0.173583,5.646333],[-0.173667,5.646417]],[[-0.17475,5.646083],[-0.174833,5.646083],[-0.174833,5.646],[-0.17475,5.646083]],[[-0.17475,5.645917],[-0.175083,5.645917],[-0.175167,5.645833],[-0.175083,5.645667],[-0.174833,5.645667],[-0.174667,5.6455],[-0.17475,5.645917]],[[-0.175417,5.644583],[-0.175167,5.644583],[-0.175083,5.644667],[-0.17525,5.644833],[-0.175167,5.64525],[-0.175833,5.645],[-0.175833,5.644833],[-0.175417,5.644583]],[[-0.17425,5.645083],[-0.174417,5.645],[-0.174417,5.644833],[-0.174333,5.644833],[-0.174333,5.644667],[-0.174083,5.644667],[-0.174167,5.64475],[-0.174167,5.645],[-0.17425,5.645083]],[[-0.173667,5.644833],[-0.1735,5.644833],[-0.173417,5.645],[-0.173583,5.645083],[-0.173667,5.644833]],[[-0.175917,5.644333],[-0.175667,5.644333],[-0.17575,5.644583],[-0.175917,5.6445],[-0.175917,5.644333]],[[-0.174833,5.644417],[-0.175167,5.644417],[-0.175083,5.64425],[-0.174833,5.64425],[-0.174833,5.644417]],[[-0.174417,5.643833],[-0.174167,5.64375],[-0.174333,5.644],[-0.174417,5.644],[-0.174417,5.643833]],[[-0.173583,5.643833],[-0.17375,5.643833],[-0.17375,5.643667],[-0.173583,5.643667],[-0.173583,5.643833]],[[-0.173333,5.643833],[-0.1735,5.64375],[-0.173417,5.6435],[-0.17325,5.643583],[-0.17325,5.64375],[-0.173333,5.643833]],[[-0.172417,5.643333],[-0.1725,5.643333],[-0.172583,5.643167],[-0.172417,5.643167],[-0.172417,5.643333]],[[-0.173667,5.643],[-0.173917,5.643],[-0.173917,5.642833],[-0.173667,5.642833],[-0.173667,5.643]]]}},{"type":"Feature","properties":{"class":"grassland","ha":0.35},"geometry":{"type":"Polygon","coordinates":[[[-0.175667,5.647583],[-0.175833,5.647583],[-0.17575,5.648583],[-0.1755,5.6485],[-0.1755,5.648167],[-0.175417,5.648167],[-0.1755,5.64775],[-0.175667,5.647583]]]}},{"type":"Feature","properties":{"class":"grassland","ha":0.56},"geometry":{"type":"Polygon","coordinates":[[[-0.170167,5.65025],[-0.170167,5.6505],[-0.170083,5.650583],[-0.16975,5.650583],[-0.169667,5.650667],[-0.169667,5.650583],[-0.169417,5.6505],[-0.169333,5.649833],[-0.169667,5.649833],[-0.169667,5.649917],[-0.170167,5.65025]]]}},{"type":"Feature","properties":{"class":"grassland","ha":1.54},"geometry":{"type":"Polygon","coordinates":[[[-0.173083,5.651],[-0.173083,5.650583],[-0.172917,5.6505],[-0.173083,5.650083],[-0.173333,5.650083],[-0.173583,5.650333],[-0.173917,5.650333],[-0.173833,5.650667],[-0.174167,5.650667],[-0.174167,5.65075],[-0.174417,5.65075],[-0.1745,5.650667],[-0.174583,5.65075],[-0.174583,5.651],[-0.174417,5.651167],[-0.17425,5.651167],[-0.174167,5.651333],[-0.173833,5.651333],[-0.173833,5.651417],[-0.173583,5.651417],[-0.173083,5.651]]]}},{"type":"Feature","properties":{"class":"grassland","ha":59.22},"geometry":{"type":"Polygon","coordinates":[[[-0.17875,5.6575],[-0.178917,5.657583],[-0.179083,5.657417],[-0.179083,5.65775],[-0.179,5.65775],[-0.179,5.658],[-0.178917,5.658],[-0.178833,5.658333],[-0.178667,5.658417],[-0.178667,5.658667],[-0.1785,5.658833],[-0.1785,5.659167],[-0.17825,5.65925],[-0.178083,5.659083],[-0.178083,5.658833],[-0.17825,5.658667],[-0.17825,5.657833],[-0.178,5.657917],[-0.177833,5.65775],[-0.1775,5.65775],[-0.177417,5.657833],[-0.177417,5.658167],[-0.17725,5.65825],[-0.177167,5.658583],[-0.17675,5.658917],[-0.17675,5.659083],[-0.1765,5.659333],[-0.1765,5.659583],[-0.176417,5.659667],[-0.175917,5.659667],[-0.176167,5.659417],[-0.176083,5.659333],[-0.176167,5.659],[-0.1765,5.659],[-0.176583,5.658917],[-0.176583,5.65875],[-0.176333,5.658667],[-0.17625,5.658333],[-0.176083,5.658167],[-0.176083,5.657833],[-0.175917,5.657667],[-0.17575,5.657667],[-0.175583,5.657833],[-0.175667,5.658083],[-0.1755,5.658083],[-0.1755,5.658167],[-0.175333,5.658083],[-0.175333,5.657833],[-0.1755,5.65775],[-0.1755,5.65675],[-0.17575,5.656667],[-0.175833,5.656417],[-0.175083,5.656333],[-0.175,5.6565],[-0.174833,5.6565],[-0.17475,5.656667],[-0.174583,5.656667],[-0.174583,5.65725],[-0.1745,5.657333],[-0.17425,5.65725],[-0.174333,5.657167],[-0.17425,5.656917],[-0.174,5.656917],[-0.174,5.657333],[-0.173667,5.657583],[-0.173667,5.658167],[-0.173833,5.65825],[-0.173833,5.658417],[-0.174167,5.65875],[-0.174583,5.65875],[-0.174667,5.658833],[-0.174583,5.65925],[-0.17475,5.659417],[-0.175083,5.65925],[-0.175083,5.659333],[-0.17525,5.659333],[-0.175417,5.6595],[-0.175417,5.659663],[-0.175333,5.659583],[-0.174833,5.659583],[-0.174833,5.659657],[-0.172167,5.659631],[-0.17225,5.659583],[-0.17225,5.659417],[-0.172167,5.659417],[-0.172167,5.659167],[-0.172087,5.659167],[-0.172089,5.658548],[-0.171333,5.6585],[-0.171167,5.658],[-0.171,5.658],[-0.170986,5.658083],[-0.170999,5.657976],[-0.170667,5.657917],[-0.169417,5.657959],[-0.169417,5.65775],[-0.169333,5.65775],[-0.169417,5.657167],[-0.169667,5.657],[-0.169667,5.6565],[-0.169917,5.6565],[-0.17,5.656417],[-0.169917,5.656333],[-0.17,5.65575],[-0.169917,5.655667],[-0.169583,5.655667],[-0.1695,5.655417],[-0.169417,5.655417],[-0.169417,5.654417],[-0.169583,5.654417],[-0.169667,5.654083],[-0.169833,5.654],[-0.169833,5.65375],[-0.16975,5.653667],[-0.169583,5.653667],[-0.169583,5.65375],[-0.169417,5.653667],[-0.169417,5.653333],[-0.169583,5.653333],[-0.169833,5.653583],[-0.17,5.653583],[-0.17,5.6535],[-0.170083,5.653583],[-0.170333,5.653583],[-0.170417,5.6535],[-0.170417,5.653167],[-0.1705,5.653167],[-0.1705,5.652583],[-0.170667,5.6525],[-0.170667,5.652333],[-0.170917,5.652333],[-0.170917,5.652583],[-0.17125,5.65275],[-0.171333,5.653083],[-0.1715,5.65325],[-0.171667,5.65325],[-0.171667,5.653583],[-0.1715,5.653667],[-0.1715,5.653917],[-0.171417,5.653917],[-0.171417,5.654167],[-0.1715,5.65425],[-0.171917,5.654333],[-0.172167,5.654083],[-0.172333,5.654083],[-0.1725,5.654417],[-0.173083,5.654333],[-0.173083,5.654417],[-0.173333,5.654417],[-0.173417,5.654583],[-0.173667,5.654583],[-0.173917,5.654333],[-0.174083,5.654333],[-0.174167,5.6545],[-0.1745,5.6545],[-0.174583,5.654667],[-0.174833,5.654583],[-0.175,5.65475],[-0.175,5.655],[-0.17525,5.655083],[-0.17525,5.655167],[-0.175417,5.655167],[-0.1755,5.65475],[-0.175667,5.654583],[-0.175833,5.654583],[-0.175833,5.6545],[-0.176167,5.6545],[-0.176167,5.654583],[-0.176583,5.654583],[-0.176667,5.6545],[-0.176583,5.654417],[-0.176583,5.654083],[-0.1765,5.654083],[-0.1765,5.653917],[-0.176583,5.653917],[-0.176583,5.65375],[-0.1765,5.65375],[-0.1765,5.6535],[-0.176583,5.6535],[-0.176583,5.653333],[-0.1765,5.653333],[-0.1765,5.653167],[-0.176583,5.653167],[-0.176583,5.653],[-0.1765,5.653],[-0.1765,5.652833],[-0.176583,5.652833],[-0.176583,5.65225],[-0.1765,5.652167],[-0.176083,5.652167],[-0.176,5.65225],[-0.176,5.652083],[-0.176417,5.65175],[-0.176417,5.651417],[-0.176333,5.651333],[-0.176083,5.651417],[-0.176083,5.65125],[-0.176333,5.651167],[-0.176333,5.651],[-0.176167,5.651],[-0.176167,5.650917],[-0.1765,5.650667],[-0.176417,5.650417],[-0.176333,5.650417],[-0.176333,5.650083],[-0.176083,5.649833],[-0.176167,5.64975],[-0.176417,5.649833],[-0.176667,5.649583],[-0.176667,5.649333],[-0.177,5.649083],[-0.176917,5.648583],[-0.177083,5.648417],[-0.1775,5.648417],[-0.1775,5.648333],[-0.17775,5.648333],[-0.177833,5.6485],[-0.178,5.648417],[-0.178,5.647583],[-0.177917,5.647583],[-0.177917,5.64725],[-0.177833,5.64725],[-0.177833,5.646917],[-0.177583,5.64675],[-0.177583,5.646583],[-0.177333,5.6465],[-0.177417,5.646],[-0.177083,5.645667],[-0.177333,5.645417],[-0.177583,5.645667],[-0.178083,5.645667],[-0.178167,5.64575],[-0.178167,5.646],[-0.178,5.646],[-0.177917,5.646167],[-0.177667,5.646167],[-0.177583,5.646417],[-0.177917,5.646333],[-0.178083,5.6465],[-0.178083,5.646667],[-0.178167,5.646667],[-0.178167,5.647167],[-0.178417,5.647417],[-0.178417,5.647667],[-0.1785,5.647667],[-0.178417,5.648333],[-0.179083,5.64825],[-0.179083,5.648333],[-0.179333,5.648333],[-0.179417,5.648417],[-0.179417,5.648667],[-0.1795,5.648667],[-0.1795,5.648917],[-0.179417,5.649],[-0.179,5.649083],[-0.179,5.649167],[-0.17875,5.649167],[-0.178667,5.648917],[-0.178417,5.64875],[-0.178333,5.649],[-0.178083,5.64925],[-0.177917,5.649083],[-0.177333,5.649083],[-0.177333,5.649167],[-0.177083,5.649167],[-0.176917,5.649333],[-0.176917,5.649667],[-0.177083,5.649667],[-0.177167,5.649417],[-0.177333,5.649333],[-0.177417,5.649417],[-0.177333,5.649917],[-0.177417,5.65],[-0.177833,5.65],[-0.177833,5.650167],[-0.177917,5.650167],[-0.177917,5.650333],[-0.177833,5.650333],[-0.177917,5.6505],[-0.177833,5.650583],[-0.177583,5.650583],[-0.177583,5.65025],[-0.177417,5.65025],[-0.177417,5.6505],[-0.177,5.6505],[-0.177,5.650667],[-0.17725,5.650667],[-0.177333,5.650583],[-0.177333,5.650833],[-0.177167,5.650833],[-0.177,5.651],[-0.177,5.65125],[-0.17725,5.651],[-0.177417,5.651],[-0.177417,5.652083],[-0.177167,5.652167],[-0.177167,5.65225],[-0.177333,5.65225],[-0.1775,5.652583],[-0.177833,5.652583],[-0.177833,5.652667],[-0.178083,5.65275],[-0.178083,5.652917],[-0.178,5.652917],[-0.178083,5.653],[-0.178083,5.653333],[-0.177833,5.653417],[-0.177833,5.653583],[-0.177917,5.653583],[-0.177833,5.654],[-0.178083,5.654],[-0.178167,5.654167],[-0.17875,5.654167],[-0.178917,5.654417],[-0.17925,5.654417],[-0.179417,5.653917],[-0.180083,5.653917],[-0.180167,5.654],[-0.180167,5.654667],[-0.17975,5.654667],[-0.17975,5.65475],[-0.1795,5.654833],[-0.1795,5.65525],[-0.179917,5.655417],[-0.179833,5.656],[-0.17975,5.656083],[-0.1795,5.656],[-0.179667,5.655833],[-0.179667,5.655667],[-0.17975,5.655667],[-0.179667,5.6555],[-0.1795,5.6555],[-0.179417,5.65575],[-0.179333,5.65575],[-0.179333,5.656083],[-0.179417,5.656083],[-0.179417,5.656833],[-0.179333,5.656833],[-0.179333,5.657083],[-0.179167,5.657167],[-0.179167,5.657],[-0.179083,5.657],[-0.179167,5.65675],[-0.179,5.656667],[-0.178833,5.656917],[-0.178667,5.656917],[-0.178667,5.657083],[-0.178833,5.657167],[-0.17875,5.6575]],[[-0.179,5.656583],[-0.17925,5.6565],[-0.17925,5.656167],[-0.179083,5.656083],[-0.179083,5.655917],[-0.179167,5.655917],[-0.179083,5.6555],[-0.178833,5.6555],[-0.178667,5.65575],[-0.1785,5.65575],[-0.1785,5.655833],[-0.178333,5.655833],[-0.178333,5.655917],[-0.178167,5.655917],[-0.178,5.656083],[-0.178,5.656417],[-0.177833,5.6565],[-0.17775,5.65675],[-0.177917,5.656833],[-0.178083,5.656667],[-0.178167,5.656833],[-0.178333,5.656833],[-0.178333,5.6565],[-0.178417,5.656417],[-0.178667,5.6565],[-0.17875,5.656667],[-0.179,5.656667],[-0.179,5.656583]],[[-0.172833,5.65925],[-0.173,5.65925],[-0.173,5.659167],[-0.172833,5.659167],[-0.172833,5.65925]],[[-0.1735,5.6585],[-0.173417,5.658333],[-0.173,5.658417],[-0.173,5.6585],[-0.172917,5.658417],[-0.172583,5.658417],[-0.1725,5.6585],[-0.172583,5.658667],[-0.17275,5.658667],[-0.17275,5.658917],[-0.172833,5.659],[-0.17325,5.659],[-0.17325,5.659083],[-0.1735,5.659083],[-0.173667,5.658917],[-0.173667,5.65875],[-0.173417,5.658583],[-0.1735,5.6585]],[[-0.17,5.657167],[-0.17025,5.657167],[-0.170333,5.657083],[-0.170167,5.656833],[-0.169917,5.656833],[-0.169833,5.656917],[-0.17,5.657167]],[[-0.176,5.656417],[-0.17625,5.656417],[-0.176417,5.655917],[-0.176167,5.655917],[-0.176083,5.656167],[-0.176,5.656167],[-0.176,5.656417]],[[-0.176917,5.652833],[-0.177083,5.65275],[-0.177,5.6525],[-0.176833,5.652583],[-0.176833,5.65275],[-0.176917,5.652833]],[[-0.177083,5.650167],[-0.17725,5.650167],[-0.17725,5.650083],[-0.177083,5.650083],[-0.177083,5.650167]],[[-0.177833,5.64675],[-0.178,5.64675],[-0.178,5.646667],[-0.177833,5.646667],[-0.177833,5.64675]]]}},{"type":"Feature","properties":{"class":"grassland","ha":0.28},"geometry":{"type":"Polygon","coordinates":[[[-0.17525,5.653167],[-0.175167,5.6535],[-0.175,5.6535],[-0.175,5.653583],[-0.17475,5.653417],[-0.174833,5.653],[-0.175333,5.653],[-0.175333,5.653167],[-0.17525,5.653167]]]}},{"type":"Feature","properties":{"class":"cropland","ha":0.26},"geometry":{"type":"Polygon","coordinates":[[[-0.180917,5.638167],[-0.181083,5.638167],[-0.181167,5.638],[-0.181333,5.638],[-0.181333,5.638167],[-0.181417,5.638167],[-0.1815,5.638417],[-0.18125,5.6385],[-0.18125,5.638583],[-0.180917,5.638417],[-0.180917,5.638167]]]}},{"type":"Feature","properties":{"class":"cropland","ha":0.34},"geometry":{"type":"Polygon","coordinates":[[[-0.196667,5.660583],[-0.196583,5.660667],[-0.196333,5.660667],[-0.196333,5.6605],[-0.19675,5.6605],[-0.19675,5.660583],[-0.197,5.6605],[-0.197083,5.660583],[-0.197083,5.661167],[-0.196917,5.66125],[-0.196833,5.661],[-0.19675,5.661],[-0.196667,5.660583]]]}},{"type":"Feature","properties":{"class":"cropland","ha":0.44},"geometry":{"type":"Polygon","coordinates":[[[-0.180333,5.637167],[-0.18075,5.637083],[-0.180833,5.636917],[-0.181,5.637],[-0.181,5.637333],[-0.18075,5.637417],[-0.180667,5.637583],[-0.180083,5.637583],[-0.180083,5.637333],[-0.180333,5.63725],[-0.180333,5.637167]]]}},{"type":"Feature","properties":{"class":"cropland","ha":0.43},"geometry":{"type":"Polygon","coordinates":[[[-0.179917,5.638583],[-0.180167,5.638583],[-0.18025,5.638667],[-0.18025,5.63925],[-0.180167,5.639333],[-0.179833,5.639333],[-0.17975,5.63925],[-0.17975,5.63875],[-0.179917,5.638583]]]}},{"type":"Feature","properties":{"class":"built_up","ha":0.78},"geometry":{"type":"Polygon","coordinates":[[[-0.19975,5.63775],[-0.19925,5.637833],[-0.19925,5.63775],[-0.199,5.63775],[-0.199,5.637667],[-0.198833,5.63775],[-0.198833,5.638],[-0.198583,5.638],[-0.1985,5.637917],[-0.1985,5.637667],[-0.19875,5.637667],[-0.199083,5.63725],[-0.19925,5.637333],[-0.19925,5.637],[-0.199,5.63675],[-0.199,5.6365],[-0.20025,5.638437],[-0.20025,5.6385],[-0.200083,5.638417],[-0.2,5.638083],[-0.199833,5.638],[-0.19975,5.63775]]]}},{"type":"Feature","properties":{"class":"built_up","ha":0.28},"geometry":{"type":"Polygon","coordinates":[[[-0.199667,5.638583],[-0.1995,5.638583],[-0.1995,5.638667],[-0.19925,5.638667],[-0.199167,5.638583],[-0.199167,5.63825],[-0.19925,5.638167],[-0.199583,5.638167],[-0.199667,5.63825],[-0.199667,5.638583]]]}},{"type":"Feature","properties":{"class":"built_up","ha":4.6},"geometry":{"type":"Polygon","coordinates":[[[-0.197417,5.64225],[-0.197,5.64225],[-0.196917,5.642],[-0.197167,5.641833],[-0.197167,5.642],[-0.197417,5.642083],[-0.197583,5.641917],[-0.197583,5.64175],[-0.19775,5.64175],[-0.19775,5.641667],[-0.197917,5.641667],[-0.198083,5.6415],[-0.198333,5.641583],[-0.198333,5.641417],[-0.198167,5.641417],[-0.198,5.64125],[-0.198,5.641083],[-0.198167,5.641083],[-0.198167,5.641],[-0.198417,5.641],[-0.1985,5.641167],[-0.199,5.641083],[-0.199,5.640917],[-0.19875,5.64075],[-0.19875,5.640417],[-0.198917,5.64025],[-0.19925,5.64025],[-0.199333,5.640333],[-0.199333,5.640833],[-0.19925,5.640833],[-0.199333,5.641083],[-0.19925,5.641083],[-0.19925,5.64125],[-0.19975,5.64125],[-0.19975,5.641333],[-0.199917,5.64125],[-0.199833,5.641083],[-0.199583,5.641083],[-0.199583,5.640833],[-0.199667,5.640833],[-0.19975,5.640583],[-0.20025,5.64075],[-0.20025,5.640667],[-0.200583,5.640583],[-0.200667,5.640417],[-0.200833,5.6405],[-0.200917,5.640833],[-0.20075,5.640833],[-0.20075,5.641],[-0.2005,5.641083],[-0.2005,5.641417],[-0.200583,5.6415],[-0.200417,5.6415],[-0.2005,5.64175],[-0.200333,5.641833],[-0.200333,5.642083],[-0.200417,5.642167],[-0.200667,5.642167],[-0.200667,5.642417],[-0.200333,5.6425],[-0.20025,5.64225],[-0.200167,5.64225],[-0.200167,5.641917],[-0.2,5.641917],[-0.199833,5.642083],[-0.19975,5.642],[-0.19975,5.64175],[-0.199333,5.64175],[-0.199333,5.642],[-0.19925,5.642],[-0.199167,5.641917],[-0.19925,5.641667],[-0.199083,5.641667],[-0.199083,5.641583],[-0.198917,5.641667],[-0.198833,5.641917],[-0.1985,5.641917],[-0.1985,5.641833],[-0.19825,5.641917],[-0.19825,5.64225],[-0.198333,5.64225],[-0.19825,5.6425],[-0.197667,5.642417],[-0.197667,5.642833],[-0.19775,5.642833],[-0.197667,5.643],[-0.197167,5.642917],[-0.197167,5.642583],[-0.197417,5.6425],[-0.1975,5.642333],[-0.197417,5.64225]]]}},{"type":"Feature","properties":{"class":"built_up","ha":0.31},"geometry":{"type":"Polygon","coordinates":[[[-0.1985,5.646417],[-0.1985,5.646917],[-0.198583,5.646917],[-0.1985,5.647167],[-0.19825,5.647083],[-0.198167,5.64625],[-0.198333,5.64625],[-0.1985,5.646417]]]}},{"type":"Feature","properties":{"class":"built_up","ha":0.5},"geometry":{"type":"Polygon","coordinates":[[[-0.198583,5.648667],[-0.19875,5.64875],[-0.19875,5.649417],[-0.198833,5.649417],[-0.198833,5.649583],[-0.198667,5.64975],[-0.19825,5.649583],[-0.198417,5.648833],[-0.198583,5.648667]]]}},{"type":"Feature","properties":{"class":"built_up","ha":0.32},"geometry":{"type":"Polygon","coordinates":[[[-0.198583,5.652917],[-0.198833,5.653],[-0.198833,5.653333],[-0.19875,5.653333],[-0.19875,5.653583],[-0.198833,5.653667],[-0.19875,5.65375],[-0.198417,5.653583],[-0.198417,5.653167],[-0.198583,5.652917]]]}},{"type":"Feature","properties":{"class":"built_up","ha":0.28},"geometry":{"type":"Polygon","coordinates":[[[-0.195167,5.630667],[-0.195167,5.6305],[-0.194917,5.630333],[-0.19475,5.629833],[-0.194333,5.6295],[-0.19425,5.629167],[-0.194083,5.629083],[-0.194083,5.628833],[-0.193917,5.62875],[-0.193917,5.62852],[-0.195497,5.631],[-0.195167,5.630667]]]}},{"type":"Feature","properties":{"class":"built_up","ha":0.75},"geometry":{"type":"Polygon","coordinates":[[[-0.196167,5.640333],[-0.1965,5.640083],[-0.1965,5.639917],[-0.196667,5.639917],[-0.197,5.640333],[-0.19725,5.640417],[-0.19725,5.64075],[-0.197167,5.640833],[-0.196583,5.640833],[-0.196417,5.640583],[-0.196167,5.6405],[-0.196167,5.640333]]]}},{"type":"Feature","properties":{"class":"built_up","ha":0.34},"geometry":{"type":"Polygon","coordinates":[[[-0.197667,5.646417],[-0.197917,5.646583],[-0.197917,5.646833],[-0.197833,5.646917],[-0.1975,5.646917],[-0.197417,5.646833],[-0.197417,5.64625],[-0.1975,5.646167],[-0.197667,5.64625],[-0.197667,5.646417]]]}},{"type":"Feature","properties":{"class":"built_up","ha":0.29},"geometry":{"type":"Polygon","coordinates":[[[-0.1955,5.648417],[-0.1955,5.648667],[-0.195083,5.648667],[-0.195083,5.648583],[-0.194833,5.648583],[-0.19475,5.6485],[-0.194833,5.64825],[-0.19525,5.64825],[-0.19525,5.648333],[-0.1955,5.648417]]]}},{"type":"Feature","properties":{"class":"built_up","ha":0.49},"geometry":{"type":"Polygon","coordinates":[[[-0.196917,5.649333],[-0.196917,5.649167],[-0.197167,5.649167],[-0.19725,5.64975],[-0.197167,5.649833],[-0.196667,5.649833],[-0.196667,5.649917],[-0.196417,5.649833],[-0.196333,5.649583],[-0.196417,5.6495],[-0.19675,5.6495],[-0.196917,5.649333]]]}},{"type":"Feature","properties":{"class":"built_up","ha":0.47},"geometry":{"type":"Polygon","coordinates":[[[-0.19625,5.66],[-0.1965,5.66],[-0.1965,5.660083],[-0.196667,5.660083],[-0.196833,5.66025],[-0.197083,5.660167],[-0.197083,5.6605],[-0.19625,5.6605],[-0.19625,5.660417],[-0.196,5.660333],[-0.196,5.660167],[-0.19625,5.660083],[-0.19625,5.66]]]}},{"type":"Feature","properties":{"class":"built_up","ha":1.04},"geometry":{"type":"Polygon","coordinates":[[[-0.1955,5.66075],[-0.195667,5.660667],[-0.195667,5.66075],[-0.195833,5.66075],[-0.196,5.660917],[-0.196,5.661083],[-0.195917,5.661083],[-0.195833,5.661333],[-0.196,5.661333],[-0.196167,5.661083],[-0.196333,5.661083],[-0.196333,5.661417],[-0.196583,5.6615],[-0.196583,5.661583],[-0.196833,5.6615],[-0.196917,5.66175],[-0.196833,5.661833],[-0.19675,5.66175],[-0.196417,5.66175],[-0.196333,5.661917],[-0.195667,5.661833],[-0.195583,5.661583],[-0.1955,5.661583],[-0.1955,5.661417],[-0.195583,5.661417],[-0.1955,5.66075]]]}},{"type":"Feature","properties":{"class":"built_up","ha":0.44},"geometry":{"type":"Polygon","coordinates":[[[-0.194083,5.63925],[-0.19425,5.639583],[-0.1945,5.639583],[-0.194583,5.639417],[-0.19475,5.639417],[-0.194833,5.639667],[-0.194667,5.639667],[-0.194583,5.639833],[-0.193917,5.639833],[-0.19375,5.639667],[-0.19375,5.6395],[-0.194083,5.63925]]]}},{"type":"Feature","properties":{"class":"built_up","ha":0.34},"geometry":{"type":"Polygon","coordinates":[[[-0.192583,5.642],[-0.192667,5.64175],[-0.193,5.64175],[-0.193,5.641833],[-0.193167,5.641833],[-0.193333,5.642],[-0.193333,5.642167],[-0.19325,5.642167],[-0.193167,5.642417],[-0.192917,5.642167],[-0.192583,5.642]]]}},{"type":"Feature","properties":{"class":"built_up","ha":0.51},"geometry":{"type":"Polygon","coordinates":[[[-0.1935,5.644083],[-0.19375,5.644167],[-0.193833,5.644583],[-0.194,5.644583],[-0.194,5.64425],[-0.194167,5.64425],[-0.1945,5.644583],[-0.194333,5.644833],[-0.19425,5.64475],[-0.193917,5.64475],[-0.193833,5.645],[-0.193667,5.645],[-0.193667,5.644667],[-0.193583,5.644667],[-0.1935,5.644083]]]}},{"type":"Feature","properties":{"class":"built_up","ha":0.67},"geometry":{"type":"Polygon","coordinates":[[[-0.192917,5.645917],[-0.192917,5.64575],[-0.193083,5.645583],[-0.193083,5.645417],[-0.193,5.645417],[-0.193083,5.645333],[-0.193083,5.645083],[-0.193333,5.645],[-0.1935,5.645167],[-0.1935,5.6455],[-0.19325,5.645583],[-0.193167,5.64575],[-0.193417,5.645833],[-0.193417,5.645917],[-0.193833,5.645833],[-0.193833,5.645917],[-0.194,5.645917],[-0.194,5.646083],[-0.193917,5.646083],[-0.193833,5.646333],[-0.193667,5.646333],[-0.193417,5.646],[-0.193,5.646],[-0.192917,5.645917]]]}},{"type":"Feature","properties":{"class":"built_up","ha":1.45},"geometry":{"type":"Polygon","coordinates":[[[-0.192083,5.646833],[-0.192417,5.646833],[-0.1925,5.64675],[-0.192417,5.64625],[-0.192583,5.646167],[-0.192667,5.646417],[-0.19275,5.646417],[-0.19275,5.646583],[-0.192917,5.646667],[-0.192833,5.647083],[-0.19325,5.647083],[-0.193333,5.647333],[-0.193083,5.6475],[-0.193083,5.647833],[-0.193,5.647917],[-0.19275,5.647833],[-0.192833,5.64775],[-0.19275,5.647167],[-0.192583,5.647167],[-0.192417,5.647417],[-0.19225,5.647417],[-0.192167,5.6475],[-0.192167,5.647917],[-0.192083,5.647917],[-0.192167,5.648417],[-0.191917,5.6485],[-0.191833,5.647583],[-0.192,5.647417],[-0.192,5.646917],[-0.192083,5.646833]]]}},{"type":"Feature","properties":{"class":"built_up","ha":0.28},"geometry":{"type":"Polygon","coordinates":[[[-0.193667,5.649083],[-0.19325,5.649167],[-0.193333,5.649583],[-0.193083,5.649583],[-0.193,5.6495],[-0.193,5.649083],[-0.193083,5.649],[-0.193667,5.648917],[-0.193667,5.649083]]]}},{"type":"Feature","properties":{"class":"built_up","ha":9.39},"geometry":{"type":"Polygon","coordinates":[[[-0.19175,5.651167],[-0.191333,5.651167],[-0.19125,5.650917],[-0.190917,5.650917],[-0.190917,5.65075],[-0.190583,5.65075],[-0.1905,5.650667],[-0.190583,5.650417],[-0.191,5.650417],[-0.191083,5.650333],[-0.191167,5.649583],[-0.191,5.649417],[-0.191,5.64925],[-0.191167,5.64925],[-0.191167,5.649333],[-0.191667,5.64925],[-0.191833,5.649083],[-0.191833,5.648833],[-0.192,5.648833],[-0.192,5.649083],[-0.191667,5.649333],[-0.191667,5.649917],[-0.191917,5.650167],[-0.192083,5.650167],[-0.192333,5.649917],[-0.192333,5.64975],[-0.192083,5.64975],[-0.192,5.649667],[-0.192,5.649417],[-0.192083,5.649417],[-0.192083,5.649167],[-0.192417,5.648833],[-0.192583,5.648833],[-0.19275,5.649],[-0.192667,5.649333],[-0.192833,5.649333],[-0.192833,5.6495],[-0.192917,5.6495],[-0.19275,5.65],[-0.193,5.65025],[-0.193417,5.650167],[-0.193417,5.65025],[-0.19375,5.65025],[-0.193833,5.650417],[-0.193917,5.650417],[-0.193917,5.650167],[-0.193833,5.650167],[-0.193833,5.649917],[-0.193917,5.649833],[-0.194083,5.649833],[-0.194333,5.650083],[-0.194583,5.650083],[-0.194667,5.65],[-0.194667,5.650083],[-0.194833,5.650083],[-0.194833,5.650167],[-0.195083,5.65025],[-0.195167,5.650167],[-0.195083,5.649833],[-0.19525,5.64975],[-0.195167,5.649667],[-0.195167,5.649167],[-0.195333,5.649167],[-0.195333,5.6495],[-0.195417,5.649583],[-0.195667,5.649583],[-0.19575,5.6495],[-0.195667,5.64975],[-0.195417,5.649833],[-0.195417,5.65],[-0.1955,5.650083],[-0.196083,5.650083],[-0.196167,5.649917],[-0.196333,5.649917],[-0.1965,5.650083],[-0.1965,5.650417],[-0.196583,5.650417],[-0.196667,5.650833],[-0.19675,5.650833],[-0.196583,5.651167],[-0.196417,5.651167],[-0.196333,5.651],[-0.195667,5.651],[-0.1955,5.651333],[-0.195167,5.651333],[-0.195083,5.651167],[-0.1945,5.651167],[-0.1945,5.65125],[-0.194333,5.65125],[-0.19425,5.651083],[-0.194,5.651167],[-0.193917,5.651083],[-0.193917,5.650833],[-0.19375,5.65075],[-0.193667,5.650917],[-0.193167,5.650917],[-0.193083,5.651],[-0.193083,5.65125],[-0.19275,5.651583],[-0.192417,5.651583],[-0.192417,5.651667],[-0.19225,5.651667],[-0.192083,5.6515],[-0.192083,5.651083],[-0.191833,5.651],[-0.19175,5.651167]]]}},{"type":"Feature","properties":{"class":"built_up","ha":0.47},"geometry":{"type":"Polygon","coordinates":[[[-0.192833,5.651917],[-0.192833,5.652083],[-0.19275,5.652083],[-0.19275,5.65225],[-0.192917,5.652333],[-0.192833,5.652583],[-0.192333,5.652583],[-0.19225,5.6525],[-0.192167,5.652],[-0.19225,5.651917],[-0.192333,5.652],[-0.192833,5.651917]]]}},{"type":"Feature","properties":{"class":"built_up","ha":0.26},"geometry":{"type":"Polygon","coordinates":[[[-0.194333,5.657083],[-0.194,5.657083],[-0.193917,5.657],[-0.193917,5.656667],[-0.194417,5.656667],[-0.1945,5.65675],[-0.194333,5.657083]]]}},{"type":"Feature","properties":{"class":"built_up","ha":1.11},"geometry":{"type":"Polygon","coordinates":[[[-0.192917,5.659833],[-0.192833,5.659917],[-0.19275,5.659833],[-0.1925,5.659833],[-0.192417,5.659583],[-0.192667,5.6595],[-0.192667,5.659417],[-0.193083,5.659417],[-0.193333,5.659667],[-0.1935,5.659583],[-0.1935,5.659417],[-0.194,5.659417],[-0.194083,5.6595],[-0.193917,5.659667],[-0.193917,5.659833],[-0.193833,5.659833],[-0.193833,5.660083],[-0.193667,5.66025],[-0.1935,5.66025],[-0.1935,5.660333],[-0.19325,5.660333],[-0.193083,5.660167],[-0.192917,5.660167],[-0.193,5.660083],[-0.193,5.659917],[-0.192917,5.659833]]]}},{"type":"Feature","properties":{"class":"built_up","ha":3.42},"geometry":{"type":"Polygon","coordinates":[[[-0.193583,5.663],[-0.193583,5.66275],[-0.193917,5.662667],[-0.194083,5.6625],[-0.194083,5.662333],[-0.193667,5.661917],[-0.193333,5.661917],[-0.193333,5.66175],[-0.193583,5.661667],[-0.1935,5.6615],[-0.193,5.6615],[-0.193083,5.661083],[-0.193167,5.661],[-0.193583,5.661],[-0.193583,5.660917],[-0.193833,5.660917],[-0.193833,5.660833],[-0.194583,5.660917],[-0.19475,5.66075],[-0.194917,5.66075],[-0.195,5.660833],[-0.195,5.661333],[-0.19475,5.661417],[-0.19475,5.66125],[-0.194667,5.66125],[-0.194583,5.6615],[-0.194667,5.661583],[-0.194917,5.6615],[-0.195,5.661583],[-0.195,5.661833],[-0.194833,5.661917],[-0.19475,5.661667],[-0.19425,5.66175],[-0.19425,5.661917],[-0.194417,5.662],[-0.1945,5.662333],[-0.194583,5.662333],[-0.194583,5.6625],[-0.19475,5.662583],[-0.19475,5.66275],[-0.194583,5.662833],[-0.194583,5.663167],[-0.1945,5.66325],[-0.194167,5.66325],[-0.194167,5.663083],[-0.194,5.663083],[-0.194,5.6635],[-0.19375,5.6635],[-0.193583,5.663333],[-0.19325,5.663333],[-0.19325,5.663167],[-0.193583,5.663]]]}},{"type":"Feature","properties":{"class":"built_up","ha":0.45},"geometry":{"type":"Polygon","coordinates":[[[-0.191083,5.636333],[-0.191,5.636083],[-0.19125,5.635833],[-0.1915,5.635833],[-0.191583,5.636083],[-0.191667,5.636083],[-0.1915,5.63625],[-0.1915,5.6365],[-0.191667,5.636583],[-0.191583,5.636833],[-0.191167,5.6365],[-0.191167,5.636333],[-0.191083,5.636333]]]}},{"type":"Feature","properties":{"class":"built_up","ha":0.42},"geometry":{"type":"Polygon","coordinates":[[[-0.19125,5.642333],[-0.1915,5.642333],[-0.191583,5.642417],[-0.191417,5.642917],[-0.191333,5.642833],[-0.190917,5.642833],[-0.19075,5.643083],[-0.1905,5.642917],[-0.190583,5.642667],[-0.191083,5.642667],[-0.19125,5.642333]]]}},{"type":"Feature","properties":{"class":"built_up","ha":1.25},"geometry":{"type":"Polygon","coordinates":[[[-0.189417,5.64525],[-0.189417,5.644667],[-0.1895,5.644667],[-0.1895,5.6445],[-0.189667,5.6445],[-0.18975,5.644667],[-0.190167,5.644667],[-0.190167,5.644917],[-0.190333,5.644917],[-0.1905,5.645083],[-0.1905,5.6455],[-0.190417,5.645583],[-0.190583,5.64575],[-0.19075,5.64575],[-0.190833,5.646],[-0.190583,5.646],[-0.190333,5.645667],[-0.189833,5.645667],[-0.189417,5.64525]]]}},{"type":"Feature","properties":{"class":"built_up","ha":0.37},"geometry":{"type":"Polygon","coordinates":[[[-0.1925,5.644917],[-0.19275,5.645],[-0.19275,5.645167],[-0.1925,5.64525],[-0.192583,5.645667],[-0.1925,5.64575],[-0.192167,5.64575],[-0.192083,5.645667],[-0.192083,5.645417],[-0.192167,5.645417],[-0.19225,5.645167],[-0.192417,5.645167],[-0.1925,5.644917]]]}},{"type":"Feature","properties":{"class":"built_up","ha":0.28},"geometry":{"type":"Polygon","coordinates":[[[-0.191,5.6515],[-0.191167,5.6515],[-0.191167,5.651583],[-0.191333,5.651583],[-0.191333,5.65175],[-0.191667,5.651833],[-0.191667,5.652],[-0.191,5.651917],[-0.190833,5.65175],[-0.191,5.6515]]]}},{"type":"Feature","properties":{"class":"built_up","ha":0.83},"geometry":{"type":"Polygon","coordinates":[[[-0.1905,5.659083],[-0.19075,5.659167],[-0.190833,5.659667],[-0.190083,5.659917],[-0.190083,5.659833],[-0.189917,5.659833],[-0.189917,5.659333],[-0.19,5.659333],[-0.190083,5.658833],[-0.190333,5.658833],[-0.1905,5.659083]]]}},{"type":"Feature","properties":{"class":"built_up","ha":0.28},"geometry":{"type":"Polygon","coordinates":[[[-0.19225,5.660583],[-0.192417,5.660583],[-0.1925,5.660667],[-0.1925,5.660917],[-0.192167,5.661167],[-0.192167,5.661083],[-0.191917,5.661],[-0.191917,5.66075],[-0.192,5.660667],[-0.19225,5.660667],[-0.19225,5.660583]]]}},{"type":"Feature","properties":{"class":"built_up","ha":1.71},"geometry":{"type":"Polygon","coordinates":[[[-0.191667,5.662917],[-0.191667,5.662833],[-0.191333,5.66275],[-0.19125,5.662583],[-0.191083,5.662583],[-0.191083,5.662417],[-0.19125,5.66225],[-0.191833,5.66225],[-0.191833,5.662167],[-0.19225,5.662167],[-0.19225,5.66225],[-0.192583,5.662167],[-0.192583,5.66225],[-0.192917,5.66225],[-0.193083,5.662417],[-0.193083,5.662583],[-0.193,5.662583],[-0.193083,5.663167],[-0.192917,5.663333],[-0.192917,5.663667],[-0.192833,5.66375],[-0.192667,5.66375],[-0.192667,5.663583],[-0.19275,5.663583],[-0.19275,5.663],[-0.192667,5.662917],[-0.192,5.663],[-0.192,5.662917],[-0.191667,5.662917]],[[-0.192083,5.662583],[-0.19225,5.6625],[-0.192167,5.662333],[-0.192,5.662417],[-0.192083,5.662583]],[[-0.1915,5.6625],[-0.191667,5.6625],[-0.191667,5.662417],[-0.1915,5.662417],[-0.1915,5.6625]]]}},{"type":"Feature","properties":{"class":"built_up","ha":0.66},"geometry":{"type":"Polygon","coordinates":[[[-0.1905,5.663083],[-0.1905,5.66275],[-0.190917,5.662833],[-0.190917,5.66325],[-0.190583,5.66325],[-0.190667,5.663333],[-0.190583,5.663833],[-0.190833,5.664],[-0.19075,5.664167],[-0.190583,5.664167],[-0.1905,5.663917],[-0.190167,5.663917],[-0.190167,5.663583],[-0.19025,5.663583],[-0.19025,5.663333],[-0.1905,5.663083]]]}},{"type":"Feature","properties":{"class":"built_up","ha":1.52},"geometry":{"type":"Polygon","coordinates":[[[-0.1805,5.633333],[-0.18075,5.633167],[-0.18075,5.633],[-0.180833,5.633],[-0.180833,5.63325],[-0.18075,5.633333],[-0.181,5.633333],[-0.18125,5.633583],[-0.181417,5.6335],[-0.181417,5.632917],[-0.181333,5.632917],[-0.181333,5.63275],[-0.18175,5.6325],[-0.18175,5.632667],[-0.181917,5.63275],[-0.181917,5.633083],[-0.182,5.633083],[-0.182083,5.633417],[-0.182,5.6335],[-0.18175,5.6335],[-0.18175,5.63375],[-0.1815,5.634],[-0.18125,5.634],[-0.181083,5.63425],[-0.180833,5.634083],[-0.18075,5.633833],[-0.1805,5.633833],[-0.1805,5.633333]]]}},{"type":"Feature","properties":{"class":"built_up","ha":6.82},"geometry":{"type":"Polygon","coordinates":[[[-0.18675,5.63625],[-0.186583,5.636167],[-0.1865,5.63575],[-0.186333,5.635667],[-0.186333,5.63525],[-0.186917,5.635333],[-0.187083,5.635083],[-0.18725,5.635083],[-0.1875,5.634833],[-0.188,5.634667],[-0.188167,5.634417],[-0.188583,5.634417],[-0.188667,5.634333],[-0.188833,5.6345],[-0.188833,5.63475],[-0.189,5.63475],[-0.189333,5.634333],[-0.189583,5.634333],[-0.18975,5.6345],[-0.18975,5.63475],[-0.189917,5.634833],[-0.189917,5.635083],[-0.19,5.635083],[-0.19,5.635417],[-0.189917,5.6355],[-0.189667,5.6355],[-0.189417,5.63575],[-0.1895,5.635833],[-0.189417,5.636083],[-0.189,5.636],[-0.188917,5.636167],[-0.188583,5.63625],[-0.188583,5.636333],[-0.188333,5.636333],[-0.188167,5.6365],[-0.18775,5.636583],[-0.187583,5.63675],[-0.187583,5.636917],[-0.187167,5.637],[-0.187167,5.637083],[-0.187,5.637],[-0.187,5.63675],[-0.18675,5.636583],[-0.18675,5.63625]],[[-0.18925,5.63525],[-0.18925,5.635417],[-0.189417,5.635417],[-0.189417,5.63525],[-0.18925,5.63525]]]}},{"type":"Feature","properties":{"class":"built_up","ha":0.7},"geometry":{"type":"Polygon","coordinates":[[[-0.18375,5.644],[-0.18375,5.644167],[-0.183417,5.6445],[-0.18275,5.644417],[-0.182667,5.644583],[-0.1825,5.6445],[-0.1825,5.64425],[-0.182583,5.644167],[-0.183,5.644167],[-0.183,5.643833],[-0.183583,5.643833],[-0.18375,5.644]]]}},{"type":"Feature","properties":{"class":"built_up","ha":0.37},"geometry":{"type":"Polygon","coordinates":[[[-0.180333,5.64575],[-0.180083,5.645833],[-0.18,5.646],[-0.179833,5.646],[-0.17975,5.645917],[-0.17975,5.645417],[-0.179833,5.645333],[-0.180333,5.645417],[-0.180333,5.64575]]]}},{"type":"Feature","properties":{"class":"built_up","ha":0.9},"geometry":{"type":"Polygon","coordinates":[[[-0.183333,5.645917],[-0.183083,5.64575],[-0.183083,5.6455],[-0.18325,5.645417],[-0.183333,5.645167],[-0.1835,5.645167],[-0.1835,5.64525],[-0.18375,5.645167],[-0.18375,5.645333],[-0.183583,5.645417],[-0.183583,5.645667],[-0.183417,5.645833],[-0.183583,5.645917],[-0.183667,5.645833],[-0.183667,5.645583],[-0.183917,5.645417],[-0.184,5.645667],[-0.184167,5.64575],[-0.184167,5.645917],[-0.183917,5.646083],[-0.183833,5.646333],[-0.183583,5.646333],[-0.183583,5.646417],[-0.18325,5.646167],[-0.183333,5.645917]]]}},{"type":"Feature","properties":{"class":"built_up","ha":233.57},"geometry":{"type":"Polygon","coordinates":[[[-0.190583,5.653833],[-0.190667,5.653917],[-0.190667,5.65425],[-0.19075,5.654333],[-0.190917,5.65425],[-0.191,5.654333],[-0.190917,5.655083],[-0.191083,5.655167],[-0.191083,5.655667],[-0.191,5.655667],[-0.191,5.655833],[-0.191167,5.655833],[-0.191167,5.65575],[-0.191417,5.655833],[-0.191583,5.656167],[-0.191667,5.656083],[-0.191917,5.656083],[-0.192083,5.65625],[-0.192083,5.656417],[-0.192167,5.656417],[-0.192083,5.656833],[-0.192,5.656833],[-0.192083,5.657167],[-0.192,5.65725],[-0.191833,5.657167],[-0.191833,5.657583],[-0.191583,5.657583],[-0.191417,5.657417],[-0.1915,5.657333],[-0.1915,5.657],[-0.191417,5.656917],[-0.191833,5.656583],[-0.19175,5.656333],[-0.1915,5.656333],[-0.191417,5.6565],[-0.19125,5.656333],[-0.191,5.656333],[-0.191,5.656667],[-0.190917,5.65675],[-0.19025,5.65675],[-0.19025,5.656667],[-0.19,5.656667],[-0.189833,5.656333],[-0.189583,5.656583],[-0.189417,5.656583],[-0.18925,5.656417],[-0.18925,5.655917],[-0.189333,5.655917],[-0.18925,5.65575],[-0.189,5.656],[-0.189,5.65625],[-0.188917,5.65625],[-0.188917,5.656583],[-0.189,5.656667],[-0.188833,5.656833],[-0.188417,5.656833],[-0.18825,5.656583],[-0.187833,5.656667],[-0.18775,5.656583],[-0.18775,5.656333],[-0.187667,5.656333],[-0.187667,5.656083],[-0.1875,5.655917],[-0.1875,5.655583],[-0.187667,5.655583],[-0.187667,5.6555],[-0.188083,5.655583],[-0.188167,5.6555],[-0.187917,5.654583],[-0.187667,5.654667],[-0.187667,5.655167],[-0.18725,5.655083],[-0.18725,5.655417],[-0.187083,5.655417],[-0.187,5.655583],[-0.186833,5.655583],[-0.186583,5.655833],[-0.186417,5.65575],[-0.186417,5.655583],[-0.186167,5.655333],[-0.185833,5.655333],[-0.18575,5.655167],[-0.1855,5.655167],[-0.1855,5.654833],[-0.18575,5.65475],[-0.185833,5.6545],[-0.186083,5.6545],[-0.186083,5.654417],[-0.18675,5.6545],[-0.186833,5.654417],[-0.186833,5.654],[-0.186083,5.654],[-0.186,5.653917],[-0.185833,5.654083],[-0.1855,5.654083],[-0.1855,5.653917],[-0.18525,5.65375],[-0.18525,5.6535],[-0.185333,5.653417],[-0.184917,5.653],[-0.184917,5.652583],[-0.18475,5.652583],[-0.184667,5.653],[-0.1845,5.653],[-0.1845,5.653083],[-0.184417,5.653],[-0.184167,5.653],[-0.183833,5.653333],[-0.183417,5.653083],[-0.183417,5.652833],[-0.183167,5.652917],[-0.183167,5.653167],[-0.182667,5.653167],[-0.182583,5.65325],[-0.182583,5.6535],[-0.18275,5.6535],[-0.182833,5.653667],[-0.183333,5.653667],[-0.1835,5.653417],[-0.183583,5.6535],[-0.184083,5.6535],[-0.184083,5.653583],[-0.184333,5.653583],[-0.184333,5.653667],[-0.184667,5.653667],[-0.184667,5.65375],[-0.184917,5.653833],[-0.185,5.65425],[-0.18525,5.654333],[-0.18525,5.654583],[-0.185,5.654583],[-0.184917,5.654667],[-0.184917,5.655833],[-0.184667,5.655833],[-0.184667,5.655917],[-0.184,5.655917],[-0.184,5.656],[-0.183833,5.656],[-0.183833,5.655917],[-0.183167,5.655917],[-0.183167,5.656],[-0.182917,5.656],[-0.182833,5.655833],[-0.182583,5.655833],[-0.182583,5.656167],[-0.182667,5.656167],[-0.182667,5.6565],[-0.182583,5.6565],[-0.182583,5.65775],[-0.18275,5.657917],[-0.182667,5.658],[-0.182667,5.6595],[-0.182583,5.6595],[-0.182583,5.65975],[-0.1825,5.65975],[-0.1825,5.659417],[-0.182417,5.659333],[-0.181583,5.659333],[-0.1815,5.659417],[-0.181417,5.659333],[-0.181417,5.659083],[-0.18125,5.659],[-0.18125,5.658833],[-0.181333,5.658833],[-0.18125,5.658667],[-0.181,5.658917],[-0.180667,5.658917],[-0.180583,5.658667],[-0.180083,5.658167],[-0.180167,5.658083],[-0.180083,5.657917],[-0.18025,5.657833],[-0.18025,5.657667],[-0.179667,5.657667],[-0.179667,5.657833],[-0.179833,5.657833],[-0.179833,5.658],[-0.179417,5.658],[-0.179333,5.658083],[-0.179333,5.658417],[-0.1795,5.6585],[-0.1795,5.658667],[-0.179333,5.658833],[-0.179083,5.658833],[-0.179,5.659417],[-0.178917,5.659417],[-0.178833,5.659667],[-0.17625,5.659671],[-0.1765,5.659583],[-0.1765,5.659333],[-0.176667,5.65925],[-0.17675,5.658917],[-0.177167,5.658583],[-0.17725,5.65825],[-0.177417,5.658167],[-0.177417,5.657833],[-0.1775,5.65775],[-0.177833,5.65775],[-0.178,5.657917],[-0.17825,5.657833],[-0.17825,5.658667],[-0.178083,5.658833],[-0.178083,5.659083],[-0.17825,5.65925],[-0.1785,5.659167],[-0.1785,5.658833],[-0.178667,5.658667],[-0.178667,5.658417],[-0.178833,5.658333],[-0.178917,5.658],[-0.179,5.658],[-0.179167,5.657167],[-0.179333,5.657083],[-0.179333,5.656833],[-0.179417,5.656833],[-0.179417,5.656],[-0.17975,5.656083],[-0.179833,5.656],[-0.179833,5.65575],[-0.179917,5.65575],[-0.179917,5.655417],[-0.1795,5.65525],[-0.1795,5.654833],[-0.17975,5.65475],[-0.17975,5.654667],[-0.180167,5.654667],[-0.180167,5.654],[-0.180083,5.653917],[-0.179417,5.653917],[-0.17925,5.654417],[-0.178917,5.654417],[-0.17875,5.654167],[-0.178167,5.654167],[-0.178,5.654],[-0.178,5.65375],[-0.177917,5.65375],[-0.178,5.653667],[-0.178,5.653333],[-0.178083,5.653333],[-0.178083,5.653],[-0.178167,5.653],[-0.178083,5.65275],[-0.177833,5.652667],[-0.177833,5.652583],[-0.1775,5.652583],[-0.177333,5.65225],[-0.177167,5.65225],[-0.177167,5.652167],[-0.177417,5.652083],[-0.177417,5.651],[-0.17725,5.651],[-0.177,5.65125],[-0.177,5.651],[-0.177167,5.650833],[-0.177333,5.650833],[-0.177333,5.650583],[-0.17725,5.650667],[-0.177,5.650667],[-0.177,5.6505],[-0.177417,5.6505],[-0.177417,5.65025],[-0.177583,5.65025],[-0.177583,5.650583],[-0.177833,5.650583],[-0.177917,5.6505],[-0.177833,5.650417],[-0.177917,5.65025],[-0.178167,5.650333],[-0.178083,5.6505],[-0.178583,5.6505],[-0.17875,5.650333],[-0.17875,5.650083],[-0.178833,5.65],[-0.17875,5.649917],[-0.1785,5.649917],[-0.1785,5.65],[-0.178083,5.649917],[-0.177917,5.650083],[-0.177833,5.65],[-0.177417,5.65],[-0.177333,5.649917],[-0.177417,5.649417],[-0.17725,5.649333],[-0.177083,5.649667],[-0.176917,5.649667],[-0.176917,5.649333],[-0.177083,5.649167],[-0.177333,5.649167],[-0.177333,5.649083],[-0.177917,5.649083],[-0.178083,5.64925],[-0.17825,5.649],[-0.178417,5.649],[-0.1785,5.649167],[-0.178667,5.649167],[-0.178667,5.649083],[-0.17875,5.649167],[-0.179,5.649167],[-0.179,5.649083],[-0.179417,5.649],[-0.1795,5.648917],[-0.1795,5.648667],[-0.179417,5.648667],[-0.179417,5.648417],[-0.179333,5.648333],[-0.179083,5.648333],[-0.179083,5.64825],[-0.178417,5.648333],[-0.178417,5.648083],[-0.1785,5.648083],[-0.178417,5.6475],[-0.178667,5.64725],[-0.178833,5.64725],[-0.178917,5.647083],[-0.178667,5.646917],[-0.178667,5.646417],[-0.17875,5.646417],[-0.178833,5.645583],[-0.178667,5.6455],[-0.17875,5.645333],[-0.178667,5.645333],[-0.178667,5.644833],[-0.178583,5.644833],[-0.178583,5.6445],[-0.1785,5.6445],[-0.1785,5.644],[-0.178333,5.643833],[-0.178417,5.64375],[-0.178333,5.643333],[-0.178083,5.643333],[-0.178,5.643167],[-0.177833,5.643167],[-0.177667,5.643],[-0.177333,5.643],[-0.177167,5.643167],[-0.177167,5.643417],[-0.177,5.643417],[-0.177,5.64325],[-0.176833,5.643083],[-0.177,5.643],[-0.177,5.642885],[-0.178729,5.643019],[-0.17831,5.64025],[-0.178333,5.640333],[-0.178417,5.64025],[-0.17925,5.640333],[-0.179417,5.640167],[-0.17925,5.639667],[-0.179,5.639417],[-0.179083,5.639333],[-0.179083,5.638417],[-0.178917,5.638333],[-0.178917,5.638167],[-0.179,5.638167],[-0.179,5.637917],[-0.179083,5.637833],[-0.1795,5.637833],[-0.179583,5.63775],[-0.179583,5.637333],[-0.179333,5.637167],[-0.179333,5.636917],[-0.17975,5.636583],[-0.17975,5.636333],[-0.180083,5.636083],[-0.179917,5.635833],[-0.17975,5.635833],[-0.179583,5.636083],[-0.179333,5.636],[-0.179333,5.635833],[-0.17975,5.6355],[-0.179667,5.635],[-0.18,5.63475],[-0.180167,5.634917],[-0.180167,5.635167],[-0.18,5.635333],[-0.180333,5.635583],[-0.180417,5.635833],[-0.180667,5.635833],[-0.180833,5.636],[-0.180667,5.636167],[-0.18075,5.636417],[-0.180833,5.636417],[-0.180833,5.636583],[-0.180667,5.63675],[-0.18075,5.636833],[-0.180833,5.63675],[-0.18125,5.63675],[-0.181333,5.636917],[-0.1815,5.636917],[-0.181583,5.636833],[-0.181583,5.6365],[-0.181167,5.636167],[-0.181167,5.636],[-0.18125,5.636],[-0.181167,5.635417],[-0.181333,5.635417],[-0.181333,5.63525],[-0.181667,5.634917],[-0.182083,5.634917],[-0.182167,5.634833],[-0.182083,5.63475],[-0.182083,5.6345],[-0.18225,5.6345],[-0.182417,5.634167],[-0.182583,5.634167],[-0.182917,5.633833],[-0.182917,5.633667],[-0.18275,5.633583],[-0.18275,5.633417],[-0.183,5.633333],[-0.183,5.633167],[-0.182833,5.633167],[-0.182833,5.632833],[-0.183,5.63275],[-0.183,5.6325],[-0.18275,5.632333],[-0.18275,5.632167],[-0.182333,5.63175],[-0.182333,5.631583],[-0.1825,5.631417],[-0.18275,5.631333],[-0.18275,5.631167],[-0.1825,5.631167],[-0.1825,5.63125],[-0.18225,5.63125],[-0.18225,5.631333],[-0.182,5.631333],[-0.182,5.631417],[-0.181583,5.631417],[-0.18175,5.63125],[-0.18175,5.630667],[-0.181833,5.630583],[-0.182,5.630583],[-0.182,5.631],[-0.182167,5.631],[-0.182167,5.63075],[-0.182333,5.630667],[-0.182167,5.6305],[-0.18225,5.63025],[-0.182167,5.630167],[-0.181417,5.630083],[-0.18125,5.63025],[-0.18125,5.630417],[-0.181583,5.630583],[-0.181583,5.63075],[-0.1815,5.63075],[-0.181583,5.631167],[-0.1815,5.63125],[-0.180917,5.63125],[-0.180833,5.631417],[-0.180667,5.631417],[-0.180667,5.631167],[-0.181,5.631167],[-0.181,5.630167],[-0.18075,5.629917],[-0.180884,5.629963],[-0.181394,5.629685],[-0.184963,5.626165],[-0.185751,5.626873],[-0.186908,5.628686],[-0.187,5.628862],[-0.187167,5.62875],[-0.187167,5.628917],[-0.187333,5.629],[-0.187417,5.629333],[-0.1875,5.629333],[-0.187667,5.63025],[-0.187417,5.63],[-0.18725,5.63],[-0.187083,5.63025],[-0.187333,5.630417],[-0.187333,5.630667],[-0.1875,5.630667],[-0.1875,5.6305],[-0.187667,5.6305],[-0.187667,5.630917],[-0.187583,5.631],[-0.187917,5.631333],[-0.187917,5.631833],[-0.188,5.631917],[-0.187583,5.632083],[-0.1875,5.6325],[-0.187333,5.632667],[-0.187417,5.63275],[-0.18775,5.63275],[-0.18775,5.633],[-0.187833,5.633],[-0.187917,5.632917],[-0.187917,5.632583],[-0.188,5.632583],[-0.188,5.632417],[-0.187833,5.632333],[-0.187833,5.632167],[-0.188,5.632167],[-0.188417,5.632583],[-0.188417,5.633083],[-0.188083,5.633083],[-0.187917,5.63325],[-0.188,5.633833],[-0.18775,5.633833],[-0.18775,5.6335],[-0.187667,5.633417],[-0.187583,5.6335],[-0.187333,5.6335],[-0.186917,5.633917],[-0.18675,5.633917],[-0.186667,5.634083],[-0.1865,5.634083],[-0.186417,5.63425],[-0.186,5.634333],[-0.185917,5.634583],[-0.185583,5.634667],[-0.185583,5.63475],[-0.184917,5.634833],[-0.18525,5.6345],[-0.185167,5.63425],[-0.185,5.63425],[-0.185,5.634167],[-0.18475,5.634167],[-0.184583,5.634417],[-0.184417,5.634417],[-0.184417,5.635],[-0.18475,5.634917],[-0.18475,5.635083],[-0.184583,5.63525],[-0.18425,5.635333],[-0.18425,5.635417],[-0.183833,5.6355],[-0.18375,5.63575],[-0.183583,5.63575],[-0.183583,5.635833],[-0.183417,5.63575],[-0.183167,5.636],[-0.183167,5.63625],[-0.18325,5.63625],[-0.18325,5.636417],[-0.183417,5.636583],[-0.183333,5.636667],[-0.183333,5.636917],[-0.183417,5.636917],[-0.183333,5.637167],[-0.183417,5.63725],[-0.183,5.637667],[-0.182667,5.637667],[-0.1825,5.637833],[-0.1825,5.638083],[-0.182583,5.638083],[-0.182583,5.638333],[-0.182833,5.638417],[-0.183,5.638083],[-0.183417,5.638083],[-0.1835,5.638],[-0.1835,5.63775],[-0.18375,5.63775],[-0.18375,5.637917],[-0.184083,5.63825],[-0.184167,5.638667],[-0.184333,5.638583],[-0.184333,5.638083],[-0.183833,5.637583],[-0.183833,5.637333],[-0.183667,5.63725],[-0.183667,5.637],[-0.183917,5.636917],[-0.183917,5.636833],[-0.18425,5.636833],[-0.18475,5.636333],[-0.185,5.636333],[-0.185,5.63625],[-0.185417,5.636167],[-0.1855,5.63575],[-0.185333,5.635583],[-0.185333,5.635083],[-0.1855,5.635],[-0.185583,5.63525],[-0.185667,5.63525],[-0.185667,5.635417],[-0.18575,5.635417],[-0.185667,5.6355],[-0.185667,5.63575],[-0.18575,5.635833],[-0.186,5.635833],[-0.186,5.636],[-0.186333,5.63625],[-0.186417,5.636583],[-0.18675,5.636833],[-0.186833,5.63725],[-0.186583,5.637333],[-0.1865,5.6375],[-0.18625,5.6375],[-0.18625,5.637667],[-0.186083,5.63775],[-0.186083,5.637917],[-0.18625,5.638],[-0.186167,5.63825],[-0.186,5.63825],[-0.185833,5.638],[-0.185667,5.638],[-0.185583,5.638083],[-0.185583,5.638417],[-0.185417,5.638417],[-0.18525,5.63825],[-0.185,5.6385],[-0.184583,5.6385],[-0.184417,5.638667],[-0.184417,5.638917],[-0.184583,5.639083],[-0.184583,5.639333],[-0.18475,5.639417],[-0.18475,5.639667],[-0.185,5.639417],[-0.185333,5.639417],[-0.185667,5.639833],[-0.18625,5.63975],[-0.186333,5.639917],[-0.186583,5.64],[-0.186667,5.6405],[-0.18675,5.6405],[-0.18675,5.640917],[-0.186833,5.641],[-0.18675,5.641083],[-0.186333,5.641083],[-0.18625,5.641167],[-0.186333,5.641667],[-0.186,5.641833],[-0.186,5.642],[-0.186333,5.642],[-0.186333,5.642667],[-0.1865,5.642583],[-0.1865,5.642083],[-0.186583,5.642],[-0.18675,5.642],[-0.186917,5.642167],[-0.187167,5.642167],[-0.187167,5.64225],[-0.187417,5.64225],[-0.187583,5.641667],[-0.188,5.641667],[-0.188,5.641833],[-0.187917,5.641833],[-0.187833,5.642083],[-0.188083,5.642167],[-0.188083,5.642083],[-0.188333,5.642],[-0.18825,5.641583],[-0.188417,5.641583],[-0.188583,5.641333],[-0.188833,5.641333],[-0.188833,5.641417],[-0.189167,5.6415],[-0.18925,5.641667],[-0.189583,5.641667],[-0.189667,5.641583],[-0.189583,5.6415],[-0.189667,5.64125],[-0.19,5.64125],[-0.190083,5.641333],[-0.19,5.641583],[-0.189667,5.641667],[-0.189667,5.641917],[-0.189833,5.642],[-0.18975,5.6425],[-0.189833,5.642583],[-0.19,5.642417],[-0.19025,5.6425],[-0.19025,5.642667],[-0.190083,5.642833],[-0.189667,5.642917],[-0.189667,5.642583],[-0.18925,5.642583],[-0.189083,5.642417],[-0.188833,5.642583],[-0.188917,5.643083],[-0.189,5.643083],[-0.189,5.643417],[-0.188917,5.6435],[-0.189083,5.643583],[-0.18925,5.643333],[-0.189417,5.643417],[-0.189333,5.643917],[-0.189167,5.643917],[-0.189083,5.64375],[-0.188417,5.64375],[-0.188417,5.643667],[-0.188167,5.643667],[-0.188167,5.64375],[-0.187917,5.64375],[-0.187667,5.644083],[-0.1875,5.644083],[-0.1875,5.6445],[-0.187667,5.644583],[-0.187583,5.645083],[-0.187833,5.645083],[-0.187667,5.645583],[-0.187833,5.645667],[-0.187833,5.645833],[-0.188,5.645833],[-0.188,5.646],[-0.18775,5.646167],[-0.18775,5.646417],[-0.188,5.646417],[-0.188083,5.646333],[-0.188083,5.646083],[-0.18825,5.646083],[-0.188333,5.646333],[-0.188417,5.646333],[-0.188417,5.6465],[-0.188333,5.6465],[-0.188417,5.646667],[-0.188917,5.646833],[-0.189167,5.647167],[-0.189333,5.647],[-0.189583,5.647],[-0.189667,5.647083],[-0.189583,5.647333],[-0.189333,5.647333],[-0.189167,5.6475],[-0.189167,5.64775],[-0.18925,5.647833],[-0.189667,5.64775],[-0.189667,5.647667],[-0.189917,5.647917],[-0.19025,5.647833],[-0.19025,5.64825],[-0.190333,5.648333],[-0.1905,5.648167],[-0.190917,5.64825],[-0.191,5.648],[-0.191083,5.648],[-0.191083,5.64775],[-0.191333,5.64775],[-0.1915,5.647917],[-0.1915,5.648083],[-0.191583,5.648083],[-0.191583,5.648667],[-0.191333,5.64875],[-0.191333,5.648833],[-0.191,5.64875],[-0.190917,5.6485],[-0.19075,5.6485],[-0.19075,5.648583],[-0.1905,5.648583],[-0.1905,5.6485],[-0.19025,5.6485],[-0.19025,5.648417],[-0.19,5.6485],[-0.19,5.649],[-0.190083,5.649083],[-0.190333,5.649083],[-0.190417,5.649],[-0.19075,5.649333],[-0.19075,5.64975],[-0.190833,5.64975],[-0.190833,5.65],[-0.190667,5.650167],[-0.1905,5.650083],[-0.1905,5.64975],[-0.190417,5.649667],[-0.190167,5.649833],[-0.19025,5.650167],[-0.19,5.650333],[-0.19,5.6505],[-0.190083,5.6505],[-0.19,5.650917],[-0.190417,5.650917],[-0.19075,5.65125],[-0.19075,5.651583],[-0.190667,5.651667],[-0.190083,5.651583],[-0.19,5.651667],[-0.19,5.651917],[-0.190083,5.651917],[-0.19,5.652167],[-0.190167,5.65225],[-0.1905,5.651833],[-0.19075,5.651833],[-0.19075,5.652],[-0.190667,5.652],[-0.19075,5.652083],[-0.190667,5.652167],[-0.190667,5.652583],[-0.190917,5.652667],[-0.191083,5.653],[-0.19125,5.653],[-0.191417,5.653167],[-0.191333,5.6535],[-0.191167,5.653667],[-0.190833,5.653583],[-0.19075,5.653417],[-0.190333,5.653333],[-0.190333,5.653583],[-0.190417,5.653583],[-0.190417,5.65375],[-0.19025,5.653833],[-0.190333,5.654],[-0.190583,5.653833]],[[-0.184583,5.639667],[-0.184583,5.63975],[-0.184417,5.63975],[-0.184417,5.639667],[-0.183917,5.63975],[-0.183917,5.639583],[-0.184167,5.639583],[-0.184333,5.639417],[-0.18425,5.639167],[-0.184083,5.639167],[-0.184,5.639333],[-0.183583,5.639417],[-0.18375,5.639667],[-0.183417,5.639667],[-0.183333,5.63975],[-0.183333,5.64],[-0.1835,5.640167],[-0.183667,5.640167],[-0.183667,5.640417],[-0.1835,5.640417],[-0.183333,5.640167],[-0.182917,5.640167],[-0.18275,5.640333],[-0.1825,5.640333],[-0.182333,5.640583],[-0.181917,5.640583],[-0.181917,5.640667],[-0.181,5.640833],[-0.180917,5.640917],[-0.180917,5.641167],[-0.180667,5.641167],[-0.180667,5.641083],[-0.180167,5.641083],[-0.180167,5.641167],[-0.17975,5.641083],[-0.179583,5.64125],[-0.179583,5.641583],[-0.1795,5.641583],[-0.1795,5.641833],[-0.179583,5.641833],[-0.1795,5.64225],[-0.179583,5.64225],[-0.179583,5.642583],[-0.179667,5.642583],[-0.179667,5.643],[-0.17975,5.643083],[-0.179833,5.643],[-0.180083,5.643],[-0.180417,5.643333],[-0.180333,5.643333],[-0.180333,5.643667],[-0.18025,5.643667],[-0.18025,5.644],[-0.180167,5.644083],[-0.179833,5.644083],[-0.179667,5.64425],[-0.179667,5.644417],[-0.1795,5.644417],[-0.179333,5.64425],[-0.179333,5.644083],[-0.179167,5.644083],[-0.179,5.64425],[-0.179,5.644417],[-0.179083,5.644417],[-0.179083,5.64475],[-0.17925,5.644917],[-0.179167,5.645],[-0.179167,5.64525],[-0.17925,5.64525],[-0.179333,5.646083],[-0.179417,5.646083],[-0.1795,5.646667],[-0.179583,5.646667],[-0.179583,5.647417],[-0.179917,5.647583],[-0.179833,5.647917],[-0.18,5.648],[-0.180083,5.64825],[-0.180333,5.64825],[-0.180417,5.648167],[-0.180417,5.647917],[-0.180667,5.647667],[-0.180917,5.647583],[-0.180917,5.64675],[-0.181083,5.646583],[-0.18125,5.646583],[-0.18125,5.646667],[-0.182,5.646583],[-0.182083,5.646667],[-0.182083,5.647333],[-0.182,5.647333],[-0.182,5.647583],[-0.182333,5.647667],[-0.182333,5.648],[-0.182417,5.648],[-0.182417,5.648333],[-0.1825,5.648417],[-0.18275,5.648333],[-0.183167,5.64775],[-0.183417,5.64775],[-0.1835,5.647583],[-0.18375,5.647583],[-0.183917,5.64775],[-0.183917,5.648],[-0.184,5.648083],[-0.183917,5.648167],[-0.183583,5.648083],[-0.1835,5.648167],[-0.1835,5.648583],[-0.183667,5.648583],[-0.183667,5.648667],[-0.183833,5.648667],[-0.184,5.648833],[-0.184167,5.648833],[-0.184333,5.648583],[-0.1845,5.648583],[-0.184583,5.64875],[-0.184833,5.64875],[-0.184833,5.649],[-0.18475,5.649],[-0.18475,5.64925],[-0.184667,5.649333],[-0.18475,5.649417],[-0.184833,5.649333],[-0.185,5.649417],[-0.185083,5.649333],[-0.185083,5.648583],[-0.185,5.648583],[-0.185083,5.64825],[-0.185,5.648167],[-0.1845,5.648167],[-0.184417,5.647917],[-0.1845,5.647917],[-0.184583,5.647667],[-0.184917,5.647667],[-0.185,5.647583],[-0.184917,5.647167],[-0.185083,5.647],[-0.18525,5.647],[-0.185417,5.647333],[-0.185583,5.64725],[-0.185583,5.647083],[-0.185333,5.646917],[-0.185417,5.646667],[-0.185083,5.6465],[-0.185083,5.646333],[-0.1855,5.646417],[-0.185583,5.646167],[-0.185417,5.646],[-0.185167,5.646083],[-0.185,5.645917],[-0.185,5.645667],[-0.185083,5.645667],[-0.185083,5.64475],[-0.185333,5.644667],[-0.185417,5.644417],[-0.185333,5.644333],[-0.184833,5.644333],[-0.184667,5.644167],[-0.184083,5.644083],[-0.184083,5.64325],[-0.184,5.64325],[-0.184,5.643],[-0.184083,5.642917],[-0.18425,5.643],[-0.18425,5.64325],[-0.184333,5.643333],[-0.1845,5.643167],[-0.184417,5.643167],[-0.184417,5.643],[-0.18425,5.642833],[-0.18425,5.642417],[-0.184167,5.642417],[-0.184167,5.642167],[-0.184,5.642083],[-0.184,5.64175],[-0.18375,5.641583],[-0.18375,5.641333],[-0.183833,5.64125],[-0.184,5.641333],[-0.184083,5.64175],[-0.184333,5.641833],[-0.184333,5.642167],[-0.184833,5.642167],[-0.185083,5.642417],[-0.18525,5.642417],[-0.1855,5.642167],[-0.1855,5.642],[-0.185417,5.642],[-0.1855,5.6415],[-0.185417,5.641417],[-0.185,5.641417],[-0.184833,5.641833],[-0.184583,5.641833],[-0.184583,5.641333],[-0.1845,5.64125],[-0.184667,5.641083],[-0.184917,5.641083],[-0.184917,5.64075],[-0.184833,5.640667],[-0.185,5.640667],[-0.185083,5.640833],[-0.1855,5.640833],[-0.1855,5.64075],[-0.185833,5.64075],[-0.185833,5.640583],[-0.18575,5.6405],[-0.185083,5.640583],[-0.185,5.640333],[-0.184917,5.640333],[-0.184917,5.640083],[-0.18475,5.64],[-0.18475,5.639667],[-0.184583,5.639667]],[[-0.1875,5.643833],[-0.187417,5.643833],[-0.1875,5.643667],[-0.187917,5.643583],[-0.187917,5.643333],[-0.187833,5.643333],[-0.18775,5.643083],[-0.18725,5.643],[-0.187083,5.64275],[-0.186833,5.64275],[-0.186833,5.643167],[-0.186667,5.643167],[-0.1865,5.642833],[-0.186333,5.642833],[-0.18625,5.6435],[-0.186,5.64375],[-0.186167,5.644],[-0.1865,5.644],[-0.186583,5.643917],[-0.1865,5.643667],[-0.186417,5.643667],[-0.186417,5.643333],[-0.1865,5.64325],[-0.18675,5.64325],[-0.18675,5.643583],[-0.186917,5.64375],[-0.187167,5.64375],[-0.187167,5.643917],[-0.187333,5.644083],[-0.1875,5.644083],[-0.1875,5.643833]],[[-0.190333,5.653167],[-0.190417,5.653167],[-0.190417,5.653],[-0.19025,5.652917],[-0.190167,5.653],[-0.190167,5.65325],[-0.19025,5.653333],[-0.190333,5.653333],[-0.190333,5.653167]],[[-0.177917,5.6595],[-0.177917,5.659667],[-0.178083,5.659667],[-0.178083,5.6595],[-0.177917,5.6595]],[[-0.18225,5.656167],[-0.18225,5.656],[-0.181917,5.656083],[-0.181917,5.65625],[-0.182083,5.65625],[-0.182083,5.656167],[-0.18225,5.656167]],[[-0.183667,5.655167],[-0.183667,5.655583],[-0.183833,5.655667],[-0.183917,5.655583],[-0.183917,5.654917],[-0.183833,5.654833],[-0.1835,5.654833],[-0.183417,5.655083],[-0.183667,5.655167]],[[-0.181917,5.6555],[-0.181917,5.655583],[-0.182083,5.655583],[-0.182083,5.6555],[-0.181917,5.6555]],[[-0.189083,5.65525],[-0.189,5.655083],[-0.188833,5.655083],[-0.188833,5.655333],[-0.18875,5.655417],[-0.188833,5.6555],[-0.189,5.6555],[-0.189,5.655417],[-0.189417,5.6555],[-0.189417,5.655417],[-0.189667,5.655417],[-0.18975,5.655333],[-0.189667,5.655167],[-0.18925,5.655167],[-0.18925,5.65525],[-0.189083,5.65525]],[[-0.182333,5.654],[-0.18175,5.654],[-0.181583,5.653833],[-0.181583,5.65325],[-0.1815,5.65325],[-0.181417,5.653],[-0.181333,5.653083],[-0.180917,5.653083],[-0.18075,5.65325],[-0.18075,5.653417],[-0.18125,5.653917],[-0.181167,5.654167],[-0.180917,5.654167],[-0.180917,5.65425],[-0.181,5.654333],[-0.18125,5.65425],[-0.181333,5.654333],[-0.181333,5.654583],[-0.1815,5.654667],[-0.1815,5.654833],[-0.181417,5.654833],[-0.1815,5.655083],[-0.18175,5.655083],[-0.18175,5.655],[-0.182083,5.655083],[-0.182083,5.655],[-0.182333,5.655],[-0.182417,5.654917],[-0.182417,5.65475],[-0.1825,5.65475],[-0.182417,5.654083],[-0.182333,5.654]],[[-0.1835,5.6545],[-0.1835,5.654667],[-0.183583,5.654667],[-0.183583,5.6545],[-0.1835,5.6545]],[[-0.188583,5.65425],[-0.188583,5.654417],[-0.188917,5.654417],[-0.189083,5.65425],[-0.189083,5.654],[-0.188917,5.654],[-0.188833,5.654167],[-0.188583,5.65425]],[[-0.184583,5.654],[-0.184583,5.654333],[-0.184667,5.654417],[-0.184833,5.654417],[-0.184833,5.654083],[-0.184583,5.654]],[[-0.182917,5.65425],[-0.182917,5.654417],[-0.183,5.654417],[-0.183,5.65425],[-0.182917,5.65425]],[[-0.18975,5.65275],[-0.18975,5.653],[-0.19,5.653],[-0.190083,5.652917],[-0.190083,5.652667],[-0.189917,5.652583],[-0.18975,5.65275]],[[-0.179167,5.652167],[-0.179167,5.651833],[-0.1795,5.651583],[-0.1795,5.651417],[-0.179333,5.651417],[-0.17925,5.651583],[-0.179083,5.651583],[-0.179083,5.6515],[-0.178917,5.651583],[-0.178917,5.652083],[-0.179083,5.652167],[-0.179,5.65225],[-0.179,5.652667],[-0.17925,5.652917],[-0.1795,5.652917],[-0.1795,5.652667],[-0.17925,5.652417],[-0.179333,5.65225],[-0.179167,5.652167]],[[-0.179917,5.6525],[-0.179917,5.652833],[-0.180083,5.652833],[-0.180167,5.65275],[-0.180083,5.65225],[-0.179917,5.65225],[-0.179833,5.6525],[-0.179917,5.6525]],[[-0.1885,5.65225],[-0.1885,5.652417],[-0.18875,5.652417],[-0.18875,5.65225],[-0.1885,5.65225]],[[-0.1805,5.652],[-0.1805,5.652333],[-0.180667,5.652333],[-0.180667,5.652083],[-0.1805,5.652]],[[-0.182917,5.652167],[-0.182917,5.65225],[-0.183083,5.65225],[-0.183083,5.652167],[-0.182917,5.652167]],[[-0.189083,5.65175],[-0.189083,5.652167],[-0.18925,5.652167],[-0.18925,5.65175],[-0.189083,5.65175]],[[-0.18475,5.652083],[-0.18475,5.652167],[-0.184917,5.652167],[-0.184917,5.652083],[-0.18475,5.652083]],[[-0.18475,5.651917],[-0.184833,5.65175],[-0.184667,5.651667],[-0.184583,5.651833],[-0.18475,5.651917]],[[-0.183,5.651583],[-0.182917,5.651833],[-0.183417,5.651833],[-0.183417,5.651917],[-0.183583,5.651917],[-0.183583,5.65175],[-0.183333,5.6515],[-0.18325,5.651583],[-0.183,5.651583]],[[-0.182167,5.651583],[-0.1825,5.651917],[-0.182667,5.651917],[-0.182667,5.65175],[-0.18275,5.65175],[-0.182583,5.651417],[-0.182,5.651417],[-0.182,5.651583],[-0.182167,5.651583]],[[-0.180333,5.651417],[-0.180417,5.6515],[-0.180417,5.65175],[-0.180583,5.65175],[-0.180667,5.651417],[-0.1805,5.65125],[-0.180417,5.65125],[-0.180417,5.651417],[-0.180333,5.651417]],[[-0.188583,5.65125],[-0.188583,5.651417],[-0.18875,5.651333],[-0.18875,5.65125],[-0.188583,5.65125]],[[-0.18375,5.65125],[-0.18375,5.651083],[-0.183833,5.651083],[-0.18375,5.650833],[-0.183583,5.650917],[-0.183583,5.65125],[-0.18375,5.65125]],[[-0.1785,5.651083],[-0.1785,5.651167],[-0.178583,5.651167],[-0.1785,5.651083]],[[-0.18025,5.650833],[-0.18025,5.651083],[-0.180417,5.651],[-0.180417,5.650833],[-0.18025,5.650833]],[[-0.18475,5.650583],[-0.18475,5.650833],[-0.185083,5.650833],[-0.185167,5.65075],[-0.185,5.65025],[-0.184833,5.65025],[-0.184833,5.650583],[-0.18475,5.650583]],[[-0.184333,5.650417],[-0.184167,5.6505],[-0.184167,5.65075],[-0.184417,5.65075],[-0.184417,5.6505],[-0.184333,5.650417]],[[-0.183,5.650583],[-0.183,5.650417],[-0.182583,5.650417],[-0.182667,5.650667],[-0.182833,5.650667],[-0.182833,5.650583],[-0.183,5.650583]],[[-0.18075,5.65025],[-0.180833,5.65],[-0.180667,5.649917],[-0.180667,5.650083],[-0.1805,5.650083],[-0.1805,5.650167],[-0.18075,5.65025]],[[-0.180083,5.64975],[-0.180083,5.650083],[-0.18025,5.650083],[-0.180167,5.64975],[-0.180083,5.64975]],[[-0.1825,5.649417],[-0.1825,5.649667],[-0.182583,5.64975],[-0.183,5.64975],[-0.183083,5.649667],[-0.183083,5.649333],[-0.182833,5.64925],[-0.182833,5.649167],[-0.1825,5.649417]],[[-0.18725,5.649417],[-0.18725,5.649167],[-0.1875,5.649],[-0.1875,5.648583],[-0.187583,5.648583],[-0.187583,5.648417],[-0.1875,5.648417],[-0.1875,5.647333],[-0.187417,5.64725],[-0.18725,5.64725],[-0.18725,5.647333],[-0.18675,5.64725],[-0.18675,5.647333],[-0.1865,5.647333],[-0.186417,5.647583],[-0.186333,5.647583],[-0.186333,5.648583],[-0.186417,5.648583],[-0.186417,5.648917],[-0.186583,5.649083],[-0.186583,5.649333],[-0.186333,5.649333],[-0.18625,5.64925],[-0.186167,5.64875],[-0.186,5.64875],[-0.186,5.649333],[-0.186333,5.649667],[-0.1865,5.649667],[-0.186583,5.6495],[-0.186833,5.6495],[-0.186833,5.649417],[-0.187083,5.649417],[-0.187083,5.649583],[-0.187333,5.649583],[-0.187333,5.649417],[-0.18725,5.649417]],[[-0.18025,5.648667],[-0.180167,5.64875],[-0.180167,5.649],[-0.18,5.649],[-0.18,5.649333],[-0.180333,5.649333],[-0.180667,5.649667],[-0.180833,5.649667],[-0.180833,5.6495],[-0.180583,5.649333],[-0.1805,5.648833],[-0.18025,5.648667]],[[-0.178417,5.649417],[-0.178417,5.649583],[-0.178667,5.649583],[-0.178667,5.649417],[-0.178417,5.649417]],[[-0.18975,5.648333],[-0.189667,5.648083],[-0.1895,5.648083],[-0.1895,5.648167],[-0.189417,5.648083],[-0.189,5.648083],[-0.188833,5.64825],[-0.188833,5.6485],[-0.188667,5.648583],[-0.188667,5.649],[-0.188833,5.649083],[-0.188833,5.649333],[-0.188917,5.649417],[-0.189083,5.649417],[-0.18925,5.64925],[-0.18925,5.649083],[-0.189333,5.649083],[-0.189333,5.648417],[-0.189667,5.648417],[-0.18975,5.648333]],[[-0.18275,5.648583],[-0.182667,5.648667],[-0.182667,5.648917],[-0.1825,5.649],[-0.182583,5.649167],[-0.182917,5.648917],[-0.183,5.648583],[-0.18275,5.648583]],[[-0.181667,5.649],[-0.181667,5.649167],[-0.181833,5.649167],[-0.181833,5.648917],[-0.181667,5.649]],[[-0.18775,5.648583],[-0.18775,5.648917],[-0.187917,5.648917],[-0.187917,5.648583],[-0.18775,5.648583]],[[-0.180667,5.648667],[-0.180917,5.648583],[-0.180917,5.648333],[-0.180833,5.64825],[-0.180583,5.648333],[-0.180583,5.648583],[-0.180667,5.648667]],[[-0.179167,5.647833],[-0.179167,5.647917],[-0.179333,5.647917],[-0.179333,5.647833],[-0.179167,5.647833]],[[-0.188083,5.647],[-0.188,5.6475],[-0.18825,5.647417],[-0.1885,5.647667],[-0.188583,5.647583],[-0.188583,5.647333],[-0.188333,5.647083],[-0.188083,5.647]],[[-0.186583,5.645083],[-0.186,5.645167],[-0.186,5.6455],[-0.185917,5.6455],[-0.186,5.64575],[-0.18625,5.645583],[-0.18625,5.645417],[-0.186583,5.645083]],[[-0.18525,5.6435],[-0.18525,5.643833],[-0.185167,5.643833],[-0.18525,5.644],[-0.185667,5.64375],[-0.185667,5.6435],[-0.1855,5.6435],[-0.1855,5.643417],[-0.18525,5.6435]],[[-0.188333,5.64325],[-0.188333,5.6435],[-0.1885,5.6435],[-0.1885,5.64325],[-0.188333,5.64325]],[[-0.1895,5.6425],[-0.189583,5.642417],[-0.189583,5.642167],[-0.189333,5.642083],[-0.18925,5.642333],[-0.1895,5.6425]],[[-0.17925,5.641917],[-0.179083,5.641833],[-0.179083,5.642083],[-0.17925,5.641917]],[[-0.182667,5.640083],[-0.182583,5.639917],[-0.181917,5.64],[-0.181833,5.639833],[-0.181583,5.639833],[-0.181583,5.639917],[-0.18125,5.639917],[-0.18125,5.640333],[-0.181333,5.640333],[-0.181333,5.6405],[-0.181583,5.6405],[-0.181583,5.640417],[-0.182333,5.640333],[-0.182667,5.640083]],[[-0.183167,5.63975],[-0.183167,5.639417],[-0.182917,5.6395],[-0.182917,5.639833],[-0.183083,5.639833],[-0.183167,5.63975]],[[-0.179917,5.638583],[-0.17975,5.63875],[-0.17975,5.63925],[-0.179833,5.639333],[-0.180167,5.639333],[-0.180167,5.639417],[-0.180333,5.639333],[-0.180333,5.639167],[-0.18025,5.639167],[-0.18025,5.63875],[-0.180333,5.638667],[-0.18025,5.638583],[-0.179917,5.638583]],[[-0.182667,5.63875],[-0.182583,5.638583],[-0.182417,5.638583],[-0.182417,5.638833],[-0.182583,5.639],[-0.182667,5.638917],[-0.183167,5.638917],[-0.18325,5.639],[-0.18325,5.63875],[-0.183167,5.638667],[-0.183083,5.63875],[-0.182833,5.638667],[-0.182833,5.63875],[-0.182667,5.63875]],[[-0.182083,5.63775],[-0.181917,5.63725],[-0.18175,5.637083],[-0.1815,5.637083],[-0.181417,5.637167],[-0.181417,5.637917],[-0.181167,5.638],[-0.181083,5.638167],[-0.180917,5.638167],[-0.180917,5.638417],[-0.181167,5.6385],[-0.181167,5.638583],[-0.18125,5.6385],[-0.181583,5.6385],[-0.181583,5.638417],[-0.182083,5.638417],[-0.182167,5.6385],[-0.18225,5.638417],[-0.18225,5.637917],[-0.182083,5.63775]],[[-0.18075,5.637083],[-0.180583,5.637083],[-0.180583,5.637167],[-0.180167,5.63725],[-0.180083,5.637333],[-0.180083,5.637583],[-0.180667,5.637583],[-0.18075,5.637417],[-0.180917,5.637417],[-0.181,5.637333],[-0.181,5.637],[-0.180917,5.636917],[-0.18075,5.637083]],[[-0.181833,5.636333],[-0.181667,5.636333],[-0.181667,5.6365],[-0.182,5.6365],[-0.182,5.636417],[-0.18225,5.636333],[-0.182167,5.636083],[-0.182,5.636083],[-0.181833,5.636333]],[[-0.180333,5.63625],[-0.180333,5.636333],[-0.1805,5.636333],[-0.1805,5.63625],[-0.180333,5.63625]],[[-0.18275,5.634667],[-0.18275,5.634833],[-0.182917,5.635],[-0.182917,5.635167],[-0.183083,5.63525],[-0.183167,5.635167],[-0.183167,5.634833],[-0.183083,5.634833],[-0.183,5.634583],[-0.182833,5.634583],[-0.18275,5.634667]],[[-0.183833,5.634917],[-0.183833,5.635083],[-0.184083,5.635083],[-0.184167,5.634833],[-0.184,5.63475],[-0.183833,5.634917]],[[-0.183833,5.634583],[-0.183833,5.63475],[-0.183917,5.63475],[-0.183917,5.634583],[-0.183833,5.634583]],[[-0.18475,5.633583],[-0.18475,5.633417],[-0.1845,5.633333],[-0.184417,5.63275],[-0.184333,5.63275],[-0.184333,5.632583],[-0.184083,5.632333],[-0.183417,5.632333],[-0.183417,5.632417],[-0.18325,5.632417],[-0.18325,5.632583],[-0.1835,5.632667],[-0.1835,5.633],[-0.183167,5.633083],[-0.183083,5.633333],[-0.183583,5.63325],[-0.183583,5.6335],[-0.18375,5.633583],[-0.18375,5.633833],[-0.183917,5.633833],[-0.184,5.633667],[-0.184417,5.633667],[-0.184417,5.633583],[-0.184667,5.633667],[-0.18475,5.633583]],[[-0.18575,5.630667],[-0.18575,5.6305],[-0.185583,5.630417],[-0.185583,5.63025],[-0.185667,5.63025],[-0.185583,5.629917],[-0.185167,5.629917],[-0.184917,5.630167],[-0.184583,5.630167],[-0.184583,5.63025],[-0.184417,5.63025],[-0.18425,5.630417],[-0.184,5.630417],[-0.184,5.6305],[-0.183667,5.630583],[-0.183583,5.630667],[-0.183583,5.631],[-0.183917,5.631167],[-0.183917,5.631083],[-0.184167,5.631083],[-0.18425,5.631],[-0.184333,5.63075],[-0.184583,5.63075],[-0.184667,5.630917],[-0.185,5.631],[-0.185167,5.631167],[-0.185333,5.630917],[-0.185583,5.630917],[-0.185667,5.630667],[-0.18575,5.630667]],[[-0.1825,5.63],[-0.1825,5.630083],[-0.182583,5.630083],[-0.1825,5.63]],[[-0.185917,5.62975],[-0.185917,5.6295],[-0.185833,5.629417],[-0.185667,5.6295],[-0.185667,5.629833],[-0.185917,5.62975]],[[-0.186333,5.627917],[-0.186083,5.627917],[-0.186,5.627667],[-0.185833,5.627667],[-0.18575,5.627833],[-0.185583,5.627833],[-0.185583,5.628083],[-0.185333,5.628167],[-0.18525,5.628333],[-0.185167,5.62825],[-0.184917,5.62825],[-0.184833,5.628417],[-0.184583,5.6285],[-0.184667,5.628583],[-0.184667,5.628833],[-0.184583,5.628917],[-0.18425,5.628917],[-0.183917,5.62925],[-0.183583,5.628917],[-0.183417,5.628917],[-0.18325,5.629083],[-0.18325,5.629333],[-0.183167,5.629417],[-0.182917,5.629417],[-0.182917,5.629667],[-0.183083,5.629667],[-0.183167,5.629833],[-0.183417,5.629833],[-0.183417,5.629583],[-0.183583,5.629417],[-0.184,5.629333],[-0.18425,5.629083],[-0.184417,5.629083],[-0.1845,5.629333],[-0.184583,5.629333],[-0.184583,5.6295],[-0.18475,5.629667],[-0.184917,5.629667],[-0.185,5.6295],[-0.18525,5.6295],[-0.18525,5.629417],[-0.18575,5.62925],[-0.18575,5.629167],[-0.18625,5.629],[-0.1865,5.628667],[-0.18675,5.628583],[-0.1865,5.628333],[-0.186333,5.627917]],[[-0.186833,5.628667],[-0.186833,5.628583],[-0.18675,5.628583],[-0.186833,5.628667]],[[-0.184833,5.627083],[-0.184833,5.626917],[-0.185167,5.62675],[-0.185083,5.6265],[-0.184583,5.626667],[-0.1845,5.626917],[-0.184417,5.626917],[-0.184417,5.627083],[-0.1845,5.627083],[-0.1845,5.627583],[-0.184583,5.627667],[-0.184917,5.627667],[-0.185,5.627583],[-0.185083,5.62725],[-0.184833,5.627083]]]}},{"type":"Feature","properties":{"class":"built_up","ha":2.34},"geometry":{"type":"Polygon","coordinates":[[[-0.1785,5.662417],[-0.178667,5.662333],[-0.178667,5.661917],[-0.17875,5.661833],[-0.179,5.661833],[-0.179167,5.662083],[-0.179333,5.662083],[-0.179333,5.662417],[-0.179417,5.6625],[-0.18025,5.6625],[-0.18025,5.66375],[-0.180167,5.663833],[-0.18,5.663833],[-0.18,5.66375],[-0.179333,5.663833],[-0.17925,5.66375],[-0.179167,5.663167],[-0.17925,5.663167],[-0.17925,5.662917],[-0.179417,5.662833],[-0.179333,5.662667],[-0.17925,5.66275],[-0.17875,5.66275],[-0.17875,5.662667],[-0.178583,5.662667],[-0.1785,5.66275],[-0.1785,5.663],[-0.178393,5.663083],[-0.1785,5.662333],[-0.1785,5.662417]]]}},{"type":"Feature","properties":{"class":"built_up","ha":4.0},"geometry":{"type":"Polygon","coordinates":[[[-0.181167,5.66675],[-0.181167,5.666667],[-0.181417,5.666667],[-0.181417,5.66675],[-0.181667,5.666667],[-0.181667,5.6665],[-0.181583,5.6665],[-0.181583,5.665833],[-0.181667,5.665833],[-0.181667,5.665583],[-0.181583,5.665583],[-0.181667,5.6655],[-0.181583,5.664833],[-0.181667,5.66475],[-0.181917,5.66475],[-0.182,5.664833],[-0.182,5.665333],[-0.18225,5.665417],[-0.182333,5.665333],[-0.182333,5.66475],[-0.182583,5.664667],[-0.182667,5.66625],[-0.182917,5.66625],[-0.183,5.666333],[-0.183,5.6665],[-0.182667,5.66675],[-0.18275,5.666917],[-0.183333,5.666917],[-0.183333,5.666833],[-0.183583,5.666833],[-0.183583,5.66675],[-0.18375,5.666917],[-0.184083,5.666917],[-0.184167,5.66675],[-0.184417,5.66675],[-0.184667,5.667167],[-0.185561,5.667256],[-0.182458,5.66726],[-0.182453,5.667063],[-0.181657,5.667081],[-0.181642,5.666946],[-0.180917,5.6669],[-0.181167,5.66675]]]}},{"type":"Feature","properties":{"class":"built_up","ha":1.9},"geometry":{"type":"Polygon","coordinates":[[[-0.186333,5.666333],[-0.186583,5.666333],[-0.186583,5.666417],[-0.187,5.666417],[-0.187083,5.6665],[-0.187167,5.666417],[-0.187167,5.666167],[-0.187,5.666083],[-0.187,5.665833],[-0.18725,5.66575],[-0.18725,5.666167],[-0.1875,5.666417],[-0.18775,5.666417],[-0.187917,5.666583],[-0.187833,5.666833],[-0.1875,5.666833],[-0.187583,5.667],[-0.188083,5.667],[-0.188333,5.666667],[-0.188667,5.666667],[-0.18875,5.66675],[-0.188583,5.666917],[-0.188583,5.667167],[-0.188667,5.66725],[-0.19,5.66725],[-0.190167,5.667083],[-0.190333,5.667083],[-0.190833,5.666583],[-0.191167,5.666583],[-0.191167,5.6665],[-0.191667,5.666417],[-0.191667,5.666333],[-0.192167,5.666167],[-0.192167,5.666083],[-0.19256,5.666083],[-0.191151,5.666737],[-0.19063,5.666883],[-0.190236,5.667323],[-0.187331,5.667272],[-0.186955,5.66645],[-0.18625,5.666417],[-0.186333,5.666333]]]}},{"type":"Feature","properties":{"class":"built_up","ha":3.84},"geometry":{"type":"Polygon","coordinates":[[[-0.193333,5.665583],[-0.193333,5.665417],[-0.193083,5.665333],[-0.193083,5.664583],[-0.192833,5.664583],[-0.192833,5.664667],[-0.192667,5.664583],[-0.192667,5.664417],[-0.192833,5.664333],[-0.19275,5.663917],[-0.192917,5.663917],[-0.193167,5.66425],[-0.193333,5.66425],[-0.193333,5.664167],[-0.193583,5.664167],[-0.193583,5.664083],[-0.194083,5.664],[-0.194083,5.663917],[-0.194417,5.663833],[-0.194417,5.66375],[-0.194917,5.663667],[-0.19525,5.664],[-0.195333,5.664417],[-0.19525,5.664417],[-0.19525,5.66475],[-0.195167,5.66475],[-0.195167,5.664917],[-0.19524,5.664917],[-0.195083,5.664982],[-0.195,5.664917],[-0.195039,5.665],[-0.194833,5.665],[-0.194838,5.665083],[-0.193667,5.6655],[-0.19325,5.665764],[-0.19325,5.665583],[-0.193333,5.665583]]]}},{"type":"Feature","properties":{"class":"built_up","ha":0.34},"geometry":{"type":"Polygon","coordinates":[[[-0.197083,5.664083],[-0.197,5.663583],[-0.197333,5.6635],[-0.197417,5.663333],[-0.197583,5.663333],[-0.197583,5.6635],[-0.197333,5.663583],[-0.197333,5.663833],[-0.197417,5.663917],[-0.197583,5.663917],[-0.197667,5.66375],[-0.198066,5.663667],[-0.19785,5.663834],[-0.19675,5.66425],[-0.197083,5.664083]]]}},{"type":"Feature","properties":{"class":"built_up","ha":0.29},"geometry":{"type":"Polygon","coordinates":[[[-0.198917,5.663],[-0.199417,5.663],[-0.199417,5.662917],[-0.199667,5.662917],[-0.199667,5.662833],[-0.20025,5.66275],[-0.20025,5.662583],[-0.200333,5.662583],[-0.200417,5.662333],[-0.200667,5.662417],[-0.200667,5.6625],[-0.201026,5.6625],[-0.199572,5.66301],[-0.198833,5.663083],[-0.198917,5.663]]]}},{"type":"Feature","properties":{"class":"built_up","ha":0.36},"geometry":{"type":"Polygon","coordinates":[[[-0.2015,5.662083],[-0.2015,5.661833],[-0.201583,5.66175],[-0.201833,5.66175],[-0.201833,5.661667],[-0.202083,5.661667],[-0.202167,5.66175],[-0.202167,5.662061],[-0.201583,5.662283],[-0.201583,5.662083],[-0.2015,5.662083]]]}},{"type":"Feature","properties":{"class":"built_up","ha":0.45},"geometry":{"type":"Polygon","coordinates":[[[-0.202667,5.661667],[-0.202667,5.6615],[-0.202333,5.66125],[-0.202333,5.661083],[-0.202667,5.661083],[-0.202833,5.661333],[-0.203083,5.661417],[-0.203083,5.661583],[-0.202917,5.661667],[-0.202917,5.661777],[-0.202333,5.661998],[-0.202333,5.661667],[-0.202667,5.661667]]]}},{"type":"Feature","properties":{"class":"built_up","ha":0.83},"geometry":{"type":"Polygon","coordinates":[[[-0.204167,5.659917],[-0.204083,5.65975],[-0.203667,5.65975],[-0.203667,5.659667],[-0.203917,5.659583],[-0.203917,5.6595],[-0.204083,5.6595],[-0.204083,5.659417],[-0.20425,5.659417],[-0.20425,5.659333],[-0.204833,5.65925],[-0.204833,5.658917],[-0.20475,5.658917],[-0.20475,5.658667],[-0.204667,5.658667],[-0.20475,5.658167],[-0.205083,5.658167],[-0.205146,5.658083],[-0.205141,5.658939],[-0.204985,5.659179],[-0.204451,5.659441],[-0.20454,5.659833],[-0.20425,5.659833],[-0.204167,5.659917]]]}},{"type":"Feature","properties":{"class":"built_up","ha":0.39},"geometry":{"type":"MultiPolygon","coordinates":[[[[-0.205,5.653],[-0.205,5.652833],[-0.205083,5.652833],[-0.205083,5.653],[-0.205,5.653]]],[[[-0.205,5.6525],[-0.205083,5.652417],[-0.205083,5.652083],[-0.205,5.652083],[-0.205083,5.652],[-0.205083,5.651083],[-0.205,5.651083],[-0.205083,5.650167],[-0.204917,5.65],[-0.204917,5.64975],[-0.205083,5.649667],[-0.205083,5.648583],[-0.205,5.648583],[-0.205083,5.6485],[-0.205083,5.647833],[-0.205,5.647833],[-0.205083,5.647417],[-0.204833,5.647167],[-0.204833,5.646917],[-0.205,5.646833],[-0.205,5.646167],[-0.204917,5.646167],[-0.204917,5.645917],[-0.204833,5.645917],[-0.204833,5.645598],[-0.204886,5.645679],[-0.20504,5.646322],[-0.205084,5.647048],[-0.205083,5.6525],[-0.205,5.6525]]]]}},{"type":"Feature","properties":{"class":"built_up","ha":0.58},"geometry":{"type":"Polygon","coordinates":[[[-0.169417,5.65425],[-0.169417,5.655417],[-0.169583,5.655583],[-0.1695,5.655917],[-0.169333,5.656083],[-0.169333,5.656667],[-0.169417,5.656667],[-0.169417,5.656917],[-0.1695,5.656917],[-0.169417,5.657583],[-0.169333,5.657583],[-0.169417,5.657959],[-0.169253,5.657957],[-0.169333,5.654333],[-0.169417,5.65425]]]}},{"type":"Feature","properties":{"class":"built_up","ha":0.42},"geometry":{"type":"Polygon","coordinates":[[[-0.175417,5.642917],[-0.175417,5.643083],[-0.17525,5.643083],[-0.175083,5.642833],[-0.17475,5.642833],[-0.174667,5.643],[-0.174333,5.643],[-0.174333,5.643333],[-0.174167,5.643333],[-0.174167,5.642667],[-0.174083,5.642658],[-0.17525,5.64275],[-0.175417,5.642917]]]}},{"type":"Feature","properties":{"class":"built_up","ha":0.42},"geometry":{"type":"Polygon","coordinates":[[[-0.172333,5.642583],[-0.17225,5.642667],[-0.17225,5.643083],[-0.172083,5.64325],[-0.172,5.643167],[-0.171833,5.64325],[-0.171917,5.642917],[-0.17175,5.64275],[-0.171583,5.64275],[-0.171354,5.6425],[-0.172583,5.642583],[-0.172333,5.642583]]]}},{"type":"Feature","properties":{"class":"built_up","ha":0.39},"geometry":{"type":"Polygon","coordinates":[[[-0.16975,5.647],[-0.169833,5.647417],[-0.169583,5.647583],[-0.169667,5.648167],[-0.169583,5.648167],[-0.169583,5.648333],[-0.169374,5.6485],[-0.16957,5.646874],[-0.169833,5.646928],[-0.16975,5.647]]]}},{"type":"Feature","properties":{"class":"built_up","ha":1.2},"geometry":{"type":"Polygon","coordinates":[[[-0.169583,5.651583],[-0.1695,5.652167],[-0.169667,5.652333],[-0.1705,5.65225],[-0.1705,5.652333],[-0.170667,5.652333],[-0.170667,5.6525],[-0.1705,5.652667],[-0.17025,5.652667],[-0.169917,5.653083],[-0.169583,5.653167],[-0.169417,5.653333],[-0.169417,5.653667],[-0.1695,5.65375],[-0.169417,5.65375],[-0.169417,5.654083],[-0.169337,5.654083],[-0.169417,5.651417],[-0.169583,5.651583]]]}},{"type":"Feature","properties":{"class":"built_up","ha":0.27},"geometry":{"type":"Polygon","coordinates":[[[-0.190167,5.627333],[-0.189917,5.627333],[-0.189833,5.6275],[-0.189583,5.6275],[-0.189583,5.627583],[-0.189172,5.627667],[-0.189548,5.627467],[-0.19017,5.626888],[-0.190401,5.62725],[-0.190167,5.62725],[-0.190167,5.627333]]]}},{"type":"Feature","properties":{"class":"built_up","ha":0.28},"geometry":{"type":"Polygon","coordinates":[[[-0.183583,5.64675],[-0.183833,5.646667],[-0.183917,5.646917],[-0.184,5.646917],[-0.184,5.647083],[-0.184083,5.647083],[-0.184083,5.64725],[-0.184,5.647333],[-0.183583,5.647333],[-0.183583,5.647167],[-0.18375,5.647083],[-0.183583,5.646917],[-0.183583,5.64675]]]}},{"type":"Feature","properties":{"class":"built_up","ha":0.32},"geometry":{"type":"Polygon","coordinates":[[[-0.180833,5.660833],[-0.18075,5.66075],[-0.180833,5.66025],[-0.181167,5.66025],[-0.18125,5.660333],[-0.18125,5.660833],[-0.180833,5.660833]]]}},{"type":"Feature","properties":{"class":"built_up","ha":2.99},"geometry":{"type":"Polygon","coordinates":[[[-0.182083,5.663833],[-0.180667,5.66375],[-0.180583,5.6635],[-0.181083,5.663333],[-0.181083,5.663167],[-0.181,5.663167],[-0.181,5.662917],[-0.181083,5.662917],[-0.181,5.662833],[-0.181,5.662583],[-0.181167,5.662417],[-0.1815,5.662417],[-0.1815,5.662333],[-0.181667,5.662333],[-0.181667,5.662417],[-0.182,5.662417],[-0.182,5.662333],[-0.182083,5.662417],[-0.182333,5.662417],[-0.1825,5.66225],[-0.1825,5.662083],[-0.182667,5.662083],[-0.182667,5.66225],[-0.182583,5.66225],[-0.182583,5.66375],[-0.182667,5.663833],[-0.182583,5.663833],[-0.1825,5.664083],[-0.182333,5.663917],[-0.18225,5.664],[-0.182083,5.663833]]]}},{"type":"Feature","properties":{"class":"built_up","ha":0.95},"geometry":{"type":"Polygon","coordinates":[[[-0.17925,5.630833],[-0.179417,5.630833],[-0.179833,5.630417],[-0.180083,5.630417],[-0.180083,5.630333],[-0.1805,5.630333],[-0.180583,5.630417],[-0.180583,5.630667],[-0.180417,5.63075],[-0.180417,5.630917],[-0.18025,5.63075],[-0.180083,5.63075],[-0.179667,5.63125],[-0.17925,5.63125],[-0.17925,5.631333],[-0.178917,5.631417],[-0.178833,5.631167],[-0.179167,5.631],[-0.17925,5.630833]]]}},{"type":"Feature","properties":{"class":"built_up","ha":0.34},"geometry":{"type":"Polygon","coordinates":[[[-0.175583,5.644667],[-0.175667,5.644833],[-0.175833,5.644833],[-0.175833,5.645],[-0.175167,5.64525],[-0.175167,5.645083],[-0.17525,5.645083],[-0.17525,5.644833],[-0.175083,5.64475],[-0.175167,5.644583],[-0.175583,5.644667]]]}},{"type":"Feature","properties":{"class":"built_up","ha":19.11},"geometry":{"type":"Polygon","coordinates":[[[-0.174833,5.654583],[-0.174583,5.654667],[-0.1745,5.6545],[-0.174167,5.6545],[-0.174083,5.654333],[-0.17375,5.654333],[-0.173667,5.65425],[-0.173667,5.654],[-0.1735,5.653917],[-0.173583,5.653333],[-0.17375,5.653333],[-0.174,5.653583],[-0.174,5.653917],[-0.17425,5.653917],[-0.17425,5.653583],[-0.174417,5.6535],[-0.174417,5.653083],[-0.174583,5.652917],[-0.174583,5.65275],[-0.174833,5.652583],[-0.174833,5.652417],[-0.174667,5.65225],[-0.1745,5.65225],[-0.174417,5.652333],[-0.174417,5.652583],[-0.1745,5.652583],[-0.174417,5.652917],[-0.17425,5.652917],[-0.174167,5.653083],[-0.173833,5.653167],[-0.173667,5.653],[-0.17375,5.652583],[-0.1735,5.6525],[-0.1735,5.652417],[-0.173083,5.6525],[-0.172667,5.652083],[-0.1725,5.652083],[-0.172333,5.651917],[-0.172333,5.651667],[-0.171833,5.65125],[-0.171917,5.651],[-0.17175,5.651],[-0.171833,5.650667],[-0.172083,5.6505],[-0.171833,5.65025],[-0.171917,5.650083],[-0.172083,5.650083],[-0.172083,5.65],[-0.171833,5.649917],[-0.171833,5.64975],[-0.172083,5.6495],[-0.172333,5.6495],[-0.172333,5.649417],[-0.1725,5.649417],[-0.1725,5.649333],[-0.172667,5.649333],[-0.172667,5.64925],[-0.172917,5.649167],[-0.173,5.649417],[-0.17275,5.649417],[-0.17275,5.649583],[-0.172833,5.649583],[-0.17275,5.64975],[-0.1725,5.6495],[-0.172333,5.649583],[-0.172417,5.649833],[-0.172583,5.649917],[-0.172583,5.650083],[-0.172833,5.650167],[-0.172833,5.650083],[-0.173083,5.65],[-0.173083,5.64975],[-0.173167,5.64975],[-0.17325,5.649417],[-0.173667,5.64925],[-0.173417,5.649],[-0.1735,5.64875],[-0.173333,5.648583],[-0.173333,5.648333],[-0.173417,5.648333],[-0.173333,5.648083],[-0.1735,5.648083],[-0.173917,5.647667],[-0.17425,5.647917],[-0.17425,5.648167],[-0.174333,5.64825],[-0.174833,5.64825],[-0.174833,5.648167],[-0.175083,5.64825],[-0.175083,5.648583],[-0.175,5.648667],[-0.174833,5.648667],[-0.174667,5.6485],[-0.174417,5.6485],[-0.174417,5.648917],[-0.175,5.648917],[-0.175083,5.649],[-0.175,5.649083],[-0.175083,5.649333],[-0.175417,5.649167],[-0.175583,5.649333],[-0.175667,5.64975],[-0.176167,5.649667],[-0.176083,5.649917],[-0.176333,5.650083],[-0.176333,5.650417],[-0.1765,5.650583],[-0.176167,5.650917],[-0.176167,5.651],[-0.176333,5.651],[-0.176333,5.651167],[-0.176083,5.65125],[-0.176083,5.651417],[-0.176167,5.651333],[-0.176417,5.651417],[-0.176417,5.65175],[-0.176,5.652083],[-0.176,5.65225],[-0.176083,5.652167],[-0.1765,5.652167],[-0.176583,5.65225],[-0.176583,5.652833],[-0.1765,5.652833],[-0.1765,5.653],[-0.176583,5.653],[-0.176583,5.653167],[-0.1765,5.653167],[-0.1765,5.653333],[-0.176583,5.653333],[-0.1765,5.65375],[-0.176583,5.65375],[-0.176583,5.653917],[-0.176333,5.654],[-0.176333,5.654167],[-0.176167,5.65425],[-0.176083,5.6545],[-0.175833,5.6545],[-0.175833,5.654583],[-0.175667,5.654583],[-0.1755,5.65475],[-0.175417,5.655167],[-0.175083,5.655083],[-0.175,5.655],[-0.175,5.65475],[-0.174833,5.654583]],[[-0.175417,5.653917],[-0.175333,5.654167],[-0.175167,5.654167],[-0.175167,5.654333],[-0.175333,5.654333],[-0.175417,5.654167],[-0.175667,5.654083],[-0.175667,5.653833],[-0.1755,5.653833],[-0.175417,5.653917]],[[-0.174417,5.653917],[-0.1745,5.654167],[-0.174833,5.654167],[-0.174917,5.654083],[-0.174917,5.653917],[-0.174667,5.653667],[-0.174417,5.653917]],[[-0.175833,5.653667],[-0.175833,5.65375],[-0.176,5.65375],[-0.176,5.653667],[-0.175833,5.653667]],[[-0.17475,5.653167],[-0.17475,5.653417],[-0.175,5.653583],[-0.175,5.6535],[-0.175167,5.6535],[-0.175333,5.653],[-0.174833,5.653],[-0.174833,5.653167],[-0.17475,5.653167]],[[-0.175917,5.653167],[-0.17575,5.653167],[-0.175833,5.653333],[-0.176,5.653333],[-0.175917,5.653167]],[[-0.17575,5.652667],[-0.175667,5.652417],[-0.175417,5.652417],[-0.175417,5.652667],[-0.1755,5.65275],[-0.17575,5.652667]],[[-0.173333,5.651417],[-0.173083,5.651417],[-0.173083,5.651833],[-0.173417,5.652],[-0.1735,5.65225],[-0.173667,5.65225],[-0.173667,5.652083],[-0.173583,5.652083],[-0.173667,5.651667],[-0.173417,5.651583],[-0.173333,5.651417]],[[-0.174167,5.652],[-0.174167,5.651833],[-0.174,5.651917],[-0.174,5.652083],[-0.174167,5.652]],[[-0.17425,5.65175],[-0.174583,5.65175],[-0.17475,5.651583],[-0.17475,5.651417],[-0.174667,5.6515],[-0.174417,5.6515],[-0.17425,5.65175]],[[-0.172583,5.651333],[-0.172583,5.651167],[-0.172417,5.651167],[-0.1725,5.6515],[-0.172667,5.6515],[-0.172667,5.651333],[-0.172583,5.651333]],[[-0.173583,5.651417],[-0.174167,5.651333],[-0.17425,5.651167],[-0.174417,5.651167],[-0.174583,5.651],[-0.1745,5.6505],[-0.17475,5.6505],[-0.174833,5.650833],[-0.175,5.651],[-0.175167,5.651],[-0.175167,5.650917],[-0.175,5.65075],[-0.175,5.650417],[-0.174917,5.650333],[-0.174583,5.650333],[-0.174417,5.65],[-0.174167,5.65],[-0.174167,5.649917],[-0.174,5.649917],[-0.174,5.650167],[-0.174083,5.650167],[-0.174,5.650583],[-0.174083,5.650667],[-0.173833,5.650667],[-0.173917,5.650333],[-0.173583,5.650333],[-0.1735,5.65025],[-0.173583,5.650167],[-0.173583,5.649917],[-0.173417,5.649917],[-0.173333,5.650083],[-0.173083,5.650083],[-0.173,5.650167],[-0.173,5.650417],[-0.172917,5.650417],[-0.173083,5.650583],[-0.173083,5.651],[-0.17325,5.651167],[-0.173417,5.651167],[-0.173583,5.651417]],[[-0.172667,5.650333],[-0.172333,5.650417],[-0.1725,5.65075],[-0.172833,5.65075],[-0.172917,5.650667],[-0.172917,5.6505],[-0.172667,5.650333]],[[-0.175083,5.64975],[-0.174917,5.6495],[-0.174667,5.649667],[-0.174583,5.649583],[-0.174583,5.649333],[-0.174167,5.648917],[-0.174,5.648917],[-0.173833,5.649083],[-0.173833,5.64925],[-0.17375,5.64925],[-0.17375,5.649583],[-0.173833,5.649667],[-0.174,5.649667],[-0.174083,5.649583],[-0.174083,5.64925],[-0.17425,5.64925],[-0.17425,5.649667],[-0.174417,5.64975],[-0.174417,5.649917],[-0.174583,5.649917],[-0.174583,5.65],[-0.174917,5.650083],[-0.174917,5.650167],[-0.175083,5.650083],[-0.175083,5.65025],[-0.175417,5.650167],[-0.1755,5.65025],[-0.175417,5.6505],[-0.175583,5.650583],[-0.175667,5.6505],[-0.175667,5.65025],[-0.175833,5.650083],[-0.175667,5.649917],[-0.17525,5.649833],[-0.17525,5.64975],[-0.175083,5.64975]],[[-0.176,5.650417],[-0.176167,5.650417],[-0.176167,5.650167],[-0.175833,5.650167],[-0.176,5.650417]]]}},{"type":"Feature","properties":{"class":"bare","ha":0.6},"geometry":{"type":"Polygon","coordinates":[[[-0.1695,5.653333],[-0.169583,5.653167],[-0.169917,5.653083],[-0.17025,5.652667],[-0.1705,5.652667],[-0.1705,5.653167],[-0.170417,5.653167],[-0.170417,5.653333],[-0.170167,5.653333],[-0.17,5.653583],[-0.169667,5.6535],[-0.1695,5.653333]]]}},{"type":"Feature","properties":{"class":"bare","ha":0.29},"geometry":{"type":"Polygon","coordinates":[[[-0.17325,5.658583],[-0.1735,5.658583],[-0.173667,5.65875],[-0.173667,5.658917],[-0.1735,5.659083],[-0.17325,5.659083],[-0.17325,5.659],[-0.173083,5.659],[-0.173083,5.65875],[-0.17325,5.658583]]]}}]}