{"type":"FeatureCollection","metadata":{"source":"Overture Maps Foundation release 2026-09-23.1","license":"CDLA-Permissive-2.0","note":"named places (Meta, Microsoft, Foursquare, AllThePlaces) within ~130 m of the campus"},"features":[{"type":"Feature","properties":{"name":"National Accreditation Board","category":"government_office","confidence":0.824,"dataset":"meta","id":"16c6deef-6195-42d9-beb9-e8a8713be400"},"geometry":{"type":"Point","coordinates":[-0.170454,5.645455]}},{"type":"Feature","properties":{"name":"Chartered Institute of Bankers","category":"education","confidence":0.888,"dataset":"meta","id":"5a7de940-6cd8-4cd4-b2a9-4c6d6d9a7608"},"geometry":{"type":"Point","coordinates":[-0.170508,5.643834]}},{"type":"Feature","properties":{"name":"Institute of Chartered Accountants, Ghana","category":"college_university","confidence":0.871,"dataset":"meta","id":"c32c3763-5f6e-4f50-84c4-a6fa87648011"},"geometry":{"type":"Point","coordinates":[-0.170705,5.642915]}},{"type":"Feature","properties":{"name":"Law And Development Associates (LADA)","category":"professional_service","confidence":0.831,"dataset":"meta","id":"b7bf13d7-4a29-4ad0-a7d5-4e5ee566ab66"},"geometry":{"type":"Point","coordinates":[-0.176692,5.643202]}},{"type":"Feature","properties":{"name":"Tema Country Club","category":"golf_course","confidence":0.494,"dataset":"meta","id":"04349d0b-94c7-4af0-86e9-90b744150d03"},"geometry":{"type":"Point","coordinates":[-0.181934,5.643916]}},{"type":"Feature","properties":{"name":"Believers Citadel International","category":"christian_place_of_worship","confidence":0.527,"dataset":"meta","id":"fc224947-c50a-4e77-9aba-e8da36d5ac39"},"geometry":{"type":"Point","coordinates":[-0.18275,5.64268]}},{"type":"Feature","properties":{"name":"Ecobank Legon Main Branch","category":"bank_or_credit_union","confidence":0.647,"dataset":"meta","id":"b5577fa3-e01d-4bd4-87cf-f1803e0d480e"},"geometry":{"type":"Point","coordinates":[-0.184687,5.642637]}},{"type":"Feature","properties":{"name":"International Programmes Office, University of  Ghana","category":"college_university","confidence":0.677,"dataset":"meta","id":"9e784d23-6039-48f6-b15a-6e53242fa4c4"},"geometry":{"type":"Point","coordinates":[-0.1845,5.64279]}},{"type":"Feature","properties":{"name":"HFC Bank","category":"bank_or_credit_union","confidence":0.669,"dataset":"meta","id":"2d830d64-540e-40be-8ab6-8e8ba56eed93"},"geometry":{"type":"Point","coordinates":[-0.184902,5.643316]}},{"type":"Feature","properties":{"name":"University Of Ghana","category":"financial_service","confidence":0.43,"dataset":"meta","id":"abda585e-386a-4334-82ce-15598de73b10"},"geometry":{"type":"Point","coordinates":[-0.185844,5.643289]}},{"type":"Feature","properties":{"name":"Department of Geography and Resource Development, University of Ghana","category":"college_university","confidence":0.568,"dataset":"meta","id":"324effef-870c-4bc4-90ca-d6004b96f477"},"geometry":{"type":"Point","coordinates":[-0.188195,5.642518]}},{"type":"Feature","properties":{"name":"University Basic School","category":"elementary_school","confidence":0.943,"dataset":"meta","id":"307c3190-310f-4a2e-a5e2-c9dd41012871"},"geometry":{"type":"Point","coordinates":[-0.188058,5.642702]}},{"type":"Feature","properties":{"name":"Valco Trust Hostel","category":"lodging","confidence":0.834,"dataset":"meta","id":"d8e225ac-2705-40a5-a5c9-cecb190d0243"},"geometry":{"type":"Point","coordinates":[-0.186775,5.644176]}},{"type":"Feature","properties":{"name":"FM perfumes and more Hub.","category":"shopping","confidence":0.536,"dataset":"meta","id":"5e68cb43-8ded-4b72-b7e4-a333fc7bad33"},"geometry":{"type":"Point","coordinates":[-0.190245,5.644654]}},{"type":"Feature","properties":{"name":"Executive Centre For Postgraduate Studies","category":"college_university","confidence":0.547,"dataset":"meta","id":"91d05dfd-e35e-4b1d-8004-c23901ae1ce2"},"geometry":{"type":"Point","coordinates":[-0.190046,5.644613]}},{"type":"Feature","properties":{"name":"Benali-Evergreen Fast Food Prampram","category":"professional_service","confidence":0.555,"dataset":"meta","id":"6a420eb1-a2f0-4971-a744-e081fe56eead"},"geometry":{"type":"Point","coordinates":[-0.191138,5.644885]}},{"type":"Feature","properties":{"name":"University of Ghana Guest Centre","category":"hotel","confidence":0.795,"dataset":"meta","id":"ab81c052-0657-4ada-8be7-2f98ff23732c"},"geometry":{"type":"Point","coordinates":[-0.189585,5.64501]}},{"type":"Feature","properties":{"name":"Crystal Eye Clinic","category":"fashion_and_apparel_store","confidence":0.524,"dataset":"meta","id":"b6f1cfdf-a523-4823-ae17-92bb9bc05a48"},"geometry":{"type":"Point","coordinates":[-0.186999,5.6447]}},{"type":"Feature","properties":{"name":"Ajax Park","category":"sport_field","confidence":0.457,"dataset":"meta","id":"2117cf7a-05f0-4138-b45d-6a31a4391f49"},"geometry":{"type":"Point","coordinates":[-0.1813,5.644566]}},{"type":"Feature","properties":{"name":"The Church of Pentecost - Ebenezer Assembly, Madina-Accra.","category":"religious_organization","confidence":0.634,"dataset":"meta","id":"b718213a-1a51-416b-ac81-7bbe123c8803"},"geometry":{"type":"Point","coordinates":[-0.18357,5.64489]}},{"type":"Feature","properties":{"name":"STANDARD HOME TUITION | SAT/IELTS/IGCSE/A-LEVEL/IB /WASSCE /GRE | Primary - Secondary | Best Home Tutors In Ghana","category":"tutoring_service","confidence":0.85,"dataset":"Microsoft","id":"4397d40b-4959-4c56-9b0f-1dd3fd230077"},"geometry":{"type":"Point","coordinates":[-0.179783,5.64591]}},{"type":"Feature","properties":{"name":"Center for Sustainable and Efficient Energy Technologies","category":"research_institute","confidence":0.505,"dataset":"meta","id":"15ed04cb-02e7-4af1-9608-6e44d344e983"},"geometry":{"type":"Point","coordinates":[-0.187183,5.64597]}},{"type":"Feature","properties":{"name":"Mensah Sarbah Hall","category":"lodging","confidence":0.764,"dataset":"meta","id":"b7db5248-8523-489a-aaba-1a41f25b1511"},"geometry":{"type":"Point","coordinates":[-0.18679,5.645809]}},{"type":"Feature","properties":{"name":"Sarbah annex C","category":"lodging","confidence":0.443,"dataset":"meta","id":"a85541eb-48a9-438b-8880-cf7121ed7ecb"},"geometry":{"type":"Point","coordinates":[-0.185397,5.645563]}},{"type":"Feature","properties":{"name":"Gonja Park","category":"sport_field","confidence":0.467,"dataset":"meta","id":"49f02aea-3177-457b-bcfd-786165035885"},"geometry":{"type":"Point","coordinates":[-0.18547,5.645465]}},{"type":"Feature","properties":{"name":"Mensah Sarbah Dining Hall","category":"restaurant","confidence":0.479,"dataset":"meta","id":"7dd49621-4a6c-445d-a475-8547f5b7b31e"},"geometry":{"type":"Point","coordinates":[-0.187092,5.645339]}},{"type":"Feature","properties":{"name":"Universit\u00e9 Thrivus de Sciences et Technologies Biom\u00e9dicales","category":"research_institute","confidence":0.551,"dataset":"meta","id":"140c47cb-b93c-43fe-ad76-d18f5c1d7f96"},"geometry":{"type":"Point","coordinates":[-0.187,5.64522]}},{"type":"Feature","properties":{"name":"Crafty Web Solutions","category":"design_service","confidence":0.14,"dataset":"meta","id":"6a87dc8b-e1ae-4df8-b2e5-1455b05d96c1"},"geometry":{"type":"Point","coordinates":[-0.18833,5.64668]}},{"type":"Feature","properties":{"name":"Legon Hall Annex B","category":"lodging","confidence":0.587,"dataset":"meta","id":"31bb7a5a-9283-4a2a-89df-2499d8986ffe"},"geometry":{"type":"Point","coordinates":[-0.18834,5.646885]}},{"type":"Feature","properties":{"name":"Craft Multimedia Services","category":"design_service","confidence":0.342,"dataset":"meta","id":"98273b61-64c0-4583-95f5-61ede96db882"},"geometry":{"type":"Point","coordinates":[-0.188744,5.646815]}},{"type":"Feature","properties":{"name":"Just Burgers (Legon Annex A)","category":"restaurant","confidence":0.16,"dataset":"meta","id":"f036de9e-fbeb-46db-a662-e85cd152c09f"},"geometry":{"type":"Point","coordinates":[-0.18863,5.647665]}},{"type":"Feature","properties":{"name":"Mafi Kumase Senior High School-MAKSTEC","category":"high_school","confidence":0.945,"dataset":"meta","id":"b3130732-21cf-47a3-81b2-275644c7c480"},"geometry":{"type":"Point","coordinates":[-0.187676,5.64753]}},{"type":"Feature","properties":{"name":"SRC Union Building. UG, Legon","category":"campus_building","confidence":0.706,"dataset":"meta","id":"d7d3ac33-7731-4555-83d1-2f09f6766d42"},"geometry":{"type":"Point","coordinates":[-0.187616,5.647026]}},{"type":"Feature","properties":{"name":"Ka-Bell Laundry & Dry Cleaning","category":"laundry_service","confidence":0.605,"dataset":"meta","id":"f2c6bd33-b8df-4727-9651-f5685f6473e7"},"geometry":{"type":"Point","coordinates":[-0.17977,5.64774]}},{"type":"Feature","properties":{"name":"Hina Fabrics","category":"arts_crafts_and_hobby_store","confidence":0.114,"dataset":"meta","id":"9b366c46-149f-4f63-99d1-33fd7d61fca7"},"geometry":{"type":"Point","coordinates":[-0.17977,5.64774]}},{"type":"Feature","properties":{"name":"Auto Lux Port","category":"auto_dealer","confidence":0.68,"dataset":"meta","id":"552a6948-9948-441f-b336-17c1648272a1"},"geometry":{"type":"Point","coordinates":[-0.17977,5.64774]}},{"type":"Feature","properties":{"name":"Maudshezzle","category":"fashion_and_apparel_store","confidence":0.742,"dataset":"meta","id":"a4363c0d-387d-4d25-a14c-f643953287b4"},"geometry":{"type":"Point","coordinates":[-0.17977,5.64774]}},{"type":"Feature","properties":{"name":"Gecorp LLC","category":"auto_dealer","confidence":0.554,"dataset":"meta","id":"3458a6a5-d4bf-4798-a0e3-35215573d4ac"},"geometry":{"type":"Point","coordinates":[-0.17977,5.64774]}},{"type":"Feature","properties":{"name":"IPMC Shiashi","category":"specialty_school","confidence":0.921,"dataset":"meta","id":"8cc07693-83a2-4052-bef0-4f8286527c07"},"geometry":{"type":"Point","coordinates":[-0.17977,5.64774]}},{"type":"Feature","properties":{"name":"Banbo Insurance Brokers","category":"financial_service","confidence":0.699,"dataset":"meta","id":"27bf1c02-9961-4fcf-a000-ec929e3261a7"},"geometry":{"type":"Point","coordinates":[-0.17977,5.64774]}},{"type":"Feature","properties":{"name":"Groovy Kidz Playground & Events","category":"park","confidence":0.549,"dataset":"meta","id":"59704c77-2538-4d9f-aafa-a41fb61698f8"},"geometry":{"type":"Point","coordinates":[-0.17977,5.64774]}},{"type":"Feature","properties":{"name":"Hantta Ghana Autos","category":"auto_dealer","confidence":0.651,"dataset":"meta","id":"3bfe0e17-68c5-4506-affe-b5b5c1894a44"},"geometry":{"type":"Point","coordinates":[-0.17977,5.64774]}},{"type":"Feature","properties":{"name":"ICB","category":"technical_service","confidence":0.257,"dataset":"meta","id":"4fc2d412-632a-4f59-8a6a-f948e2622807"},"geometry":{"type":"Point","coordinates":[-0.17977,5.64774]}},{"type":"Feature","properties":{"name":"The CV Hub","category":"professional_service","confidence":0.26,"dataset":"meta","id":"c579ab77-87f8-4986-9821-51112849439b"},"geometry":{"type":"Point","coordinates":[-0.17977,5.64774]}},{"type":"Feature","properties":{"name":"5 STARS Tattoo","category":"personal_or_beauty_service","confidence":0.582,"dataset":"meta","id":"264b07aa-fb92-4b2a-9981-51a894181b4c"},"geometry":{"type":"Point","coordinates":[-0.17977,5.64774]}},{"type":"Feature","properties":{"name":"e- Ananse","category":"library","confidence":0.587,"dataset":"meta","id":"8858ac94-acbd-410f-b788-3f9d2f8a32b0"},"geometry":{"type":"Point","coordinates":[-0.17977,5.64774]}},{"type":"Feature","properties":{"name":"ZeaHomes","category":"real_estate_service","confidence":0.54,"dataset":"meta","id":"815755f9-f15e-4564-897f-211fb49292b8"},"geometry":{"type":"Point","coordinates":[-0.17977,5.64774]}},{"type":"Feature","properties":{"name":"EbenezerPentecostal FamilyMinistry_Nsawam","category":"christian_place_of_worship","confidence":0.568,"dataset":"meta","id":"c37c2ce7-40b8-4bff-9d74-f79023a66867"},"geometry":{"type":"Point","coordinates":[-0.17977,5.64774]}},{"type":"Feature","properties":{"name":"The Restorers Chapel","category":"religious_organization","confidence":0.591,"dataset":"meta","id":"70d9e5be-c5c3-489d-b589-616e1a4a3f03"},"geometry":{"type":"Point","coordinates":[-0.17977,5.64774]}},{"type":"Feature","properties":{"name":"Institute of Fitness Ghana","category":"sport_or_fitness_facility","confidence":0.512,"dataset":"meta","id":"23c34c06-72ee-461f-8f55-2a2b12ecd2e2"},"geometry":{"type":"Point","coordinates":[-0.17977,5.64774]}},{"type":"Feature","properties":{"name":"The Sanneh Institute","category":"religious_organization","confidence":0.521,"dataset":"meta","id":"c5d99b3c-b356-4c86-b018-ed4a250acfa9"},"geometry":{"type":"Point","coordinates":[-0.17977,5.64774]}},{"type":"Feature","properties":{"name":"Sam's Cottage","category":"hotel","confidence":0.761,"dataset":"meta","id":"ba68b71f-372d-4157-bb72-aa2255e2c1c6"},"geometry":{"type":"Point","coordinates":[-0.17977,5.64774]}},{"type":"Feature","properties":{"name":"BFempire.com","category":"personal_or_beauty_service","confidence":0.494,"dataset":"meta","id":"3070abe5-6d27-4c1c-916d-d70097df3795"},"geometry":{"type":"Point","coordinates":[-0.17977,5.64774]}},{"type":"Feature","properties":{"name":"Glo Rainbow Community School ","category":"place_of_learning","confidence":0.873,"dataset":"meta","id":"f7b8a01f-cab8-447f-b427-47b60637c13b"},"geometry":{"type":"Point","coordinates":[-0.17971,5.64752]}},{"type":"Feature","properties":{"name":"Elvann Properties","category":"real_estate_service","confidence":0.545,"dataset":"meta","id":"de88161a-1640-41a7-9e76-b104ea56a62f"},"geometry":{"type":"Point","coordinates":[-0.17971,5.64752]}},{"type":"Feature","properties":{"name":"Illuminati Brotherhood Society GHANA","category":"social_or_community_service","confidence":0.347,"dataset":"meta","id":"3c757b81-0224-4f73-bd45-48bcf90fb860"},"geometry":{"type":"Point","coordinates":[-0.17971,5.64752]}},{"type":"Feature","properties":{"name":"Holy Transfiguration Orthodox Cathedral, Accra","category":"religious_organization","confidence":0.617,"dataset":"meta","id":"9bb73493-7df3-40f6-bf30-952e3b141d09"},"geometry":{"type":"Point","coordinates":[-0.17971,5.64752]}},{"type":"Feature","properties":{"name":"L'Amour Eventz","category":"event_or_party_service","confidence":0.608,"dataset":"meta","id":"f158dd55-2b5d-4996-8730-a02fb23fcecc"},"geometry":{"type":"Point","coordinates":[-0.17971,5.64752]}},{"type":"Feature","properties":{"name":"Baldwin University College - Language Centre","category":"specialty_school","confidence":0.543,"dataset":"meta","id":"0d0e8a35-1c9b-40cd-b4e3-df19e40e8a96"},"geometry":{"type":"Point","coordinates":[-0.17971,5.64752]}},{"type":"Feature","properties":{"name":"Bolga","category":"fashion_and_apparel_store","confidence":0.185,"dataset":"meta","id":"658387b5-2099-4c9f-803d-b1761ffdd4ec"},"geometry":{"type":"Point","coordinates":[-0.17971,5.64752]}},{"type":"Feature","properties":{"name":"Holy Church of Paradise","category":"christian_place_of_worship","confidence":0.588,"dataset":"meta","id":"496f5cc0-0bac-4018-98f5-8f81c3b44a86"},"geometry":{"type":"Point","coordinates":[-0.17969,5.64741]}},{"type":"Feature","properties":{"name":"Kephas Online Radio & TV","category":"media_service","confidence":0.526,"dataset":"meta","id":"93573f8f-6be9-4528-942b-f42d84e8f0e3"},"geometry":{"type":"Point","coordinates":[-0.17969,5.64741]}},{"type":"Feature","properties":{"name":"Max International","category":"health_care","confidence":0.711,"dataset":"meta","id":"b05d2598-7bae-4420-8323-bc661febce96"},"geometry":{"type":"Point","coordinates":[-0.17969,5.64741]}},{"type":"Feature","properties":{"name":"Afrimart Atlantic Limited","category":"professional_service","confidence":0.493,"dataset":"meta","id":"346a26f4-55f7-4d60-9f0e-547bc371f337"},"geometry":{"type":"Point","coordinates":[-0.17969,5.64741]}},{"type":"Feature","properties":{"name":"Rimiles","category":"fashion_and_apparel_store","confidence":0.287,"dataset":"meta","id":"4fab2bd9-27b9-4425-99c0-00a9cda47d4e"},"geometry":{"type":"Point","coordinates":[-0.17969,5.64741]}},{"type":"Feature","properties":{"name":"Lush and lilies","category":"flowers_and_gifts_store","confidence":0.393,"dataset":"meta","id":"4b6b6fc6-22a2-48c9-827f-a6cb11023027"},"geometry":{"type":"Point","coordinates":[-0.17969,5.64741]}},{"type":"Feature","properties":{"name":"Da Plug Game House","category":"books_music_and_video_store","confidence":0.772,"dataset":"meta","id":"ce80078e-11dc-40f8-ab2c-bef51fe2ef4b"},"geometry":{"type":"Point","coordinates":[-0.17969,5.64741]}},{"type":"Feature","properties":{"name":"Mishvet Veterinary Services- Accra","category":"animal_or_pet_service","confidence":0.67,"dataset":"meta","id":"a520e9bf-7016-4b96-9255-b476c3b51896"},"geometry":{"type":"Point","coordinates":[-0.17969,5.64741]}},{"type":"Feature","properties":{"name":"Robo Jewelry","category":"shopping","confidence":0.24,"dataset":"meta","id":"b00e0f48-cd69-4b51-b63a-001b6cce3ede"},"geometry":{"type":"Point","coordinates":[-0.17969,5.64741]}},{"type":"Feature","properties":{"name":"Influencer Africa","category":"professional_service","confidence":0.23,"dataset":"meta","id":"4d2f6652-6a33-4958-8eab-37dcddb2cdc4"},"geometry":{"type":"Point","coordinates":[-0.17969,5.64741]}},{"type":"Feature","properties":{"name":"BDZ Properties","category":"real_estate_service","confidence":0.528,"dataset":"meta","id":"e8157557-8bab-4d74-a711-330979d33cd1"},"geometry":{"type":"Point","coordinates":[-0.17969,5.64741]}},{"type":"Feature","properties":{"name":"Ab\u00e8nair Babysuits and more","category":"fashion_and_apparel_store","confidence":0.344,"dataset":"meta","id":"a319ba57-401c-4eed-9037-8cb3ca96a675"},"geometry":{"type":"Point","coordinates":[-0.17969,5.64741]}},{"type":"Feature","properties":{"name":"Getandpay","category":"civic_organization","confidence":0.5,"dataset":"meta","id":"53f492e2-27d2-4df1-aa61-a072f138b571"},"geometry":{"type":"Point","coordinates":[-0.17969,5.64741]}},{"type":"Feature","properties":{"name":"Evard Concepts","category":"printing_service","confidence":0.619,"dataset":"meta","id":"cb963cae-0736-4b64-956f-749d184adc4f"},"geometry":{"type":"Point","coordinates":[-0.17969,5.64741]}},{"type":"Feature","properties":{"name":"Ma Petite _GH","category":"shopping","confidence":0.507,"dataset":"meta","id":"a4a67568-0e4f-4255-b990-9cd34e0b36c7"},"geometry":{"type":"Point","coordinates":[-0.17969,5.64741]}},{"type":"Feature","properties":{"name":"Comf-Kud Enterprise","category":"b2b_transportation_and_storage_service","confidence":0.526,"dataset":"meta","id":"8584dfcf-055a-47bf-a166-c3bfbf5353b2"},"geometry":{"type":"Point","coordinates":[-0.17969,5.64741]}},{"type":"Feature","properties":{"name":"Kayzoe","category":"shopping","confidence":0.401,"dataset":"meta","id":"dc514bcb-08f7-4aa0-b4e9-988afe28619a"},"geometry":{"type":"Point","coordinates":[-0.17969,5.64741]}},{"type":"Feature","properties":{"name":"Dakota Edutablets Ghana","category":null,"confidence":0.495,"dataset":"meta","id":"3302ff31-03fe-4511-8d70-9c4f8297b883"},"geometry":{"type":"Point","coordinates":[-0.17969,5.64741]}},{"type":"Feature","properties":{"name":"Lasu Lo Gh","category":"restaurant","confidence":0.833,"dataset":"meta","id":"31977d78-3251-4bb4-8aef-a05d03575bf4"},"geometry":{"type":"Point","coordinates":[-0.17969,5.64741]}},{"type":"Feature","properties":{"name":"Domla Group","category":"building_or_construction_service","confidence":0.573,"dataset":"meta","id":"d82ac97a-0982-465f-962a-a7e54951714d"},"geometry":{"type":"Point","coordinates":[-0.17969,5.64741]}},{"type":"Feature","properties":{"name":"Mobile Doctors Ghana Ltd","category":"media_service","confidence":0.718,"dataset":"meta","id":"301be1ec-1eb1-4eae-8036-b0779cad92e5"},"geometry":{"type":"Point","coordinates":[-0.17969,5.64741]}},{"type":"Feature","properties":{"name":"Boulevard Menswear","category":"fashion_and_apparel_store","confidence":0.46,"dataset":"meta","id":"9618d226-c1b5-40d5-88fb-4122cd1d2ebe"},"geometry":{"type":"Point","coordinates":[-0.17969,5.64741]}},{"type":"Feature","properties":{"name":"Trenor Coats and Gowns Limited","category":"fashion_and_apparel_store","confidence":0.812,"dataset":"meta","id":"6d821c15-4ef5-4908-8448-ebe69988aec6"},"geometry":{"type":"Point","coordinates":[-0.17969,5.64741]}},{"type":"Feature","properties":{"name":"Chief One","category":null,"confidence":0.289,"dataset":"meta","id":"961058fd-82f2-440e-aea3-42583b70f00a"},"geometry":{"type":"Point","coordinates":[-0.17969,5.64741]}},{"type":"Feature","properties":{"name":"Legon Centre for International Affairs and Diplomacy-LECIAD","category":"research_institute","confidence":0.721,"dataset":"meta","id":"50435349-6908-4d60-9203-6ebb62b7784a"},"geometry":{"type":"Point","coordinates":[-0.17969,5.64741]}},{"type":"Feature","properties":{"name":"Institute of Environmental Assessment","category":"research_institute","confidence":0.693,"dataset":"meta","id":"f07fcd8a-2708-470f-b480-52ebae98adcf"},"geometry":{"type":"Point","coordinates":[-0.17969,5.64741]}},{"type":"Feature","properties":{"name":"Toms Automobile Ltd","category":"wellness_service","confidence":0.581,"dataset":"meta","id":"1bd67a40-1033-460c-80b4-071ec6554cb9"},"geometry":{"type":"Point","coordinates":[-0.17969,5.64741]}},{"type":"Feature","properties":{"name":"Patupa online store","category":"shopping","confidence":0.433,"dataset":"meta","id":"1382f9a7-983f-482e-960b-a560a73aeb8d"},"geometry":{"type":"Point","coordinates":[-0.17969,5.64741]}},{"type":"Feature","properties":{"name":"Bida Events & Rental Services","category":"arts_crafts_and_hobby_store","confidence":0.456,"dataset":"meta","id":"eada5ae8-208d-467a-9ac2-ac072cb66080"},"geometry":{"type":"Point","coordinates":[-0.17969,5.64741]}},{"type":"Feature","properties":{"name":"Yeboah Hospital","category":"hospital","confidence":0.925,"dataset":"meta","id":"ec672707-1a8d-4b67-b4d8-870afdd516ac"},"geometry":{"type":"Point","coordinates":[-0.17969,5.64741]}},{"type":"Feature","properties":{"name":"\u0186dade\u025b Alumni and Mentorship Center","category":"education","confidence":0.551,"dataset":"meta","id":"52f1c5e2-36ff-43da-b61b-833adf921519"},"geometry":{"type":"Point","coordinates":[-0.17969,5.64742]}},{"type":"Feature","properties":{"name":"Akenkan Books","category":"library","confidence":0.805,"dataset":"meta","id":"56041284-5c74-4f76-bbde-95d0476b2ccc"},"geometry":{"type":"Point","coordinates":[-0.17969,5.64742]}},{"type":"Feature","properties":{"name":"Celebrity Phones","category":"electronics_store","confidence":0.413,"dataset":"meta","id":"b7dd300e-f0d5-4518-ae4c-a3372fb9c740"},"geometry":{"type":"Point","coordinates":[-0.17969,5.64742]}},{"type":"Feature","properties":{"name":"University of Ghana Arabic Club - UGAC","category":"college_university","confidence":0.589,"dataset":"meta","id":"dcdd43d1-571c-482f-94a3-e71bf7ad2ffa"},"geometry":{"type":"Point","coordinates":[-0.17969,5.64742]}},{"type":"Feature","properties":{"name":"Resurrection Citadel - Legon","category":"christian_place_of_worship","confidence":0.544,"dataset":"meta","id":"4a1b78d8-5c4c-4bcd-b62a-f594341b70fa"},"geometry":{"type":"Point","coordinates":[-0.17969,5.64742]}},{"type":"Feature","properties":{"name":"GNAAS UG","category":"christian_place_of_worship","confidence":0.552,"dataset":"meta","id":"ae5b6fd4-c885-4db6-856e-c1aece0b2e77"},"geometry":{"type":"Point","coordinates":[-0.17969,5.64742]}},{"type":"Feature","properties":{"name":"Presbyterian Worship Centre - Presec Legon","category":"religious_organization","confidence":0.887,"dataset":"meta","id":"b47bee7a-dd36-4eef-a5a3-f25fa92b3782"},"geometry":{"type":"Point","coordinates":[-0.17969,5.64742]}},{"type":"Feature","properties":{"name":"Menada Haircare","category":"wellness_service","confidence":0.374,"dataset":"meta","id":"bfb8c4b3-b0e5-4148-98e8-ceb09401c5b2"},"geometry":{"type":"Point","coordinates":[-0.17969,5.64742]}},{"type":"Feature","properties":{"name":"Chatbots Ghana","category":"technical_service","confidence":0.286,"dataset":"meta","id":"9d04442d-970d-4968-8d32-71b6a348fc20"},"geometry":{"type":"Point","coordinates":[-0.17969,5.64742]}},{"type":"Feature","properties":{"name":"East Legon Methodist Church Choir Ghana","category":"christian_place_of_worship","confidence":0.639,"dataset":"meta","id":"debdeaa7-35c1-4a34-8c0f-56cf4eef3cc9"},"geometry":{"type":"Point","coordinates":[-0.17969,5.64742]}},{"type":"Feature","properties":{"name":"King-Say's DANCE 2 FIT","category":"gym","confidence":0.571,"dataset":"meta","id":"c711c7b6-daa5-4fce-b892-ac313e231a45"},"geometry":{"type":"Point","coordinates":[-0.17942,5.6468]}},{"type":"Feature","properties":{"name":"Asiva Agric Shop","category":"b2b_industrial_and_machine_service","confidence":0.764,"dataset":"meta","id":"e52c051b-e915-4e2d-8cb9-e37fefd853a3"},"geometry":{"type":"Point","coordinates":[-0.17945,5.6468]}},{"type":"Feature","properties":{"name":"Dangme WEST Hospital Complex","category":"hospital","confidence":0.652,"dataset":"meta","id":"3b5a449c-b451-4108-b471-d507a79232e1"},"geometry":{"type":"Point","coordinates":[-0.17945,5.64681]}},{"type":"Feature","properties":{"name":"Believers Pentecostal Church","category":"christian_place_of_worship","confidence":0.856,"dataset":"meta","id":"9ba21a5e-a057-484e-9ac3-f0b4570ff443"},"geometry":{"type":"Point","coordinates":[-0.17945,5.64681]}},{"type":"Feature","properties":{"name":"Adadamu","category":"bar","confidence":0.6,"dataset":"meta","id":"ba502a45-5a3d-428a-a941-78b810dea0ab"},"geometry":{"type":"Point","coordinates":[-0.17942,5.6468]}},{"type":"Feature","properties":{"name":"Royal Valley Estates","category":"real_estate_service","confidence":0.522,"dataset":"meta","id":"1593b84b-bd81-4738-946c-753e8b5702b2"},"geometry":{"type":"Point","coordinates":[-0.17931,5.64681]}},{"type":"Feature","properties":{"name":"The Banner School","category":"place_of_learning","confidence":0.569,"dataset":"meta","id":"a06315ca-a00f-47b1-a9af-e5bad46464ef"},"geometry":{"type":"Point","coordinates":[-0.17921,5.64648]}},{"type":"Feature","properties":{"name":"Potters House Revival Ministry","category":"religious_organization","confidence":0.571,"dataset":"meta","id":"f02ba87a-bb05-4a62-9590-e70e3b615417"},"geometry":{"type":"Point","coordinates":[-0.17921,5.64648]}},{"type":"Feature","properties":{"name":"Pambo Educational Complex ","category":"christian_place_of_worship","confidence":0.524,"dataset":"meta","id":"df216edf-e24b-44fc-80a2-37074276ccf1"},"geometry":{"type":"Point","coordinates":[-0.17921,5.64648]}},{"type":"Feature","properties":{"name":"Gracebay Hotel","category":"hotel","confidence":0.663,"dataset":"meta","id":"b002b781-de92-485d-b78c-5377bbb05ba8"},"geometry":{"type":"Point","coordinates":[-0.17921,5.64648]}},{"type":"Feature","properties":{"name":"Starlight Guesthouse & Pub","category":"hotel","confidence":0.777,"dataset":"meta","id":"b50ddfc3-4b55-49d9-8f27-cebb98a2e7a5"},"geometry":{"type":"Point","coordinates":[-0.17921,5.64648]}},{"type":"Feature","properties":{"name":"GLORY HOUSE of GOD Church Int","category":"religious_organization","confidence":0.544,"dataset":"meta","id":"474a0230-b651-41f3-a2c2-9056e34af86d"},"geometry":{"type":"Point","coordinates":[-0.17921,5.64648]}},{"type":"Feature","properties":{"name":"Paraclete Chaple international","category":"christian_place_of_worship","confidence":0.537,"dataset":"meta","id":"1faf5e70-9382-42dd-85e4-385cb10c9db0"},"geometry":{"type":"Point","coordinates":[-0.17921,5.64648]}},{"type":"Feature","properties":{"name":"Pinnacle Heights Academy","category":"education","confidence":0.753,"dataset":"meta","id":"85819228-39ad-4434-bd3e-fdd467a5b30d"},"geometry":{"type":"Point","coordinates":[-0.17921,5.64648]}},{"type":"Feature","properties":{"name":"Kingdom Life Chapel AG - Amrahia GH","category":"religious_organization","confidence":0.607,"dataset":"meta","id":"a9bfdd8d-45ff-49be-8c6f-916849f8f60a"},"geometry":{"type":"Point","coordinates":[-0.17921,5.64648]}},{"type":"Feature","properties":{"name":"Royals Fragrances & More","category":"wellness_service","confidence":0.301,"dataset":"meta","id":"6e8d1f9b-e141-48c6-a8f5-2e72a95ecad0"},"geometry":{"type":"Point","coordinates":[-0.17921,5.64648]}},{"type":"Feature","properties":{"name":"Crossmark Baptist Church","category":"religious_organization","confidence":0.766,"dataset":"meta","id":"420173fe-f286-460c-be43-1c998c5b26b1"},"geometry":{"type":"Point","coordinates":[-0.17921,5.64648]}},{"type":"Feature","properties":{"name":"JamesLine Furniture","category":"home_service","confidence":0.563,"dataset":"meta","id":"ab3a2252-eb57-451b-b997-163a7d93d298"},"geometry":{"type":"Point","coordinates":[-0.17921,5.64648]}},{"type":"Feature","properties":{"name":"Thalys Spa Hotel.","category":"hotel","confidence":0.52,"dataset":"meta","id":"8624d40b-0875-46a9-a971-033cfa54d489"},"geometry":{"type":"Point","coordinates":[-0.17921,5.64648]}},{"type":"Feature","properties":{"name":"Sunsumpa Gallery ","category":"art_gallery","confidence":0.612,"dataset":"meta","id":"d20f7327-57fe-4937-bdce-ad5dfaa263bb"},"geometry":{"type":"Point","coordinates":[-0.17921,5.64648]}},{"type":"Feature","properties":{"name":"Layoco  Estates Limited","category":"real_estate_service","confidence":0.547,"dataset":"meta","id":"29a7f6d1-cedb-4eb8-8aaf-23e82eea4e89"},"geometry":{"type":"Point","coordinates":[-0.17921,5.64648]}},{"type":"Feature","properties":{"name":"Woodfield Manor Autism School, Ghana","category":"social_or_community_service","confidence":0.563,"dataset":"meta","id":"e42bf0bf-fdb1-4631-84a2-d0ffdbe6a302"},"geometry":{"type":"Point","coordinates":[-0.17921,5.64648]}},{"type":"Feature","properties":{"name":"Dalston Lane Supermarket","category":"food_and_beverage_store","confidence":0.526,"dataset":"meta","id":"f43b10e0-43e5-4437-a783-3afd8f4dff53"},"geometry":{"type":"Point","coordinates":[-0.17921,5.64648]}},{"type":"Feature","properties":{"name":"Africa Centre for Education and Community Development","category":"social_or_community_service","confidence":0.524,"dataset":"meta","id":"e7d0e95f-ace5-467f-a0f9-8ed5db0bc090"},"geometry":{"type":"Point","coordinates":[-0.17921,5.64648]}},{"type":"Feature","properties":{"name":"Omabod Dental & Wellness ","category":"dental_clinic","confidence":0.699,"dataset":"meta","id":"b215d10e-8f7b-44e4-b71e-d80b04da4579"},"geometry":{"type":"Point","coordinates":[-0.17921,5.64648]}},{"type":"Feature","properties":{"name":"SOTA school ","category":"place_of_learning","confidence":0.719,"dataset":"meta","id":"86a40b6e-3819-4686-a823-e32e66dc9ae1"},"geometry":{"type":"Point","coordinates":[-0.17921,5.64648]}},{"type":"Feature","properties":{"name":"Ghanata Senior HIGH School ","category":"place_of_learning","confidence":0.814,"dataset":"meta","id":"0c8a029b-d959-413f-bfbe-dd6918838f13"},"geometry":{"type":"Point","coordinates":[-0.17921,5.64648]}},{"type":"Feature","properties":{"name":"TotalEnergies","category":"gas_station","confidence":0.97,"dataset":"Microsoft","id":"f450b0d0-a2fb-4cb7-bec7-0d36e149df7d"},"geometry":{"type":"Point","coordinates":[-0.178891,5.646893]}},{"type":"Feature","properties":{"name":"Association of African Universities","category":"civic_organization","confidence":0.677,"dataset":"meta","id":"d495e0d5-e7d8-42bf-ad59-3d5e74be66bb"},"geometry":{"type":"Point","coordinates":[-0.170027,5.64632]}},{"type":"Feature","properties":{"name":"Medical Taxi Ghana","category":"health_care","confidence":0.527,"dataset":"meta","id":"d7eafdef-1446-4288-bd1c-429d6ae2a472"},"geometry":{"type":"Point","coordinates":[-0.175416,5.648799]}},{"type":"Feature","properties":{"name":"PKAYD Technologies","category":"electronics_store","confidence":0.65,"dataset":"meta","id":"8768b67c-4854-489d-97d0-2c5dec966d54"},"geometry":{"type":"Point","coordinates":[-0.176936,5.648856]}},{"type":"Feature","properties":{"name":"Legon Bus Station","category":"public_transit_facility_or_service","confidence":0.573,"dataset":"meta","id":"ff9914a8-235f-4464-be62-0c5398b23fe3"},"geometry":{"type":"Point","coordinates":[-0.17918,5.649523]}},{"type":"Feature","properties":{"name":"Institute of African Studies","category":"college_university","confidence":0.909,"dataset":"meta","id":"1542d117-d774-4fca-bf5b-c21eac36f9c5"},"geometry":{"type":"Point","coordinates":[-0.181178,5.649338]}},{"type":"Feature","properties":{"name":"West Africa Centre for Crop Improvement","category":"research_institute","confidence":0.398,"dataset":"meta","id":"b606131a-1689-46c1-af69-53f528c13ea9"},"geometry":{"type":"Point","coordinates":[-0.184303,5.649219]}},{"type":"Feature","properties":{"name":"Legon Campus","category":"college_university","confidence":0.711,"dataset":"meta","id":"e28a858e-9b23-4cad-9ab7-9b92d732a8fb"},"geometry":{"type":"Point","coordinates":[-0.182148,5.649023]}},{"type":"Feature","properties":{"name":"Legon Athletic Oval","category":"arts_and_entertainment","confidence":0.573,"dataset":"meta","id":"3a6a57ce-e6dc-4590-9839-d73c7d5788ad"},"geometry":{"type":"Point","coordinates":[-0.187058,5.648294]}},{"type":"Feature","properties":{"name":"Legon BBall Court","category":"sport_or_fitness_facility","confidence":0.404,"dataset":"meta","id":"eb2cceb7-e3bb-486f-986a-0a8727c8ddf5"},"geometry":{"type":"Point","coordinates":[-0.186646,5.648227]}},{"type":"Feature","properties":{"name":"ICT Directorate","category":"campus_building","confidence":0.373,"dataset":"meta","id":"e88176c2-9f7d-48a8-95c3-46fd363def45"},"geometry":{"type":"Point","coordinates":[-0.185219,5.648125]}},{"type":"Feature","properties":{"name":"Confucius Institute, University of Ghana","category":"college_university","confidence":0.811,"dataset":"meta","id":"6a8c0dc6-d14a-4891-9d72-83ce4270af7e"},"geometry":{"type":"Point","coordinates":[-0.189663,5.648592]}},{"type":"Feature","properties":{"name":"Maison Fran\u00e7aise - University of Ghana","category":"social_or_community_service","confidence":0.873,"dataset":"meta","id":"6926a5e1-ae78-44fb-80f4-111614eb5cce"},"geometry":{"type":"Point","coordinates":[-0.187583,5.649255]}},{"type":"Feature","properties":{"name":"University of Ghana, Legon","category":"college_university","confidence":0.767,"dataset":"meta","id":"8ab10c1b-40fd-4d49-b77d-53794986bd54"},"geometry":{"type":"Point","coordinates":[-0.186744,5.649416]}},{"type":"Feature","properties":{"name":"Akuafo Car Parking Lot","category":"college_university","confidence":0.727,"dataset":"meta","id":"7a288b54-4b0c-4b71-8fe9-9e1097d5f048"},"geometry":{"type":"Point","coordinates":[-0.185249,5.649422]}},{"type":"Feature","properties":{"name":"Vandal Sports-University of Ghana Legon","category":"college_university","confidence":0.556,"dataset":"meta","id":"01822015-1f31-42d1-851d-9b0a9576a834"},"geometry":{"type":"Point","coordinates":[-0.185556,5.649444]}},{"type":"Feature","properties":{"name":"Sarbah Hall","category":"historic_site","confidence":0.822,"dataset":"meta","id":"b768c52d-ca43-4046-bd41-961fe504f1b9"},"geometry":{"type":"Point","coordinates":[-0.185556,5.649444]}},{"type":"Feature","properties":{"name":"Modern languages annex(MLA)","category":"college_university","confidence":0.619,"dataset":"meta","id":"cc4387b2-d626-4fce-af66-29e8b8f71cf4"},"geometry":{"type":"Point","coordinates":[-0.187467,5.649524]}},{"type":"Feature","properties":{"name":"Legon Hall","category":"lodging","confidence":0.965,"dataset":"meta","id":"f07c9f5c-11c6-4009-980b-68d84024912f"},"geometry":{"type":"Point","coordinates":[-0.188486,5.649893]}},{"type":"Feature","properties":{"name":"Tyme Out","category":"fast_food_restaurant","confidence":0.348,"dataset":"meta","id":"ae14a7ca-1de1-4f2a-a114-2f15ca0b38ba"},"geometry":{"type":"Point","coordinates":[-0.188605,5.649872]}},{"type":"Feature","properties":{"name":"Department Of History","category":"education","confidence":0.417,"dataset":"meta","id":"7973366d-23ca-4e19-97bf-a58177eccd44"},"geometry":{"type":"Point","coordinates":[-0.189459,5.650177]}},{"type":"Feature","properties":{"name":"Akuafo Hall","category":"lodging","confidence":0.746,"dataset":"meta","id":"888e43d6-0686-4ff8-abe7-026ac3fde71d"},"geometry":{"type":"Point","coordinates":[-0.185719,5.650457]}},{"type":"Feature","properties":{"name":"Village Canteen","category":"restaurant","confidence":0.402,"dataset":"meta","id":"a98c992b-84f2-44b7-953a-090199265f6d"},"geometry":{"type":"Point","coordinates":[-0.185553,5.650354]}},{"type":"Feature","properties":{"name":"KMC, The Healthy Church","category":"christian_place_of_worship","confidence":0.9,"dataset":"meta","id":"fe9f2c67-6f42-4b0b-aafe-25a995634ea6"},"geometry":{"type":"Point","coordinates":[-0.186162,5.650028]}},{"type":"Feature","properties":{"name":"Akuafo ICT","category":"college_university","confidence":0.602,"dataset":"meta","id":"410a7aeb-62ad-4ee1-86f8-a2a33f5b7897"},"geometry":{"type":"Point","coordinates":[-0.185933,5.649752]}},{"type":"Feature","properties":{"name":"International House","category":"campus_building","confidence":0.574,"dataset":"meta","id":"31af3008-5364-48e7-9a12-c40c27234350"},"geometry":{"type":"Point","coordinates":[-0.185732,5.649798]}},{"type":"Feature","properties":{"name":"Urban Green","category":"agricultural_service","confidence":0.538,"dataset":"meta","id":"5f3defd6-b888-47c9-8383-20c114c9bd8b"},"geometry":{"type":"Point","coordinates":[-0.183333,5.65]}},{"type":"Feature","properties":{"name":"Department of Theatre Arts, University of Ghana","category":"theatre_venue","confidence":0.697,"dataset":"meta","id":"995d80f8-1057-4278-b01c-498e08d91634"},"geometry":{"type":"Point","coordinates":[-0.183333,5.65]}},{"type":"Feature","properties":{"name":"Tasty Treats","category":"event_or_party_service","confidence":0.358,"dataset":"meta","id":"23830af8-4ef1-46e5-bbf5-e19a975a359a"},"geometry":{"type":"Point","coordinates":[-0.183333,5.65]}},{"type":"Feature","properties":{"name":"Galaxy Beauty Parlour","category":"personal_or_beauty_service","confidence":0.678,"dataset":"meta","id":"2b43a614-e8ea-464c-8c65-7fa6018bb14f"},"geometry":{"type":"Point","coordinates":[-0.183333,5.65]}},{"type":"Feature","properties":{"name":"Fapei Nigerian Kitchen","category":"restaurant","confidence":0.541,"dataset":"meta","id":"fadbd5f4-d66d-48c7-a43c-7c798242ab3f"},"geometry":{"type":"Point","coordinates":[-0.183333,5.65]}},{"type":"Feature","properties":{"name":"Adwinsa Publications Ghana Limited","category":"civic_organization","confidence":0.611,"dataset":"meta","id":"12195e95-b481-4f2b-bcc0-a5398e7f0b93"},"geometry":{"type":"Point","coordinates":[-0.183333,5.65]}},{"type":"Feature","properties":{"name":"Enam's Place","category":"personal_or_beauty_service","confidence":0.748,"dataset":"meta","id":"7012654c-04f1-4e56-a5b9-8c8b01a1918d"},"geometry":{"type":"Point","coordinates":[-0.183333,5.65]}},{"type":"Feature","properties":{"name":"Cosmopolitan Wellness and Fitness Center","category":"gym","confidence":0.85,"dataset":"meta","id":"7ad39f63-4004-4985-a4f4-0fb520c4c9d5"},"geometry":{"type":"Point","coordinates":[-0.183333,5.65]}},{"type":"Feature","properties":{"name":"Trinity United Church Youth Fellowship","category":"religious_organization","confidence":0.613,"dataset":"meta","id":"8a17fd23-caa0-4800-a160-5a2d3ae9ae57"},"geometry":{"type":"Point","coordinates":[-0.183333,5.65]}},{"type":"Feature","properties":{"name":"Tersybeautyklinik and Gym","category":"personal_or_beauty_service","confidence":0.704,"dataset":"meta","id":"212b5272-c24c-417e-9d53-ef0d2dbb75a8"},"geometry":{"type":"Point","coordinates":[-0.183333,5.65]}},{"type":"Feature","properties":{"name":"Legon Annex B First Love Church","category":"christian_place_of_worship","confidence":0.654,"dataset":"meta","id":"034f2a67-86e0-4dbf-aa51-dce491d000f3"},"geometry":{"type":"Point","coordinates":[-0.183333,5.65]}},{"type":"Feature","properties":{"name":"Department of Agriculture Economics and Agribusiness","category":"college_university","confidence":0.589,"dataset":"meta","id":"59ca3525-c9ae-493c-9837-c69971629aee"},"geometry":{"type":"Point","coordinates":[-0.183543,5.64967]}},{"type":"Feature","properties":{"name":"Ghana-Korea Information Access Center","category":"government_office","confidence":0.832,"dataset":"meta","id":"4bd778dd-ef9c-4274-b8d6-546cf64e2550"},"geometry":{"type":"Point","coordinates":[-0.179214,5.650152]}},{"type":"Feature","properties":{"name":"Adolins GH","category":"hardware_home_and_garden_store","confidence":0.568,"dataset":"meta","id":"61f3b5c6-901c-4024-8227-5a2e5d372d48"},"geometry":{"type":"Point","coordinates":[-0.18048,5.650473]}},{"type":"Feature","properties":{"name":"Peace Kenkey Cuisine","category":"food_truck_stand","confidence":0.603,"dataset":"meta","id":"676b5e77-6bbf-45ef-aa5d-aeb1774ed761"},"geometry":{"type":"Point","coordinates":[-0.18057,5.65048]}},{"type":"Feature","properties":{"name":"AnsMed Home Care & Training Institute","category":"senior_living_facility","confidence":0.636,"dataset":"meta","id":"9d0d2a67-5b3f-49ac-bf17-4ac4a1498c20"},"geometry":{"type":"Point","coordinates":[-0.18057,5.65048]}},{"type":"Feature","properties":{"name":"EpiLife Cosmetics_gh","category":"personal_care_and_beauty_store","confidence":0.631,"dataset":"meta","id":"72a73108-d5d0-4143-bc36-337484727103"},"geometry":{"type":"Point","coordinates":[-0.18057,5.65048]}},{"type":"Feature","properties":{"name":"SUIT stylez","category":"fashion_and_apparel_store","confidence":0.411,"dataset":"meta","id":"3206c9ba-c5bc-4b50-937b-6d931047c8ca"},"geometry":{"type":"Point","coordinates":[-0.18057,5.65048]}},{"type":"Feature","properties":{"name":"Nourish blends","category":"personal_care_and_beauty_store","confidence":0.104,"dataset":"meta","id":"f1eb29ed-07af-4f97-888a-80062a36e843"},"geometry":{"type":"Point","coordinates":[-0.18057,5.65048]}},{"type":"Feature","properties":{"name":"Vanderbilt Limited","category":"health_care","confidence":0.186,"dataset":"meta","id":"cf026375-e868-4d64-a100-d1a698bf4f88"},"geometry":{"type":"Point","coordinates":[-0.18057,5.65048]}},{"type":"Feature","properties":{"name":"Yoyo Phones & Accessories","category":"b2b_office_and_professional_service","confidence":0.702,"dataset":"meta","id":"a14228ae-dfaa-4caf-b221-c03dd559f674"},"geometry":{"type":"Point","coordinates":[-0.18057,5.65048]}},{"type":"Feature","properties":{"name":"Blue Range Ent","category":"home_service","confidence":0.678,"dataset":"meta","id":"970a0cf3-09ad-433c-b09e-80764e8631ad"},"geometry":{"type":"Point","coordinates":[-0.18057,5.65048]}},{"type":"Feature","properties":{"name":"Rissa Cakes","category":"casual_eatery","confidence":0.527,"dataset":"meta","id":"acc02c07-a13d-474d-9473-43458c59c0d3"},"geometry":{"type":"Point","coordinates":[-0.18057,5.65048]}},{"type":"Feature","properties":{"name":"GODI Africa Ltd","category":"corporate_or_business_office","confidence":0.587,"dataset":"meta","id":"2d2a1f88-1a09-4a09-9c4c-d161a8209b8b"},"geometry":{"type":"Point","coordinates":[-0.18057,5.65048]}},{"type":"Feature","properties":{"name":"Word Of Nations Chapel","category":"religious_organization","confidence":0.767,"dataset":"meta","id":"db351d38-ab08-4198-b846-9846071ed2cd"},"geometry":{"type":"Point","coordinates":[-0.18057,5.65048]}},{"type":"Feature","properties":{"name":"Datus Complex School","category":"place_of_learning","confidence":0.703,"dataset":"meta","id":"cdee0d91-70c0-427d-b7f0-1deff53558dc"},"geometry":{"type":"Point","coordinates":[-0.18057,5.65048]}},{"type":"Feature","properties":{"name":"Republic Of Okponglo","category":"college_university","confidence":0.453,"dataset":"meta","id":"08b93b3e-a311-4c33-a836-9b233926f640"},"geometry":{"type":"Point","coordinates":[-0.18057,5.65048]}},{"type":"Feature","properties":{"name":"Acscafrica- Africa Center for Security and Counter-terrorism","category":"civic_organization","confidence":0.587,"dataset":"meta","id":"2d9aacef-b2cd-4f47-a036-72dba7dd0269"},"geometry":{"type":"Point","coordinates":[-0.18057,5.65048]}},{"type":"Feature","properties":{"name":"Zeeland Fun World","category":"park","confidence":0.892,"dataset":"meta","id":"0effbe9d-fdf8-436e-a144-231fdc557c8f"},"geometry":{"type":"Point","coordinates":[-0.18057,5.65048]}},{"type":"Feature","properties":{"name":"Mikesh Crown Salon","category":"personal_or_beauty_service","confidence":0.701,"dataset":"meta","id":"b21e07bb-dad1-4b0f-9b4a-f0581beaacd9"},"geometry":{"type":"Point","coordinates":[-0.18057,5.65048]}},{"type":"Feature","properties":{"name":"Dolly studio","category":"personal_or_beauty_service","confidence":0.331,"dataset":"meta","id":"4a7cc30e-811b-469c-829b-3d2436ee6082"},"geometry":{"type":"Point","coordinates":[-0.18057,5.65048]}},{"type":"Feature","properties":{"name":"Accra Royal Castle Boutique Hotel","category":"hotel","confidence":0.712,"dataset":"meta","id":"7b66d60b-e13f-4848-81c6-bfe9f8e9551a"},"geometry":{"type":"Point","coordinates":[-0.18057,5.65048]}},{"type":"Feature","properties":{"name":"Community Bilingual Center CBC - Ghana : Language courses","category":"specialty_school","confidence":0.708,"dataset":"meta","id":"528272c1-47c7-4110-b8b6-b09d17c4d6c1"},"geometry":{"type":"Point","coordinates":[-0.18057,5.65048]}},{"type":"Feature","properties":{"name":"School of Performing Arts","category":"place_of_learning","confidence":0.776,"dataset":"meta","id":"740ccc64-f68c-46b4-90c2-3074fda9147b"},"geometry":{"type":"Point","coordinates":[-0.182127,5.650369]}},{"type":"Feature","properties":{"name":"College Of Agriculture And Consumer Science(CACS)","category":"specialty_school","confidence":0.71,"dataset":"meta","id":"f220ddf5-e390-43ff-83b9-555509082a06"},"geometry":{"type":"Point","coordinates":[-0.18413,5.650621]}},{"type":"Feature","properties":{"name":"UG Campus","category":"college_university","confidence":0.716,"dataset":"meta","id":"b0724416-1250-4131-8299-f9dec2e542f1"},"geometry":{"type":"Point","coordinates":[-0.182324,5.650942]}},{"type":"Feature","properties":{"name":"ALC Professional Training Centre","category":"college_university","confidence":0.599,"dataset":"meta","id":"29c37dae-d830-4d6d-90c2-e394740feb64"},"geometry":{"type":"Point","coordinates":[-0.18062,5.65053]}},{"type":"Feature","properties":{"name":"RichCytech Solutions","category":"technical_service","confidence":0.566,"dataset":"meta","id":"e980bc6d-ce37-4e5b-8209-c7a1838bcf60"},"geometry":{"type":"Point","coordinates":[-0.18062,5.65053]}},{"type":"Feature","properties":{"name":"University Of Ghana Alumni Association","category":"college_university","confidence":0.54,"dataset":"meta","id":"6b48ee70-ddff-4f5e-a890-bcc21f0c9fb7"},"geometry":{"type":"Point","coordinates":[-0.18062,5.65053]}},{"type":"Feature","properties":{"name":"Grand-Sparks Events","category":"event_or_party_service","confidence":0.339,"dataset":"meta","id":"f0bf963e-a7af-4fd0-bfd0-ccaa63645eed"},"geometry":{"type":"Point","coordinates":[-0.18062,5.65053]}},{"type":"Feature","properties":{"name":"High Schools Society","category":"social_or_community_service","confidence":0.446,"dataset":"meta","id":"9e6be1ab-5729-4da7-8c9e-07815633e011"},"geometry":{"type":"Point","coordinates":[-0.18062,5.65053]}},{"type":"Feature","properties":{"name":"DMK Ghana","category":"personal_or_beauty_service","confidence":0.585,"dataset":"meta","id":"328a8b54-cf4c-451c-aefe-34906f0bda6f"},"geometry":{"type":"Point","coordinates":[-0.18062,5.65053]}},{"type":"Feature","properties":{"name":"Sedis Apparel","category":null,"confidence":0.195,"dataset":"meta","id":"3ada8272-82f6-4c02-bc1a-d8ebc71a1b2c"},"geometry":{"type":"Point","coordinates":[-0.18065,5.65052]}},{"type":"Feature","properties":{"name":"FirstKings College","category":"education","confidence":0.524,"dataset":"meta","id":"4002de54-867d-4908-9ca5-631e5419913c"},"geometry":{"type":"Point","coordinates":[-0.18065,5.65052]}},{"type":"Feature","properties":{"name":"Institute of Applied Science and Technology, University of Ghana.","category":"college_university","confidence":0.525,"dataset":"meta","id":"bc72bdad-2263-4ffa-96a8-d0b2c7d07923"},"geometry":{"type":"Point","coordinates":[-0.18065,5.65052]}},{"type":"Feature","properties":{"name":"Calvary Love Chapel, AG","category":"religious_organization","confidence":0.542,"dataset":"meta","id":"1605cbbb-3c49-43a4-b613-c1cedcda5c51"},"geometry":{"type":"Point","coordinates":[-0.18065,5.65052]}},{"type":"Feature","properties":{"name":"LQD- El-shaddai assembly","category":"religious_organization","confidence":0.524,"dataset":"meta","id":"464a7e0b-f5d4-4a98-a008-5d0956c7e043"},"geometry":{"type":"Point","coordinates":[-0.18062,5.65052]}},{"type":"Feature","properties":{"name":"Kobbies Properties","category":"real_estate_service","confidence":0.351,"dataset":"meta","id":"9a2f4168-6e75-41b5-9f22-1e1e716a5b00"},"geometry":{"type":"Point","coordinates":[-0.18062,5.65052]}},{"type":"Feature","properties":{"name":"Bonne Graine","category":null,"confidence":0.237,"dataset":"meta","id":"aa024033-d0b2-4eef-8cea-eca9fdd73d20"},"geometry":{"type":"Point","coordinates":[-0.18062,5.65052]}},{"type":"Feature","properties":{"name":"Unique Citizens University","category":"college_university","confidence":0.542,"dataset":"meta","id":"9f990ad5-865d-4470-b71d-7a9c8f2ed6e7"},"geometry":{"type":"Point","coordinates":[-0.18062,5.65052]}},{"type":"Feature","properties":{"name":"Ghana Hostels Limited","category":null,"confidence":0.532,"dataset":"meta","id":"36b776f8-8663-491a-997d-182a84f3fd64"},"geometry":{"type":"Point","coordinates":[-0.18062,5.65052]}},{"type":"Feature","properties":{"name":"National Identification Authority","category":"government_office","confidence":0.581,"dataset":"meta","id":"0da657c9-30f7-47a8-b7e2-5263551561c2"},"geometry":{"type":"Point","coordinates":[-0.18062,5.65052]}},{"type":"Feature","properties":{"name":"Kex Construction & Hardware","category":"building_or_construction_service","confidence":0.535,"dataset":"meta","id":"a71898dc-4f3a-4f57-a192-9a4726f72fe9"},"geometry":{"type":"Point","coordinates":[-0.18057,5.65052]}},{"type":"Feature","properties":{"name":"Automobiles Ghana Limited","category":"vehicle_parts_store","confidence":0.522,"dataset":"meta","id":"ba870374-d81c-4750-bbf7-7e6932c43fbd"},"geometry":{"type":"Point","coordinates":[-0.18062,5.65052]}},{"type":"Feature","properties":{"name":"Lina_plus health network","category":"health_care","confidence":0.299,"dataset":"meta","id":"b34bfc49-6ca1-489d-be09-b69924af8119"},"geometry":{"type":"Point","coordinates":[-0.18062,5.65052]}},{"type":"Feature","properties":{"name":"Fuegoxstore","category":"shopping","confidence":0.178,"dataset":"meta","id":"d34b035d-0c46-4f1d-8dcc-b69dbce52379"},"geometry":{"type":"Point","coordinates":[-0.18062,5.65052]}},{"type":"Feature","properties":{"name":"Ghana Society of Biomedical Engineers_UG","category":"college_university","confidence":0.359,"dataset":"meta","id":"b3595b0e-53e2-43d9-be25-091f3b874b64"},"geometry":{"type":"Point","coordinates":[-0.18062,5.65052]}},{"type":"Feature","properties":{"name":"GH Modern Health Consult","category":"health_care","confidence":0.287,"dataset":"meta","id":"b8d312e8-16e8-4db9-9a44-641bcd55d415"},"geometry":{"type":"Point","coordinates":[-0.18057,5.65052]}},{"type":"Feature","properties":{"name":"Tescon Islamic university Ghana","category":"college_university","confidence":0.522,"dataset":"meta","id":"0689e8a9-8c5e-48e7-820b-574dd91457ab"},"geometry":{"type":"Point","coordinates":[-0.18062,5.65052]}},{"type":"Feature","properties":{"name":"Mind Matters","category":"behavioral_or_mental_health_clinic","confidence":0.103,"dataset":"meta","id":"2e5574c5-d704-4f2d-a3b3-32189bbb4765"},"geometry":{"type":"Point","coordinates":[-0.18062,5.65052]}},{"type":"Feature","properties":{"name":"Shapedup Queens","category":"shopping","confidence":0.142,"dataset":"meta","id":"6233d3de-e547-4a2e-ac6b-982cb612ed46"},"geometry":{"type":"Point","coordinates":[-0.18062,5.65052]}},{"type":"Feature","properties":{"name":"TransforMe Bookshop Gh","category":"books_music_and_video_store","confidence":0.68,"dataset":"meta","id":"9fa0f683-db14-40a8-8257-c82aeee06048"},"geometry":{"type":"Point","coordinates":[-0.18062,5.65052]}},{"type":"Feature","properties":{"name":"Business House Junior Common Room - BHJCR","category":null,"confidence":0.63,"dataset":"meta","id":"e3b4b1d7-d5dc-4c95-9852-bc17b0b20405"},"geometry":{"type":"Point","coordinates":[-0.18062,5.65052]}},{"type":"Feature","properties":{"name":"Presbyterian Boys' Secondary School","category":"place_of_learning","confidence":0.639,"dataset":"meta","id":"fbb2abcb-0aeb-42f7-a674-b36bdcefed8c"},"geometry":{"type":"Point","coordinates":[-0.18062,5.65052]}},{"type":"Feature","properties":{"name":"Agate Creative Studios","category":"professional_service","confidence":0.552,"dataset":"meta","id":"e0fc289c-aad7-41ef-bd71-a1cdb2b30502"},"geometry":{"type":"Point","coordinates":[-0.18062,5.65052]}},{"type":"Feature","properties":{"name":"Raymoney Logistics","category":"real_estate_service","confidence":0.325,"dataset":"meta","id":"811526a4-8ec0-49af-a473-3a40b2171560"},"geometry":{"type":"Point","coordinates":[-0.18062,5.65052]}},{"type":"Feature","properties":{"name":"mummys_hurdle","category":"shopping","confidence":0.266,"dataset":"meta","id":"d034e1c4-89cf-42a8-b3d1-cf26d3d6edb3"},"geometry":{"type":"Point","coordinates":[-0.18062,5.65052]}},{"type":"Feature","properties":{"name":"UNCLE JOE'S Automobiles","category":"auto_dealer","confidence":0.479,"dataset":"meta","id":"f905e575-1df6-43ba-84b7-63d3a8afaa45"},"geometry":{"type":"Point","coordinates":[-0.18062,5.65052]}},{"type":"Feature","properties":{"name":"Crop Estates Ghana Limited","category":"agricultural_service","confidence":0.751,"dataset":"meta","id":"b16ab8be-a725-4d50-a210-e0d46e7466c8"},"geometry":{"type":"Point","coordinates":[-0.18062,5.65052]}},{"type":"Feature","properties":{"name":"Night Market","category":"technical_service","confidence":0.196,"dataset":"meta","id":"67686ea0-2f5b-4d4b-86ef-9636e47cee6a"},"geometry":{"type":"Point","coordinates":[-0.18062,5.65052]}},{"type":"Feature","properties":{"name":"Perfumaniaghana","category":null,"confidence":0.28,"dataset":"meta","id":"b2f042ce-fb39-492c-879d-fa2e161e5a26"},"geometry":{"type":"Point","coordinates":[-0.18057,5.65052]}},{"type":"Feature","properties":{"name":"Ghanabusinessnews.com","category":"media_service","confidence":0.164,"dataset":"meta","id":"7126593e-25f5-4202-a658-77c73674646d"},"geometry":{"type":"Point","coordinates":[-0.18062,5.65052]}},{"type":"Feature","properties":{"name":"Addition College","category":"education","confidence":0.574,"dataset":"meta","id":"ddf5af3a-8c7b-4a7d-8548-7224fe056029"},"geometry":{"type":"Point","coordinates":[-0.18057,5.65052]}},{"type":"Feature","properties":{"name":"Legon Live","category":"college_university","confidence":0.312,"dataset":"meta","id":"3cbf03d1-0d25-419b-bc30-e33be6bb0288"},"geometry":{"type":"Point","coordinates":[-0.18031,5.65057]}},{"type":"Feature","properties":{"name":"Bera Clothing and Accessories","category":"shopping","confidence":0.286,"dataset":"meta","id":"23a3f21e-ebd4-4b35-bcaf-26ddf6b92b17"},"geometry":{"type":"Point","coordinates":[-0.179053,5.650532]}},{"type":"Feature","properties":{"name":"International Development Economics Associates Africa Network LBG (IDAN)","category":"civic_organization","confidence":0.468,"dataset":"meta","id":"c9cd2d36-692e-49dd-978c-489616acb988"},"geometry":{"type":"Point","coordinates":[-0.181997,5.651056]}},{"type":"Feature","properties":{"name":"Legon Police Station","category":"real_estate_service","confidence":0.768,"dataset":"meta","id":"6936c84b-1efb-4897-bf24-b5f488f32ddf"},"geometry":{"type":"Point","coordinates":[-0.179645,5.651216]}},{"type":"Feature","properties":{"name":"FineReporter","category":"media_service","confidence":0.056,"dataset":"meta","id":"5c567cf8-e8e3-441a-add0-ccf4b5dce65b"},"geometry":{"type":"Point","coordinates":[-0.17943,5.651197]}},{"type":"Feature","properties":{"name":"Pilosoft Services","category":"design_service","confidence":0.375,"dataset":"meta","id":"8ac8daf4-d1f7-45d5-9605-06db938def0d"},"geometry":{"type":"Point","coordinates":[-0.179448,5.651255]}},{"type":"Feature","properties":{"name":"Department Of Economics","category":"college_university","confidence":0.481,"dataset":"meta","id":"d1d0ac7c-b658-4fbe-9100-1be485ad71e5"},"geometry":{"type":"Point","coordinates":[-0.18734,5.651035]}},{"type":"Feature","properties":{"name":"Centre for Suicide& Violence Research","category":"behavioral_or_mental_health_clinic","confidence":0.551,"dataset":"meta","id":"88d201e7-e49c-4b11-9b4a-7a4a0b167edb"},"geometry":{"type":"Point","coordinates":[-0.186853,5.650579]}},{"type":"Feature","properties":{"name":"Regional Marine Centre","category":"social_or_community_service","confidence":0.275,"dataset":"meta","id":"57880342-714d-4f27-860b-573142ca984c"},"geometry":{"type":"Point","coordinates":[-0.186811,5.650837]}},{"type":"Feature","properties":{"name":"French Department","category":"college_university","confidence":0.79,"dataset":"meta","id":"3fa1a2d4-c638-4f43-8ef4-0ad36c746ebe"},"geometry":{"type":"Point","coordinates":[-0.188711,5.650864]}},{"type":"Feature","properties":{"name":"LiveRite Pharmacy & Healthcare","category":"health_care","confidence":0.538,"dataset":"meta","id":"e998f3a3-100a-4736-985f-f3c9e8f43e4c"},"geometry":{"type":"Point","coordinates":[-0.18978,5.65052]}},{"type":"Feature","properties":{"name":"Aquatic Heroes - Swimming Club","category":"swimming_pool","confidence":0.397,"dataset":"meta","id":"e2f07e97-b862-4783-ace2-8ce3b74abd69"},"geometry":{"type":"Point","coordinates":[-0.18978,5.65052]}},{"type":"Feature","properties":{"name":"Viannis Bistro","category":"cafe","confidence":0.473,"dataset":"meta","id":"b18eb208-cd3e-48a6-954c-dc9861143042"},"geometry":{"type":"Point","coordinates":[-0.190307,5.650837]}},{"type":"Feature","properties":{"name":"Efua T Sutherland Drama Studio","category":"campus_building","confidence":0.467,"dataset":"meta","id":"154522ff-2b34-4273-92ef-a6db2f2d5203"},"geometry":{"type":"Point","coordinates":[-0.188975,5.651158]}},{"type":"Feature","properties":{"name":"Volta Hall Car Park","category":"college_university","confidence":0.436,"dataset":"meta","id":"f607620d-69c9-4b62-9e35-f1af03c4ae46"},"geometry":{"type":"Point","coordinates":[-0.189066,5.651388]}},{"type":"Feature","properties":{"name":"Volta Hall, University Of Ghana","category":"campus_building","confidence":0.725,"dataset":"meta","id":"1b173946-e040-43e5-936b-af62f109592a"},"geometry":{"type":"Point","coordinates":[-0.189686,5.651748]}},{"type":"Feature","properties":{"name":"Bank of Ghana Auditorium","category":"event_venue","confidence":0.727,"dataset":"meta","id":"f66a2532-6ae6-45d8-9e39-5dd0f664801a"},"geometry":{"type":"Point","coordinates":[-0.188318,5.651554]}},{"type":"Feature","properties":{"name":"Balme Library","category":"college_university","confidence":0.709,"dataset":"meta","id":"970ef69d-9aae-4cf6-8b31-1546d659a47b"},"geometry":{"type":"Point","coordinates":[-0.18707,5.651774]}},{"type":"Feature","properties":{"name":"University of Ghana Library System-UGLS","category":"college_university","confidence":0.47,"dataset":"meta","id":"d6894b51-86f1-47c1-b659-776f9dc7522b"},"geometry":{"type":"Point","coordinates":[-0.18638,5.65206]}},{"type":"Feature","properties":{"name":"Research Commons","category":"library","confidence":0.378,"dataset":"meta","id":"34374569-66c3-49f8-be0b-36f98991f7bf"},"geometry":{"type":"Point","coordinates":[-0.186408,5.6521]}},{"type":"Feature","properties":{"name":"Caprex -University of Ghana","category":"college_university","confidence":0.546,"dataset":"meta","id":"640ef724-3e63-494e-a6a5-479f5d43896c"},"geometry":{"type":"Point","coordinates":[-0.186338,5.652288]}},{"type":"Feature","properties":{"name":"TravGuard","category":"corporate_or_business_office","confidence":0.419,"dataset":"meta","id":"b9025a6d-3f9e-4173-b3d5-3e962113ee62"},"geometry":{"type":"Point","coordinates":[-0.18912,5.65197]}},{"type":"Feature","properties":{"name":"StarTech Multimedia Ltd","category":"electronics_store","confidence":0.83,"dataset":"meta","id":"c5f4ffe5-a36b-41ee-9911-3e65297021bd"},"geometry":{"type":"Point","coordinates":[-0.188689,5.65298]}},{"type":"Feature","properties":{"name":"University of Ghana Business School","category":"college_university","confidence":0.782,"dataset":"meta","id":"e1e67c7f-beea-4c44-b8fc-23523a1ce5e1"},"geometry":{"type":"Point","coordinates":[-0.188705,5.653011]}},{"type":"Feature","properties":{"name":"Fihankra ComTech Limited","category":"b2b_industrial_and_machine_service","confidence":0.425,"dataset":"meta","id":"cbc66d3d-0d3f-4da9-9f3d-b9247644c0fd"},"geometry":{"type":"Point","coordinates":[-0.188401,5.6529]}},{"type":"Feature","properties":{"name":"School of Nursing","category":"campus_building","confidence":0.577,"dataset":"meta","id":"71aa2abf-3989-497c-9eab-6db3aeb024ba"},"geometry":{"type":"Point","coordinates":[-0.189346,5.652941]}},{"type":"Feature","properties":{"name":"Department of Nutrition and Food Science","category":"campus_building","confidence":0.621,"dataset":"meta","id":"4b4cb403-dfa3-47b2-869f-cf4a46cb6ee8"},"geometry":{"type":"Point","coordinates":[-0.189127,5.652905]}},{"type":"Feature","properties":{"name":"Chemistry Department","category":"campus_building","confidence":0.706,"dataset":"meta","id":"4e348cd0-e09c-4713-9fa6-8556dd33c0cc"},"geometry":{"type":"Point","coordinates":[-0.187898,5.652982]}},{"type":"Feature","properties":{"name":"Promat Ghana Ltd","category":"event_or_party_service","confidence":0.407,"dataset":"meta","id":"c99b16e6-402b-4b8f-8540-852da838d9d6"},"geometry":{"type":"Point","coordinates":[-0.182821,5.652876]}},{"type":"Feature","properties":{"name":"University of Ghana School of Arts","category":"education","confidence":0.611,"dataset":"meta","id":"52be377c-1c2a-4677-acb5-cf2cb59857a4"},"geometry":{"type":"Point","coordinates":[-0.181318,5.652973]}},{"type":"Feature","properties":{"name":"Ernest Chemists LTD","category":"pharmacy_and_drug_store","confidence":0.749,"dataset":"meta","id":"3e84d4bd-ce86-4a12-b138-fa33d6fd7bc8"},"geometry":{"type":"Point","coordinates":[-0.180245,5.653175]}},{"type":"Feature","properties":{"name":"JQB","category":"campus_building","confidence":0.412,"dataset":"meta","id":"fd04de52-d3f3-4862-917a-a8f43d8e4f69"},"geometry":{"type":"Point","coordinates":[-0.181848,5.652353]}},{"type":"Feature","properties":{"name":"Jones Quartey Building Car Park","category":"park","confidence":0.378,"dataset":"meta","id":"f95b6cad-986e-4e75-bce9-f7409f30dfdf"},"geometry":{"type":"Point","coordinates":[-0.181545,5.652353]}},{"type":"Feature","properties":{"name":"archeology dept","category":"campus_building","confidence":0.413,"dataset":"meta","id":"61627c2a-076a-4e26-ad2f-fd9b2f68d5aa"},"geometry":{"type":"Point","coordinates":[-0.181443,5.652358]}},{"type":"Feature","properties":{"name":"Max Mart, A & C Mall","category":"convenience_store","confidence":0.74,"dataset":"meta","id":"f4aa8c9d-58b0-4273-97dd-6aff3c91e4cc"},"geometry":{"type":"Point","coordinates":[-0.181842,5.652022]}},{"type":"Feature","properties":{"name":"Museum Of Archaeology","category":"museum","confidence":0.753,"dataset":"meta","id":"0c4618a1-86f5-4139-961d-58a5b8165a58"},"geometry":{"type":"Point","coordinates":[-0.181363,5.652198]}},{"type":"Feature","properties":{"name":"American Corner, LECIAD","category":"library","confidence":0.543,"dataset":"meta","id":"c4843da2-1026-490e-acab-f4dc397884f0"},"geometry":{"type":"Point","coordinates":[-0.184414,5.652245]}},{"type":"Feature","properties":{"name":"Radio Univers","category":"media_service","confidence":0.823,"dataset":"meta","id":"296a0588-4aa9-4acc-8da1-97535a5019f9"},"geometry":{"type":"Point","coordinates":[-0.181197,5.651761]}},{"type":"Feature","properties":{"name":"EPP Bookshop","category":"books_music_and_video_store","confidence":0.554,"dataset":"meta","id":"cc12a821-7808-47ec-88fd-bb7a3663b275"},"geometry":{"type":"Point","coordinates":[-0.174786,5.651697]}},{"type":"Feature","properties":{"name":"Living Springs Assemblies of God","category":"christian_place_of_worship","confidence":0.885,"dataset":"meta","id":"81bc31be-bf21-4cee-8439-b7321975f0d8"},"geometry":{"type":"Point","coordinates":[-0.169822,5.652903]}},{"type":"Feature","properties":{"name":"Nabibo Technologies","category":"corporate_or_business_office","confidence":0.299,"dataset":"meta","id":"5501ffa3-c638-4536-b4f6-d20c96196dda"},"geometry":{"type":"Point","coordinates":[-0.169054,5.652017]}},{"type":"Feature","properties":{"name":"BuyCheap BuyMore","category":"fashion_and_apparel_store","confidence":0.435,"dataset":"meta","id":"675b4aa6-a0c8-47b0-8963-043f7a84bcf7"},"geometry":{"type":"Point","coordinates":[-0.168934,5.652066]}},{"type":"Feature","properties":{"name":"AGCM-Legon","category":"religious_organization","confidence":0.765,"dataset":"meta","id":"cb23cded-89c0-4400-9f85-14c358c35f8c"},"geometry":{"type":"Point","coordinates":[-0.16939,5.65207]}},{"type":"Feature","properties":{"name":"Mikesh Crown Salon","category":"personal_or_beauty_service","confidence":0.434,"dataset":"meta","id":"efbc54d5-064a-4509-914f-1a5d3f8e0281"},"geometry":{"type":"Point","coordinates":[-0.169048,5.651047]}},{"type":"Feature","properties":{"name":"Bettie Christian School","category":"place_of_learning","confidence":0.932,"dataset":"meta","id":"82191a87-b0f2-43cd-8bc4-83de1aa618cc"},"geometry":{"type":"Point","coordinates":[-0.16939,5.650599]}},{"type":"Feature","properties":{"name":"University Hospital Legon","category":"hospital","confidence":0.753,"dataset":"meta","id":"35d748e2-dbdf-44ce-b363-1b1f3524fa86"},"geometry":{"type":"Point","coordinates":[-0.177964,5.651061]}},{"type":"Feature","properties":{"name":"Mendiata Hotel","category":"hotel","confidence":0.659,"dataset":"meta","id":"6937782a-6caf-4869-b51f-7c9e02c77696"},"geometry":{"type":"Point","coordinates":[-0.17646,5.65045]}},{"type":"Feature","properties":{"name":"Bites By Justina","category":"casual_eatery","confidence":0.307,"dataset":"meta","id":"4b26e764-5505-48f0-be2a-2e39aa7724c8"},"geometry":{"type":"Point","coordinates":[-0.168726,5.64989]}},{"type":"Feature","properties":{"name":"Gramophone Ghana Academy of Music","category":"specialty_school","confidence":0.876,"dataset":"meta","id":"67f13fa2-260b-4fc5-97e7-7fb6671fbed8"},"geometry":{"type":"Point","coordinates":[-0.169194,5.656101]}},{"type":"Feature","properties":{"name":"Ghana Education Trust Fund (GETFund) - HQ","category":"government_office","confidence":0.291,"dataset":"meta","id":"d519d6b9-877d-43a8-a631-d359e34be1f1"},"geometry":{"type":"Point","coordinates":[-0.169921,5.654719]}},{"type":"Feature","properties":{"name":"Tesbury Groceries","category":"food_and_beverage_store","confidence":0.918,"dataset":"Microsoft","id":"eca6c91e-23ed-42b8-aed2-100e83eab5de"},"geometry":{"type":"Point","coordinates":[-0.17881,5.653318]}},{"type":"Feature","properties":{"name":"Zohar Studios","category":"professional_service","confidence":0.35,"dataset":"meta","id":"4bea9488-50fa-4307-a840-5a6c17da2761"},"geometry":{"type":"Point","coordinates":[-0.178763,5.653392]}},{"type":"Feature","properties":{"name":"Matrix Ghana","category":"gym","confidence":0.954,"dataset":"meta","id":"9482d0da-9647-46aa-93a6-4c66335ae447"},"geometry":{"type":"Point","coordinates":[-0.178974,5.653383]}},{"type":"Feature","properties":{"name":"Brave Taekwondo Academy","category":"sport_or_recreation_club","confidence":0.45,"dataset":"meta","id":"dfe854b7-4085-46bb-90b9-98ac0e7e9c22"},"geometry":{"type":"Point","coordinates":[-0.178676,5.653437]}},{"type":"Feature","properties":{"name":"Mejani Beauty Lounge","category":"personal_or_beauty_service","confidence":0.52,"dataset":"meta","id":"477f0647-f43e-462b-9d5d-a5e36ca8699d"},"geometry":{"type":"Point","coordinates":[-0.178697,5.653785]}},{"type":"Feature","properties":{"name":"ECG Legon branch","category":"government_office","confidence":0.696,"dataset":"meta","id":"18eeb05c-055d-498b-b4da-4790b9d43aba"},"geometry":{"type":"Point","coordinates":[-0.181102,5.654883]}},{"type":"Feature","properties":{"name":"Computer Science Department","category":"college_university","confidence":0.6,"dataset":"meta","id":"20876693-d012-4391-aa29-11dd960bc9c1"},"geometry":{"type":"Point","coordinates":[-0.183852,5.654561]}},{"type":"Feature","properties":{"name":"Rooftop Restaurant","category":"fast_food_restaurant","confidence":0.591,"dataset":"meta","id":"1e104090-5d7a-450e-b1f9-69df1f895f78"},"geometry":{"type":"Point","coordinates":[-0.183805,5.654406]}},{"type":"Feature","properties":{"name":"Pentagon Block C","category":"lodging","confidence":0.44,"dataset":"meta","id":"dad74f49-28c3-4415-8474-546ecf1b2a40"},"geometry":{"type":"Point","coordinates":[-0.18432,5.654208]}},{"type":"Feature","properties":{"name":"Maxmart","category":"shopping_mall","confidence":0.77,"dataset":"Foursquare","id":"a25b1ad4-f46d-459b-93b1-25df007b9351"},"geometry":{"type":"Point","coordinates":[-0.180113,5.653549]}},{"type":"Feature","properties":{"name":"EPP Book Global","category":"media_service","confidence":0.73,"dataset":"meta","id":"c83a2a33-a2f7-4d8a-8364-0622842f2c5b"},"geometry":{"type":"Point","coordinates":[-0.179,5.65336]}},{"type":"Feature","properties":{"name":"Legoncitymall","category":"shopping_mall","confidence":0.794,"dataset":"meta","id":"4ee6862a-ba71-4ea1-8bfd-5d30ccc9e22d"},"geometry":{"type":"Point","coordinates":[-0.179036,5.65327]}},{"type":"Feature","properties":{"name":"United Nations University","category":"college_university","confidence":0.67,"dataset":"meta","id":"5bb426f8-139d-4a86-b5a1-275744e038a5"},"geometry":{"type":"Point","coordinates":[-0.181843,5.653647]}},{"type":"Feature","properties":{"name":"International Programmes Office, University of Ghana","category":"corporate_or_business_office","confidence":0.476,"dataset":"meta","id":"7134140f-3b63-4a7d-b41c-cb9650beb2de"},"geometry":{"type":"Point","coordinates":[-0.182166,5.653589]}},{"type":"Feature","properties":{"name":"Faculty of Law School,University Of Ghana","category":"college_university","confidence":0.894,"dataset":"meta","id":"eadc2191-b7e3-4721-95e6-6f4b75daaa55"},"geometry":{"type":"Point","coordinates":[-0.182263,5.653493]}},{"type":"Feature","properties":{"name":"Law Auditorium","category":"event_venue","confidence":0.608,"dataset":"meta","id":"50535314-6cca-4dfc-bcd2-87e79e1f54db"},"geometry":{"type":"Point","coordinates":[-0.182874,5.653945]}},{"type":"Feature","properties":{"name":"Odo Rise(Evandy Hostel)","category":"restaurant","confidence":0.377,"dataset":"meta","id":"39a2fe4f-8dea-4b2b-bdf0-e77532e0ea3d"},"geometry":{"type":"Point","coordinates":[-0.183544,5.654031]}},{"type":"Feature","properties":{"name":"Statistics Department","category":"event_or_party_service","confidence":0.439,"dataset":"meta","id":"57ced181-0083-4225-b411-77235d13744c"},"geometry":{"type":"Point","coordinates":[-0.183978,5.654032]}},{"type":"Feature","properties":{"name":"Nature and Development Foundation","category":"event_or_party_service","confidence":0.425,"dataset":"meta","id":"eab47361-a30d-40f0-9071-3c3c9d4d6f2e"},"geometry":{"type":"Point","coordinates":[-0.188039,5.654028]}},{"type":"Feature","properties":{"name":"University of Ghana Pan-African Doctoral Academy Building","category":"college_university","confidence":0.759,"dataset":"meta","id":"c9173e45-36bf-47e6-b7b4-c2778e447a9d"},"geometry":{"type":"Point","coordinates":[-0.191283,5.653307]}},{"type":"Feature","properties":{"name":"University of Ghana Sensory Evaluation Research Laboratory","category":"research_institute","confidence":0.646,"dataset":"meta","id":"0bec2ebb-dbaa-49ff-9ac7-4e207bda0f63"},"geometry":{"type":"Point","coordinates":[-0.188887,5.653689]}},{"type":"Feature","properties":{"name":"School of pharmacy, legon","category":"campus_building","confidence":0.708,"dataset":"meta","id":"fde26f5e-8927-4e99-a314-0204f0b1e0da"},"geometry":{"type":"Point","coordinates":[-0.189646,5.65384]}},{"type":"Feature","properties":{"name":"New N Block","category":"campus_building","confidence":0.403,"dataset":"meta","id":"f4b8b54a-997a-4142-b8f2-4e4e883e4897"},"geometry":{"type":"Point","coordinates":[-0.186848,5.654739]}},{"type":"Feature","properties":{"name":"Waccbip Legon","category":"college_university","confidence":0.938,"dataset":"meta","id":"fd7d525b-7a41-4d66-9898-ed66a7096aa3"},"geometry":{"type":"Point","coordinates":[-0.189556,5.654768]}},{"type":"Feature","properties":{"name":"St. Thomas Aquinas Catholic Church","category":"christian_place_of_worship","confidence":0.812,"dataset":"meta","id":"4c9cce18-c3b4-4142-ad69-d54fd67fae67"},"geometry":{"type":"Point","coordinates":[-0.190215,5.654764]}},{"type":"Feature","properties":{"name":"Society Of St Vincent de Paul - Legon Conference","category":"social_or_community_service","confidence":0.47,"dataset":"meta","id":"2571bc6d-2752-49d4-bf4d-8c56be8895e2"},"geometry":{"type":"Point","coordinates":[-0.190199,5.654782]}},{"type":"Feature","properties":{"name":"Legon Interdenominational Church","category":"christian_place_of_worship","confidence":0.956,"dataset":"meta","id":"7ca85ef5-9617-4ef9-a434-449cfb33df90"},"geometry":{"type":"Point","coordinates":[-0.19037,5.655657]}},{"type":"Feature","properties":{"name":"political science library","category":"library","confidence":0.338,"dataset":"meta","id":"9e90a98c-ea57-4298-8275-6f24c4eed43f"},"geometry":{"type":"Point","coordinates":[-0.186568,5.655349]}},{"type":"Feature","properties":{"name":"Rapid Staffing Agency","category":"professional_service","confidence":0.546,"dataset":"meta","id":"a7b011cb-b91d-479b-8a69-bbdadecd30d2"},"geometry":{"type":"Point","coordinates":[-0.18616,5.65503]}},{"type":"Feature","properties":{"name":"Psychology Department-UG","category":"campus_building","confidence":0.685,"dataset":"meta","id":"83591d3c-1c38-4d71-bf38-18cf9af6d3d7"},"geometry":{"type":"Point","coordinates":[-0.186754,5.655078]}},{"type":"Feature","properties":{"name":"ISSER University of Ghana","category":"college_university","confidence":0.773,"dataset":"meta","id":"f357d738-7f97-42b4-b33a-27b4a1f91669"},"geometry":{"type":"Point","coordinates":[-0.184338,5.655233]}},{"type":"Feature","properties":{"name":"Proxy Engineering & Construction Limited","category":"building_or_construction_service","confidence":0.542,"dataset":"meta","id":"5ad8c923-0dff-4612-9d8c-e1d473a98fd8"},"geometry":{"type":"Point","coordinates":[-0.181444,5.656428]}},{"type":"Feature","properties":{"name":"Softron Logistics & Freights Limited","category":"b2b_transportation_and_storage_service","confidence":0.691,"dataset":"meta","id":"9ca60afd-7e3b-4abc-9f65-dc52e2465a0e"},"geometry":{"type":"Point","coordinates":[-0.181446,5.656441]}},{"type":"Feature","properties":{"name":"Engineering Students Association of University of Ghana - ESUG","category":"college_university","confidence":0.338,"dataset":"meta","id":"0c8a9899-a4bd-4d57-8fb3-3ebfd6a35290"},"geometry":{"type":"Point","coordinates":[-0.18091,5.656622]}},{"type":"Feature","properties":{"name":"Grey Exploration Limited","category":"manufacturer","confidence":0.234,"dataset":"meta","id":"d718829f-864a-4dc0-8bd9-393ec3d35636"},"geometry":{"type":"Point","coordinates":[-0.18151,5.656638]}},{"type":"Feature","properties":{"name":"Rev. Kofi Chissah","category":"christian_place_of_worship","confidence":0.673,"dataset":"meta","id":"c43e398d-67c9-4c9d-a39f-7a9bcdac16a3"},"geometry":{"type":"Point","coordinates":[-0.190394,5.656844]}},{"type":"Feature","properties":{"name":"African Union Hall JCR- PENT","category":"college_university","confidence":0.809,"dataset":"meta","id":"f264a5ca-ec27-4d27-8031-dc320ddd2cbf"},"geometry":{"type":"Point","coordinates":[-0.181903,5.65834]}},{"type":"Feature","properties":{"name":"Prestige Woodin Shop, Legon","category":"fashion_and_apparel_store","confidence":0.557,"dataset":"meta","id":"11b7417a-9285-45ae-9696-827a742ff955"},"geometry":{"type":"Point","coordinates":[-0.179,5.65836]}},{"type":"Feature","properties":{"name":"Christ Apostolic Church-Madina Central","category":"religious_organization","confidence":0.715,"dataset":"meta","id":"3f3606b6-708b-4582-a15a-60be2259b429"},"geometry":{"type":"Point","coordinates":[-0.179,5.65836]}},{"type":"Feature","properties":{"name":"Express Group","category":"travel_service","confidence":0.624,"dataset":"meta","id":"f4f06eb5-430b-429b-a040-3561358bae2c"},"geometry":{"type":"Point","coordinates":[-0.179,5.65836]}},{"type":"Feature","properties":{"name":"Chrislaw Electronics","category":"professional_service","confidence":0.408,"dataset":"meta","id":"ded9761d-1fe5-491d-a562-ed392b11845f"},"geometry":{"type":"Point","coordinates":[-0.179,5.65836]}},{"type":"Feature","properties":{"name":"Pentagon Block C","category":"lodging","confidence":0.768,"dataset":"meta","id":"dd53a25f-421c-455a-b432-ec1b90824db3"},"geometry":{"type":"Point","coordinates":[-0.180817,5.657807]}},{"type":"Feature","properties":{"name":"Shell Select","category":"convenience_store","confidence":0.8,"dataset":"AllThePlaces","id":"5f445764-69e8-4d38-8a41-3060deace853"},"geometry":{"type":"Point","coordinates":[-0.180539,5.657361]}},{"type":"Feature","properties":{"name":"Block A (Pent)","category":"lodging","confidence":0.734,"dataset":"meta","id":"634976a7-8ac8-4331-a63c-fe57abc0d387"},"geometry":{"type":"Point","coordinates":[-0.181636,5.657282]}},{"type":"Feature","properties":{"name":"Ghana Hostels Ltd Flats Pentagon","category":"lodging","confidence":0.436,"dataset":"meta","id":"d6e40479-e4b1-4c9d-a655-a91d1abfcda1"},"geometry":{"type":"Point","coordinates":[-0.181341,5.656892]}},{"type":"Feature","properties":{"name":"Ghana Institute of Languages","category":"college_university","confidence":0.792,"dataset":"meta","id":"d0b4412d-1372-48fa-85b5-2651efaeff80"},"geometry":{"type":"Point","coordinates":[-0.170576,5.658279]}},{"type":"Feature","properties":{"name":"University Of Ghana Graduate Business School Multipurpose Building","category":"education","confidence":0.782,"dataset":"meta","id":"c551fda2-1171-460f-b771-802bb5a6f667"},"geometry":{"type":"Point","coordinates":[-0.17767,5.658514]}},{"type":"Feature","properties":{"name":"UPSA Hostel","category":"lodging","confidence":0.777,"dataset":"meta","id":"da71a4f2-9f74-4547-985d-8e5ebaa0906a"},"geometry":{"type":"Point","coordinates":[-0.171429,5.659019]}},{"type":"Feature","properties":{"name":"Empomart","category":"professional_service","confidence":0.536,"dataset":"meta","id":"ff08d93e-becc-42db-a3be-2f243dc77819"},"geometry":{"type":"Point","coordinates":[-0.171393,5.659214]}},{"type":"Feature","properties":{"name":"Chef Wagon","category":"restaurant","confidence":0.398,"dataset":"meta","id":"d102773c-f7a3-451d-8afe-c6fa1876f757"},"geometry":{"type":"Point","coordinates":[-0.171618,5.659138]}},{"type":"Feature","properties":{"name":"Andyayiku","category":"education","confidence":0.18,"dataset":"meta","id":"c5663eab-7916-4db1-be70-75d0fd3690ef"},"geometry":{"type":"Point","coordinates":[-0.1711,5.65963]}},{"type":"Feature","properties":{"name":"Kellap Computers & I.T Services","category":"technical_service","confidence":0.542,"dataset":"meta","id":"d13a9913-f84e-42ff-806f-2f27bbaf552b"},"geometry":{"type":"Point","coordinates":[-0.178545,5.659855]}},{"type":"Feature","properties":{"name":"Pentagon Bush Canteen","category":null,"confidence":0.427,"dataset":"meta","id":"c3f96dea-1a91-498d-954b-1e82f540f86d"},"geometry":{"type":"Point","coordinates":[-0.181424,5.659636]}},{"type":"Feature","properties":{"name":"Gob3 Plaza","category":"restaurant","confidence":0.415,"dataset":"meta","id":"5712a8a9-36b9-420d-b40c-231f01664d22"},"geometry":{"type":"Point","coordinates":[-0.181399,5.659608]}},{"type":"Feature","properties":{"name":"Mamobi","category":"real_estate_service","confidence":0.46,"dataset":"meta","id":"05690e39-89ae-43e5-8d75-a1f36e261fcb"},"geometry":{"type":"Point","coordinates":[-0.182131,5.663451]}},{"type":"Feature","properties":{"name":"Evandy Hostel","category":"lodging","confidence":0.824,"dataset":"meta","id":"05aad8f8-0927-46f2-aca3-64ed5b42da26"},"geometry":{"type":"Point","coordinates":[-0.181209,5.663113]}},{"type":"Feature","properties":{"name":"mango down","category":"restaurant","confidence":0.342,"dataset":"meta","id":"175a5382-70e4-44d1-b9b4-ed4bef703986"},"geometry":{"type":"Point","coordinates":[-0.180273,5.663065]}},{"type":"Feature","properties":{"name":"Bani Hostel","category":"lodging","confidence":0.767,"dataset":"meta","id":"ca56e73d-a43a-4377-8957-a6dde0e7bdf5"},"geometry":{"type":"Point","coordinates":[-0.179777,5.662908]}},{"type":"Feature","properties":{"name":"Restall Guest House and Jays Pub","category":"bar","confidence":0.72,"dataset":"meta","id":"fc5ab831-ba26-4932-8d22-5043e9465239"},"geometry":{"type":"Point","coordinates":[-0.179,5.662665]}},{"type":"Feature","properties":{"name":"Christ Vision Bible college","category":"religious_organization","confidence":0.546,"dataset":"meta","id":"df871765-ef1f-4f79-9494-1f645262074d"},"geometry":{"type":"Point","coordinates":[-0.18028,5.66259]}},{"type":"Feature","properties":{"name":"AiSAD,School For The Creative & Media Industries","category":"campus_building","confidence":0.48,"dataset":"meta","id":"f1d99fe0-feaa-4957-81df-669f08627063"},"geometry":{"type":"Point","coordinates":[-0.1788,5.663101]}},{"type":"Feature","properties":{"name":"PRESEC JUNCTION","category":"atm","confidence":0.8,"dataset":"AllThePlaces","id":"caed54b0-08d3-4675-9193-f756fb5c911c"},"geometry":{"type":"Point","coordinates":[-0.177479,5.660393]}},{"type":"Feature","properties":{"name":"Bonjour","category":"convenience_store","confidence":0.8,"dataset":"AllThePlaces","id":"858ad5ee-d43d-410d-8b48-eb98b62ec647"},"geometry":{"type":"Point","coordinates":[-0.178411,5.66698]}},{"type":"Feature","properties":{"name":"TotalEnergies","category":"gas_station","confidence":0.97,"dataset":"Microsoft","id":"668f23d0-4521-4e4b-b05d-45f33e96913e"},"geometry":{"type":"Point","coordinates":[-0.178411,5.666979]}},{"type":"Feature","properties":{"name":"Bayview Village Accra","category":"event_or_party_service","confidence":0.968,"dataset":"meta","id":"bc27a721-7c17-4dae-b636-a0f14ed66692"},"geometry":{"type":"Point","coordinates":[-0.178978,5.666754]}},{"type":"Feature","properties":{"name":"JQB Lecture Hall","category":"event_venue","confidence":0.628,"dataset":"meta","id":"872e61ba-a939-4efd-b5d5-8f862d482955"},"geometry":{"type":"Point","coordinates":[-0.182268,5.665541]}},{"type":"Feature","properties":{"name":"James Topp Nelson Yankah Hall, Legon","category":"campus_building","confidence":0.755,"dataset":"meta","id":"2dea36d0-a0c3-49f6-b6e6-bf3e69c1c16c"},"geometry":{"type":"Point","coordinates":[-0.182143,5.666117]}},{"type":"Feature","properties":{"name":"Dolphines Aqua Fitness Club","category":"stadium_arena","confidence":0.528,"dataset":"meta","id":"f71c6608-b0fc-4943-a19b-d2d8fe3cef48"},"geometry":{"type":"Point","coordinates":[-0.179064,5.666566]}},{"type":"Feature","properties":{"name":"FlowerGhana","category":"flowers_and_gifts_store","confidence":0.503,"dataset":"meta","id":"07d6ec97-63e7-4cb2-a78d-d81f724f1739"},"geometry":{"type":"Point","coordinates":[-0.179876,5.666645]}},{"type":"Feature","properties":{"name":"TF Hostels, Legon","category":"lodging","confidence":0.773,"dataset":"meta","id":"e5ff8b1a-1a04-4638-a12c-75bd59963789"},"geometry":{"type":"Point","coordinates":[-0.182048,5.666541]}},{"type":"Feature","properties":{"name":"Adaking's Restaurant","category":"restaurant","confidence":0.475,"dataset":"meta","id":"d12b326b-44e3-4b91-98fa-83e491f3ea9d"},"geometry":{"type":"Point","coordinates":[-0.182109,5.666217]}},{"type":"Feature","properties":{"name":"UNIDOORS Ghana","category":"art_gallery","confidence":0.14,"dataset":"meta","id":"5dac1b79-bc0c-43ee-901e-96a9bf0468fc"},"geometry":{"type":"Point","coordinates":[-0.179782,5.666675]}},{"type":"Feature","properties":{"name":"Solo Cibo Restaurant","category":"restaurant","confidence":0.6,"dataset":"meta","id":"95b1d186-da9e-4ffe-abd6-ade6b9bf1c0f"},"geometry":{"type":"Point","coordinates":[-0.179832,5.666671]}},{"type":"Feature","properties":{"name":"Telefonika","category":"electronics_store","confidence":0.257,"dataset":"meta","id":"2a9a7a29-16cc-4cfd-a2f6-ae050dfd3526"},"geometry":{"type":"Point","coordinates":[-0.179379,5.667078]}},{"type":"Feature","properties":{"name":"Selfie Studio","category":"professional_service","confidence":0.736,"dataset":"meta","id":"b25e164e-b26a-4a5a-b4a5-11484ed33981"},"geometry":{"type":"Point","coordinates":[-0.179378,5.667062]}},{"type":"Feature","properties":{"name":"Zoe Pharmacy","category":"pharmacy_and_drug_store","confidence":0.907,"dataset":"meta","id":"b12cd5df-2c60-4444-bfea-bb7a393c0b86"},"geometry":{"type":"Point","coordinates":[-0.181618,5.667277]}},{"type":"Feature","properties":{"name":"Mini Clinic","category":"health_care","confidence":0.972,"dataset":"meta","id":"818852af-1e44-41ba-8fbe-3876921f3830"},"geometry":{"type":"Point","coordinates":[-0.185718,5.667409]}},{"type":"Feature","properties":{"name":"Small Animal Teaching Hospital","category":"hospital","confidence":0.523,"dataset":"meta","id":"d27eb9f1-2741-4325-818c-c53b1f27d684"},"geometry":{"type":"Point","coordinates":[-0.185792,5.666681]}},{"type":"Feature","properties":{"name":"Papaye Fast Food Awudome","category":"restaurant","confidence":0.698,"dataset":"meta","id":"288eafe3-0d4d-401e-b44d-3be9940171d1"},"geometry":{"type":"Point","coordinates":[-0.187043,5.667094]}},{"type":"Feature","properties":{"name":"Agbogba Junction","category":"public_transit_facility_or_service","confidence":0.722,"dataset":"meta","id":"c027aec0-7ab8-42e0-9f4f-97b86a3880b3"},"geometry":{"type":"Point","coordinates":[-0.18825,5.667035]}},{"type":"Feature","properties":{"name":"Tilly's Paradise","category":"personal_or_beauty_service","confidence":0.562,"dataset":"meta","id":"afd90bc1-ca58-4d92-b5ff-9492c9dc744d"},"geometry":{"type":"Point","coordinates":[-0.191116,5.66747]}},{"type":"Feature","properties":{"name":"HAATSO KFC","category":"atm","confidence":0.8,"dataset":"AllThePlaces","id":"c334ec59-09c6-4250-9fd1-bdd02122ee9c"},"geometry":{"type":"Point","coordinates":[-0.188172,5.667731]}},{"type":"Feature","properties":{"name":"Container","category":"restaurant","confidence":0.338,"dataset":"meta","id":"cb76bee3-c665-4531-9fba-d3929e51b729"},"geometry":{"type":"Point","coordinates":[-0.18618,5.66761]}},{"type":"Feature","properties":{"name":"Oraimo Exclusive Store (Nabis Green)","category":"electronics_store","confidence":0.654,"dataset":"meta","id":"c2fb6506-41b1-469d-9750-2553866aabdb"},"geometry":{"type":"Point","coordinates":[-0.188443,5.668498]}},{"type":"Feature","properties":{"name":"ElectroMart","category":"electronics_store","confidence":0.425,"dataset":"meta","id":"d065505f-3dbd-4596-9ef5-64f16c1fcd21"},"geometry":{"type":"Point","coordinates":[-0.182176,5.668224]}},{"type":"Feature","properties":{"name":"Dominion City Accra HQ","category":"christian_place_of_worship","confidence":0.918,"dataset":"meta","id":"2e4db7dd-3cc0-4f78-a3dd-e310711f1fba"},"geometry":{"type":"Point","coordinates":[-0.181426,5.667594]}},{"type":"Feature","properties":{"name":"Center for Psychological Services and Professional Development","category":"behavioral_or_mental_health_clinic","confidence":0.741,"dataset":"meta","id":"d729d9b1-f24c-48d2-ac4e-3e6b259f959d"},"geometry":{"type":"Point","coordinates":[-0.18196,5.66795]}},{"type":"Feature","properties":{"name":"Africana Guesthouse","category":"lodging","confidence":0.39,"dataset":"meta","id":"fae840bc-94fd-4095-a87f-adddd605f751"},"geometry":{"type":"Point","coordinates":[-0.180872,5.667875]}},{"type":"Feature","properties":{"name":"Jenny`S School Of Catering","category":"event_or_party_service","confidence":0.537,"dataset":"meta","id":"d6c8b208-58dc-42a2-aed3-90293b41663e"},"geometry":{"type":"Point","coordinates":[-0.195254,5.665409]}},{"type":"Feature","properties":{"name":"Jeremy Resources Limited","category":"b2b_energy_and_utility_service","confidence":0.634,"dataset":"meta","id":"b67691c9-5011-4893-8f8e-1150e8b3584b"},"geometry":{"type":"Point","coordinates":[-0.197497,5.665145]}},{"type":"Feature","properties":{"name":"Tboy TV","category":"media_service","confidence":0.466,"dataset":"meta","id":"975f5e4f-6988-4a44-b674-52b22e092151"},"geometry":{"type":"Point","coordinates":[-0.203007,5.662402]}},{"type":"Feature","properties":{"name":"West Street Deliveries","category":"b2b_transportation_and_storage_service","confidence":0.523,"dataset":"meta","id":"5f762927-4bc1-4d96-bf05-74c83b50ad2e"},"geometry":{"type":"Point","coordinates":[-0.203057,5.662789]}},{"type":"Feature","properties":{"name":"Mighty Gift Royal Hotel","category":"hotel","confidence":0.338,"dataset":"meta","id":"2d4e9633-9225-4f14-a2e2-dd538ffe9520"},"geometry":{"type":"Point","coordinates":[-0.201898,5.663412]}},{"type":"Feature","properties":{"name":"Medifem Hospital","category":"hospital","confidence":0.841,"dataset":"meta","id":"e8773dcf-8256-4991-9fe6-8aedf03a633b"},"geometry":{"type":"Point","coordinates":[-0.206198,5.658505]}},{"type":"Feature","properties":{"name":"Commonwealth BackPack","category":"college_university","confidence":0.929,"dataset":"meta","id":"6dab7da5-72b8-4c9e-a894-22f653d5da31"},"geometry":{"type":"Point","coordinates":[-0.192943,5.65114]}},{"type":"Feature","properties":{"name":"Campus Hub","category":"restaurant","confidence":0.93,"dataset":"meta","id":"e85970d1-03bb-4248-9abe-d344d7b720dc"},"geometry":{"type":"Point","coordinates":[-0.192198,5.651061]}},{"type":"Feature","properties":{"name":"Wonak Abie Enterprise","category":"electronics_store","confidence":0.616,"dataset":"meta","id":"2547baa0-e175-4714-8739-bfb11c0fb3f7"},"geometry":{"type":"Point","coordinates":[-0.19893,5.65042]}},{"type":"Feature","properties":{"name":"Milben Community School","category":"family_service","confidence":0.815,"dataset":"meta","id":"d1d24168-7ebd-4e19-9267-9b31cef4548a"},"geometry":{"type":"Point","coordinates":[-0.19893,5.65042]}},{"type":"Feature","properties":{"name":"Geontia GROUP LTD.","category":"building_or_construction_service","confidence":0.565,"dataset":"meta","id":"29b52984-54c2-4bdc-aa72-77a78fd7e481"},"geometry":{"type":"Point","coordinates":[-0.19893,5.65042]}},{"type":"Feature","properties":{"name":"Unity Assemblies of God","category":"christian_place_of_worship","confidence":0.566,"dataset":"meta","id":"6b821daa-b850-4a37-8d66-83e3a5bd6a41"},"geometry":{"type":"Point","coordinates":[-0.19893,5.65042]}},{"type":"Feature","properties":{"name":"University of Ghana Registry","category":"college_university","confidence":0.693,"dataset":"meta","id":"77e73af4-c75c-4cd4-9aad-20e0fd4da25d"},"geometry":{"type":"Point","coordinates":[-0.19532,5.650038]}},{"type":"Feature","properties":{"name":"Zilnik Print","category":"design_service","confidence":0.537,"dataset":"meta","id":"d0d3c0e5-8645-4135-b855-b8c156c45e51"},"geometry":{"type":"Point","coordinates":[-0.19578,5.648273]}},{"type":"Feature","properties":{"name":"Small pitah","category":null,"confidence":0.09,"dataset":"meta","id":"3984eab7-517d-4b7e-95e1-618c5eeac35a"},"geometry":{"type":"Point","coordinates":[-0.197024,5.646965]}},{"type":"Feature","properties":{"name":"Volta River (Akosombo)","category":"river","confidence":0.635,"dataset":"meta","id":"f997d8cf-d358-4852-87a3-b582fdfb2eb5"},"geometry":{"type":"Point","coordinates":[-0.201685,5.645758]}},{"type":"Feature","properties":{"name":"Agro Africa Ltd","category":"agricultural_service","confidence":0.791,"dataset":"meta","id":"3f7c668c-9f7e-44b0-89af-8410dd3442ec"},"geometry":{"type":"Point","coordinates":[-0.201674,5.644433]}},{"type":"Feature","properties":{"name":"Institute of Leadership and Strategy","category":"college_university","confidence":0.495,"dataset":"meta","id":"41ee9903-0e2f-4da7-9a18-b676b6441b63"},"geometry":{"type":"Point","coordinates":[-0.200602,5.642293]}},{"type":"Feature","properties":{"name":"The BabyNest","category":"education","confidence":0.296,"dataset":"meta","id":"55409c36-8232-456c-aa32-af95be287d97"},"geometry":{"type":"Point","coordinates":[-0.197653,5.641697]}},{"type":"Feature","properties":{"name":"Ayido Circle","category":"monument","confidence":0.494,"dataset":"meta","id":"787350ee-ea9e-41cd-8923-d55ac37b2927"},"geometry":{"type":"Point","coordinates":[-0.195304,5.641469]}},{"type":"Feature","properties":{"name":"Unlimited Life Mission - ULM","category":"christian_place_of_worship","confidence":0.589,"dataset":"meta","id":"49ca4ee7-71b0-44c5-9c1e-8c3ef303a1cd"},"geometry":{"type":"Point","coordinates":[-0.195975,5.633595]}},{"type":"Feature","properties":{"name":"Blessed Blooms Ltd","category":"flowers_and_gifts_store","confidence":0.455,"dataset":"meta","id":"5417ce17-229f-4669-a47c-16b759c07a20"},"geometry":{"type":"Point","coordinates":[-0.194439,5.628873]}},{"type":"Feature","properties":{"name":"Births and Deaths Registry, Ghana","category":"government_office","confidence":0.7,"dataset":"meta","id":"72948e2a-c261-4872-b949-20a094bf7cee"},"geometry":{"type":"Point","coordinates":[-0.181941,5.62769]}},{"type":"Feature","properties":{"name":"Covenant Chapel Assemblies of God","category":"christian_place_of_worship","confidence":0.949,"dataset":"meta","id":"d3d82a79-97e7-4832-aec7-1c267952613f"},"geometry":{"type":"Point","coordinates":[-0.183113,5.627902]}},{"type":"Feature","properties":{"name":"Barclays Bank Accra Motorway Ext","category":"bank_or_credit_union","confidence":0.558,"dataset":"meta","id":"7914cf93-9284-47db-91e2-9cf07cf06abe"},"geometry":{"type":"Point","coordinates":[-0.182977,5.627354]}},{"type":"Feature","properties":{"name":"Korea Exim Bank Accra Representative Office","category":"bank_or_credit_union","confidence":0.626,"dataset":"meta","id":"3d004cd2-1685-4c0b-ad68-05b342fcb847"},"geometry":{"type":"Point","coordinates":[-0.182181,5.627377]}},{"type":"Feature","properties":{"name":"CSIR-Food Research Institute","category":"research_institute","confidence":0.878,"dataset":"meta","id":"240e5cb6-d6e5-4a92-b3c8-d2988b264461"},"geometry":{"type":"Point","coordinates":[-0.182181,5.627377]}},{"type":"Feature","properties":{"name":"Wild Gecko Handicrafts","category":"arts_crafts_and_hobby_store","confidence":0.652,"dataset":"meta","id":"c602a9ac-a0e8-4fad-820b-5a24fad2eddd"},"geometry":{"type":"Point","coordinates":[-0.183493,5.626307]}},{"type":"Feature","properties":{"name":"Axis Resource Ltd.","category":"home_service","confidence":0.483,"dataset":"meta","id":"a1875e86-4790-4ebf-b35d-5d150ce1a65a"},"geometry":{"type":"Point","coordinates":[-0.183035,5.627113]}},{"type":"Feature","properties":{"name":"Ghana Hydrological Authority","category":"building_or_construction_service","confidence":0.575,"dataset":"meta","id":"30d61710-8174-44a5-be29-68bfbe92c793"},"geometry":{"type":"Point","coordinates":[-0.18575,5.62683]}},{"type":"Feature","properties":{"name":"Mighty Rock Sda Church Shiashie - Accra","category":"religious_organization","confidence":0.613,"dataset":"meta","id":"683c74c0-b27d-4e20-88ab-9451a0a47074"},"geometry":{"type":"Point","coordinates":[-0.18575,5.62683]}},{"type":"Feature","properties":{"name":"Yara Ghana","category":"agricultural_service","confidence":0.483,"dataset":"meta","id":"50b7ddd9-70b9-4f43-a54c-991aca2952dc"},"geometry":{"type":"Point","coordinates":[-0.18575,5.62683]}},{"type":"Feature","properties":{"name":"Ghood Food","category":"event_or_party_service","confidence":0.525,"dataset":"meta","id":"34295612-5cea-493c-9dc5-2b4c54d7e0bb"},"geometry":{"type":"Point","coordinates":[-0.185716,5.626546]}},{"type":"Feature","properties":{"name":"Ghana Standards Authority","category":"government_office","confidence":0.747,"dataset":"meta","id":"ac9ebd33-ca69-484a-8bf2-a2e3b2945a3b"},"geometry":{"type":"Point","coordinates":[-0.177378,5.630631]}},{"type":"Feature","properties":{"name":"Bani Hostel","category":"lodging","confidence":0.57,"dataset":"meta","id":"a47e397b-dd5a-4a05-98bf-ac11f495a7a6"},"geometry":{"type":"Point","coordinates":[-0.177656,5.631308]}},{"type":"Feature","properties":{"name":"Okponglo Bus Stop","category":"public_transit_facility_or_service","confidence":0.606,"dataset":"meta","id":"683d483e-dd1e-4645-9cb9-035c92b98d55"},"geometry":{"type":"Point","coordinates":[-0.177629,5.631408]}},{"type":"Feature","properties":{"name":"Flora Legacy Apartments","category":"hotel","confidence":0.502,"dataset":"meta","id":"6d6a4e7e-a634-4237-a7a0-b498c0ca8871"},"geometry":{"type":"Point","coordinates":[-0.176359,5.634653]}},{"type":"Feature","properties":{"name":"SRK Consulting","category":"b2b_energy_and_utility_service","confidence":0.85,"dataset":"Microsoft","id":"f34279e6-f9b8-4008-8fc0-75da35b15825"},"geometry":{"type":"Point","coordinates":[-0.176409,5.633856]}},{"type":"Feature","properties":{"name":"Hotel Obama","category":"hotel","confidence":0.544,"dataset":"meta","id":"cbd9fb0e-8413-46f4-999b-5f66fc85b24a"},"geometry":{"type":"Point","coordinates":[-0.176251,5.633539]}},{"type":"Feature","properties":{"name":"BeyBee Pharmacy Legon","category":"pharmacy_and_drug_store","confidence":0.85,"dataset":"Microsoft","id":"cf7e25c0-6e42-4836-9932-24c623799268"},"geometry":{"type":"Point","coordinates":[-0.177298,5.632275]}},{"type":"Feature","properties":{"name":"Shell","category":"gas_station","confidence":0.97,"dataset":"Microsoft","id":"18c23768-d747-457c-8659-9b99dfff74ac"},"geometry":{"type":"Point","coordinates":[-0.177449,5.63246]}},{"type":"Feature","properties":{"name":"National Association of Registered Midwives, Ghana (NARM, GH)","category":"event_or_party_service","confidence":0.395,"dataset":"meta","id":"fea8874c-5919-4484-86fe-305bc768f98d"},"geometry":{"type":"Point","coordinates":[-0.176537,5.633125]}},{"type":"Feature","properties":{"name":"University of Ghana Medical Centre","category":"hospital","confidence":0.78,"dataset":"meta","id":"8be6bf50-1a0c-4d21-8ecc-3a53463df1ed"},"geometry":{"type":"Point","coordinates":[-0.185929,5.632357]}},{"type":"Feature","properties":{"name":"Kynasty G","category":null,"confidence":0.115,"dataset":"meta","id":"35d8f60f-ea45-4de1-9421-9bd52ca673f9"},"geometry":{"type":"Point","coordinates":[-0.186133,5.632866]}},{"type":"Feature","properties":{"name":"Danok Media","category":"media_service","confidence":0.533,"dataset":"meta","id":"417108c7-6e7d-4780-8605-d0c51cbdf767"},"geometry":{"type":"Point","coordinates":[-0.182111,5.633516]}},{"type":"Feature","properties":{"name":"Ghana Institute of Advanced Legal Studies","category":"college_university","confidence":0.603,"dataset":"meta","id":"b74817e2-ebca-44cb-822a-0f6159af84b7"},"geometry":{"type":"Point","coordinates":[-0.182111,5.633516]}},{"type":"Feature","properties":{"name":"Gracefields Campus Church, Accra","category":"christian_place_of_worship","confidence":0.527,"dataset":"meta","id":"64a714b2-32bb-4441-84f4-8ec85768c9de"},"geometry":{"type":"Point","coordinates":[-0.182111,5.633516]}},{"type":"Feature","properties":{"name":"Zak Empire Limited","category":"real_estate_service","confidence":0.672,"dataset":"meta","id":"34c00ad2-d692-4fd3-a932-6e421dacff71"},"geometry":{"type":"Point","coordinates":[-0.182111,5.633516]}},{"type":"Feature","properties":{"name":"Divine Mercy Catholic Church, Okponglo, East Legon.","category":"christian_place_of_worship","confidence":0.87,"dataset":"meta","id":"70a8d295-fc5c-437d-93ff-b7ab50745107"},"geometry":{"type":"Point","coordinates":[-0.18261,5.634127]}},{"type":"Feature","properties":{"name":"Green It Is","category":null,"confidence":0.754,"dataset":"meta","id":"1e1b38f8-c0ba-4027-ba8e-6be4936db631"},"geometry":{"type":"Point","coordinates":[-0.182611,5.63413]}},{"type":"Feature","properties":{"name":"Phytoscience Plant Base Stemcell Therapy","category":null,"confidence":0.283,"dataset":"meta","id":"8e51da85-642e-474f-a501-7b2328b384aa"},"geometry":{"type":"Point","coordinates":[-0.18261,5.634127]}},{"type":"Feature","properties":{"name":"GraceHub Commission","category":"religious_organization","confidence":0.56,"dataset":"meta","id":"16fccd31-a0ec-486d-8e33-57d332a17261"},"geometry":{"type":"Point","coordinates":[-0.182611,5.63413]}},{"type":"Feature","properties":{"name":"Noguchi Memorial Institute For Medical Research","category":"research_institute","confidence":0.871,"dataset":"meta","id":"e1e17e5f-418a-4245-9a06-939fc32eb297"},"geometry":{"type":"Point","coordinates":[-0.183518,5.634915]}},{"type":"Feature","properties":{"name":"Melvic Technologies","category":"technical_service","confidence":0.877,"dataset":"meta","id":"eac576df-6b8a-437c-8d51-8ec771650796"},"geometry":{"type":"Point","coordinates":[-0.187531,5.635379]}},{"type":"Feature","properties":{"name":"Jean Nelson Aka Hostel","category":"lodging","confidence":0.734,"dataset":"meta","id":"efe594d1-dc43-43b0-89e6-19874a296357"},"geometry":{"type":"Point","coordinates":[-0.188266,5.635632]}},{"type":"Feature","properties":{"name":"Christ's Oasis Ministries - Airport City","category":"religious_organization","confidence":0.814,"dataset":"meta","id":"0de30d4b-733b-470d-8734-7f9e66cb2b00"},"geometry":{"type":"Point","coordinates":[-0.187636,5.635882]}},{"type":"Feature","properties":{"name":"Neogenics Education - Ghana","category":"educational_service","confidence":0.654,"dataset":"meta","id":"01445c0b-7edd-49bf-ba0f-73605dec7aa1"},"geometry":{"type":"Point","coordinates":[-0.187505,5.635873]}},{"type":"Feature","properties":{"name":"University Of Ghana Legon Outdoor Basketball Court","category":"stadium_arena","confidence":0.483,"dataset":"meta","id":"4fad7ac4-ad17-4922-a4a5-a0092fffb0f3"},"geometry":{"type":"Point","coordinates":[-0.187505,5.635873]}},{"type":"Feature","properties":{"name":"Vihills Hotel","category":"hotel","confidence":0.546,"dataset":"meta","id":"421dbfd9-8014-4c9b-a838-9f155833b142"},"geometry":{"type":"Point","coordinates":[-0.18654,5.63576]}},{"type":"Feature","properties":{"name":"School Of Public Health","category":"campus_building","confidence":0.541,"dataset":"meta","id":"a0b67519-7307-47f8-a197-ed16196c2328"},"geometry":{"type":"Point","coordinates":[-0.187285,5.636025]}},{"type":"Feature","properties":{"name":"Elizabeth Frances Sey Hall","category":"lodging","confidence":0.913,"dataset":"meta","id":"3a58e834-e1d6-4edf-b782-8dfe658d100c"},"geometry":{"type":"Point","coordinates":[-0.187592,5.635969]}},{"type":"Feature","properties":{"name":"Yepa logistics ","category":"b2b_transportation_and_storage_service","confidence":0.099,"dataset":"meta","id":"4b5641ee-1399-4bc6-946a-1e510c4cda21"},"geometry":{"type":"Point","coordinates":[-0.190391,5.637038]}},{"type":"Feature","properties":{"name":"3rd Floor, Alex Kwapong Hall","category":"lodging","confidence":0.694,"dataset":"meta","id":"9f8d90ae-4dfc-47ce-9910-ba61a9aa290f"},"geometry":{"type":"Point","coordinates":[-0.186175,5.636875]}},{"type":"Feature","properties":{"name":"limann BBal court","category":"sport_court","confidence":0.504,"dataset":"meta","id":"3fa3a2a2-918a-43e3-8b59-39d7c89f23ed"},"geometry":{"type":"Point","coordinates":[-0.185589,5.63696]}},{"type":"Feature","properties":{"name":"University of ghana","category":"education","confidence":0.689,"dataset":"meta","id":"488b155f-7dbd-4dd5-ae2f-51dabb5f5a54"},"geometry":{"type":"Point","coordinates":[-0.185569,5.636786]}},{"type":"Feature","properties":{"name":"Lovereign Bible Church","category":"christian_place_of_worship","confidence":0.863,"dataset":"meta","id":"29b623fb-d1a8-4e9e-9e2f-baa5b7bc433d"},"geometry":{"type":"Point","coordinates":[-0.185969,5.636798]}},{"type":"Feature","properties":{"name":"Jean Nelson Rd","category":"resort","confidence":0.329,"dataset":"meta","id":"51f837d7-e3fe-4b6c-b535-3eefae1995dc"},"geometry":{"type":"Point","coordinates":[-0.18755,5.63625]}},{"type":"Feature","properties":{"name":"Yiri Lodge","category":"hotel","confidence":0.77,"dataset":"meta","id":"d5d4cc05-a7f9-4585-b309-d0f4c254a21e"},"geometry":{"type":"Point","coordinates":[-0.180568,5.636574]}},{"type":"Feature","properties":{"name":"Jaria Hotel","category":"hotel","confidence":0.546,"dataset":"meta","id":"a0f656b7-0dc0-4f07-8c0a-ce197ed6b323"},"geometry":{"type":"Point","coordinates":[-0.17927,5.63592]}},{"type":"Feature","properties":{"name":"Protec Security Services Limited","category":"professional_service","confidence":0.536,"dataset":"meta","id":"6c5e4ee4-3156-4c2b-96ef-df201994af4b"},"geometry":{"type":"Point","coordinates":[-0.17927,5.63592]}},{"type":"Feature","properties":{"name":"Ghana Chamber of Mines","category":"b2b_energy_and_utility_service","confidence":0.566,"dataset":"meta","id":"c725af5e-ce70-4e6c-9278-4bcd3e9e9214"},"geometry":{"type":"Point","coordinates":[-0.17927,5.63592]}},{"type":"Feature","properties":{"name":"Knutsford University College","category":"college_university","confidence":0.86,"dataset":"meta","id":"2075d47f-27ac-40f1-bd22-72e44f29850d"},"geometry":{"type":"Point","coordinates":[-0.17927,5.63592]}},{"type":"Feature","properties":{"name":"Gs Plaza Hotel","category":"lodging","confidence":0.724,"dataset":"meta","id":"1fd2eb4a-6911-4118-8fe1-0967be2b344b"},"geometry":{"type":"Point","coordinates":[-0.178974,5.636186]}},{"type":"Feature","properties":{"name":"McDan Group","category":"event_or_party_service","confidence":0.832,"dataset":"meta","id":"e0b9a32b-f33a-448e-afa2-125d1816febd"},"geometry":{"type":"Point","coordinates":[-0.176668,5.637295]}},{"type":"Feature","properties":{"name":"Dr. Hilla Limann Hall","category":"lodging","confidence":0.383,"dataset":"meta","id":"a8f56ea5-12f6-4da3-a11e-7b8d02312879"},"geometry":{"type":"Point","coordinates":[-0.184937,5.637269]}},{"type":"Feature","properties":{"name":"Dr Hilla Liman Hostel","category":"lodging","confidence":0.84,"dataset":"meta","id":"56300d85-6096-4577-aac2-80751c810fec"},"geometry":{"type":"Point","coordinates":[-0.184724,5.637558]}},{"type":"Feature","properties":{"name":"Partners Travel and Tours Limited ","category":"corporate_or_business_office","confidence":0.572,"dataset":"meta","id":"45c7d947-1e26-4b85-a8d2-277e50abfcb3"},"geometry":{"type":"Point","coordinates":[-0.18003,5.63896]}},{"type":"Feature","properties":{"name":"Ghana BlueFins Swim Club","category":"swimming_pool","confidence":0.616,"dataset":"meta","id":"a3a424f3-8534-4c48-a149-52e3c10623b0"},"geometry":{"type":"Point","coordinates":[-0.18239,5.639347]}},{"type":"Feature","properties":{"name":"International Student Hostel","category":"lodging","confidence":0.799,"dataset":"meta","id":"1edb2acf-ade4-4db6-93a9-132361a24d49"},"geometry":{"type":"Point","coordinates":[-0.185207,5.640055]}},{"type":"Feature","properties":{"name":"Sports Directorate, University of Ghana","category":"gym","confidence":0.545,"dataset":"meta","id":"cef009fb-d36b-4cf5-b139-be4ce0aca7ea"},"geometry":{"type":"Point","coordinates":[-0.18162,5.639786]}},{"type":"Feature","properties":{"name":"South Legon Dr","category":"dog_park","confidence":0.387,"dataset":"meta","id":"3932fbcc-c994-49da-af42-da46b6892c72"},"geometry":{"type":"Point","coordinates":[-0.185297,5.640577]}},{"type":"Feature","properties":{"name":"Jubilee Hall","category":"real_estate_service","confidence":0.708,"dataset":"meta","id":"98bb6881-ef9d-4abb-b1b9-a3327b04079a"},"geometry":{"type":"Point","coordinates":[-0.185717,5.640265]}},{"type":"Feature","properties":{"name":"The University Of Ghana Debate Society","category":"college_university","confidence":0.356,"dataset":"meta","id":"ca31d287-34a7-42e1-8a39-32f03f5ef6cc"},"geometry":{"type":"Point","coordinates":[-0.189664,5.640522]}},{"type":"Feature","properties":{"name":"Splendy Mothercare","category":"fashion_and_apparel_store","confidence":0.784,"dataset":"meta","id":"794aa930-f61f-458f-9329-43da96f7db71"},"geometry":{"type":"Point","coordinates":[-0.187111,5.640682]}},{"type":"Feature","properties":{"name":"ISH 2","category":"lodging","confidence":0.615,"dataset":"meta","id":"277493d5-ed74-46ef-8ce3-9d6aa0d8ea3e"},"geometry":{"type":"Point","coordinates":[-0.1858,5.641517]}},{"type":"Feature","properties":{"name":"GoKlean Company limited","category":"home_service","confidence":0.538,"dataset":"meta","id":"c5f13b9a-7218-48b0-b6b5-6b1a5f727352"},"geometry":{"type":"Point","coordinates":[-0.18976,5.6419]}},{"type":"Feature","properties":{"name":"Night Market","category":"market","confidence":0.377,"dataset":"meta","id":"33f8d387-2a45-4c0a-8ba3-228db568e4d9"},"geometry":{"type":"Point","coordinates":[-0.185713,5.641998]}},{"type":"Feature","properties":{"name":"Neolife GHANA","category":"civic_organization","confidence":0.555,"dataset":"meta","id":"2af94ed1-6b18-4037-b994-88529c142770"},"geometry":{"type":"Point","coordinates":[-0.1807,5.64154]}},{"type":"Feature","properties":{"name":"Nick Petroleum Ghana Limited","category":"manufacturer","confidence":0.552,"dataset":"meta","id":"b821a880-e736-401f-a2e4-44a044fa1c30"},"geometry":{"type":"Point","coordinates":[-0.18125,5.64066]}},{"type":"Feature","properties":{"name":"Superlife Ghana gh","category":"food_and_beverage_store","confidence":0.415,"dataset":"meta","id":"261730ac-cef0-4b64-9fff-528f6cb9c2fd"},"geometry":{"type":"Point","coordinates":[-0.17749,5.640653]}},{"type":"Feature","properties":{"name":"okponglo tsibom joint","category":"restaurant","confidence":0.365,"dataset":"meta","id":"688ab962-837e-407e-a04b-20e84eb3310b"},"geometry":{"type":"Point","coordinates":[-0.17746,5.640785]}},{"type":"Feature","properties":{"name":"Meko Gh","category":"restaurant","confidence":0.522,"dataset":"meta","id":"6f4cc3b7-cb28-429a-962e-47c106d50d88"},"geometry":{"type":"Point","coordinates":[-0.177598,5.640831]}},{"type":"Feature","properties":{"name":"Fridaysgh","category":null,"confidence":0.229,"dataset":"meta","id":"7f01c19a-ec97-48c5-bda3-1abd00ba1587"},"geometry":{"type":"Point","coordinates":[-0.178027,5.641109]}},{"type":"Feature","properties":{"name":"Gracefields Chapel","category":"christian_place_of_worship","confidence":0.825,"dataset":"meta","id":"9f2c49a3-ea09-4ade-b28b-8a78894f8754"},"geometry":{"type":"Point","coordinates":[-0.178129,5.64166]}},{"type":"Feature","properties":{"name":"Busy Bite Dental Practice","category":"dental_clinic","confidence":0.79,"dataset":"meta","id":"1cc57e30-00f3-4753-a68c-1c8649fe91aa"},"geometry":{"type":"Point","coordinates":[-0.174319,5.641792]}},{"type":"Feature","properties":{"name":"Youth Leadership Parliament","category":"youth_organization","confidence":0.456,"dataset":"meta","id":"a5627f33-d2db-4115-9a0d-f276fa01afc4"},"geometry":{"type":"Point","coordinates":[-0.174028,5.64163]}},{"type":"Feature","properties":{"name":"Global Motors Limited","category":"vehicle_dealer","confidence":0.559,"dataset":"meta","id":"644034cb-1a2e-4fe0-a42b-803b756111c3"},"geometry":{"type":"Point","coordinates":[-0.170614,5.641551]}},{"type":"Feature","properties":{"name":"AFWEST International Security","category":"professional_service","confidence":0.676,"dataset":"meta","id":"a06f147e-af2f-44e1-baa2-15a3e59ff35a"},"geometry":{"type":"Point","coordinates":[-0.172292,5.641384]}},{"type":"Feature","properties":{"name":"Mchenlys EYE CARE","category":"health_care","confidence":0.533,"dataset":"meta","id":"18f7082a-e3bf-422d-bbeb-1981643f7883"},"geometry":{"type":"Point","coordinates":[-0.171605,5.641279]}},{"type":"Feature","properties":{"name":"University of Ghana Stadium","category":"sport_field","confidence":0.791,"dataset":"meta","id":"120b21e3-120a-434f-a22e-d91b17a94e7b"},"geometry":{"type":"Point","coordinates":[-0.177899,5.640395]}},{"type":"Feature","properties":{"name":"UG Sports Directorate","category":"sport_team","confidence":0.639,"dataset":"meta","id":"0ef5bdda-bcdc-4e40-a818-92fc94987c39"},"geometry":{"type":"Point","coordinates":[-0.17717,5.64016]}},{"type":"Feature","properties":{"name":"Energy Foundation","category":"social_or_community_service","confidence":0.551,"dataset":"meta","id":"7cf2de7a-dada-4b68-932a-4bb2b728c140"},"geometry":{"type":"Point","coordinates":[-0.17718,5.639626]}}]}