{"type":"FeatureCollection","metadata":{"title":"University of Ghana, Legon: destination access registry","generator":"scripts/geography/build-access.mjs","crs":"EPSG:4326","methods":{"curated":"data/geography/registry/access.json: written sources or mapped geometry (cited)","osm-entrance":"OpenStreetMap entrance=* node on the footprint","gate":"OpenStreetMap gate on the area outline","area-entry":"where a mapped road or path enters the area","path-access":"a mapped footway that runs up to the building","drive-access":"a mapped service drive that runs up to the building","frontage":"inferred: the side nearest the network, no mapped access (low confidence)","point":"the destination is mapped as a point"}},"features":[{"type":"Feature","id":"access:place:landmark:bank-cbg","properties":{"role":"entrance","place":"Consolidated Bank Ghana (near Night Market)","placeId":"place:landmark:bank-cbg","kind":"bank","footprint":"osm:relation/7226878","entranceType":"public entrance","method":"curated","evidence":"Owner: CBG is the west wing (C) and its entrance is on the south side, facing you as you come from the Diaspora route or the Night Market. Owner photo: the CBG front with steps, red pillars, a canopy sign and flags.","cite":"owner-banking-square","confidence":"high","arrival":[-0.1859115,5.6425199],"arrivalWay":"osm:way/753803740","arrivalWayClass":"service","arrivalDistance":4.6,"approach":[270,90],"facing":360,"dropoff":[-0.1859115,5.6425199],"dropoffWay":"osm:way/753803740","dropoffDistance":4.6,"legClear":true,"status":"verified","refs":["banking_square_labelled (owner aerial)","cbg_front (owner photo)"],"approachText":"From the road along the south side (the way in from the Diaspora halls and the Night Market) to the CBG door with its steps and red pillars."},"geometry":{"type":"Point","coordinates":[-0.1858949,5.6425766]}},{"type":"Feature","id":"access:place:landmark:bank-stanchart-src","properties":{"role":"entrance","place":"Standard Chartered ATM (near SRC Union Building)","placeId":"place:landmark:bank-stanchart-src","kind":"bank","footprint":"osm:way/744967425","entranceType":"inferred frontage","method":"frontage","evidence":"no mapped entrance or access way: the side nearest the network","confidence":"low","arrival":[-0.1874221,5.6469994],"arrivalWay":"osm:way/637507513","arrivalWayClass":"service","arrivalDistance":7,"approach":[178,358],"facing":268,"dropoff":[-0.1874221,5.6469994],"dropoffWay":"osm:way/637507513","dropoffDistance":7,"legClear":true,"status":"inferred"},"geometry":{"type":"Point","coordinates":[-0.1874949,5.6469769]}},{"type":"Feature","id":"access:place:landmark:diaspora-dome","properties":{"role":"entrance","place":"Diaspora Dome","placeId":"place:landmark:diaspora-dome","kind":"landmark","footprint":null,"entranceType":"public open space","method":"curated","evidence":"Owner's aerial: the front of the lawn between the two big halls, facing the road, is open (no gate); the halls have several doors onto the lawn (marked). Owner's map: the dome lies north-west of the Lizalex Quadrangle.","cite":"owner-dome","confidence":"high","arrival":[-0.1869341,5.6371848],"arrivalWay":"osm:way/353697499","arrivalWayName":"Jubilee Link","arrivalWayClass":"residential","arrivalDistance":16.8,"approach":[241,61],"facing":331,"dropoff":[-0.1869341,5.6371848],"dropoffWay":"osm:way/353697499","dropoffWayName":"Jubilee Link","dropoffDistance":16.8,"legClear":true,"status":"verified","refs":["diaspora_dome_aerial (owner, open front and gates marked)","diaspora_dome_map (owner)"],"approachText":"From the road along the halls into the open front of the dome site (no gate), across the lawn to the halls' doors."},"geometry":{"type":"Point","coordinates":[-0.1870079,5.6373174]}},{"type":"Feature","id":"access:place:landmark:stadium","properties":{"role":"entrance","place":"University of Ghana Sports Stadium","placeId":"place:landmark:stadium","kind":"sport","footprint":"osm:way/1273337678","entranceType":"public entrance","method":"curated","evidence":"Atlas sheet 1: the covered main grandstand is on the west side of the bowl, facing the road and the gym centre. Spectator gates are not mapped.","cite":"user-atlas","confidence":"medium","arrival":[-0.1809715,5.6390286],"arrivalWay":"osm:way/1533364955","arrivalWayClass":"service","arrivalDistance":22.5,"approach":[360,180],"facing":90,"dropoff":[-0.1809715,5.6390286],"dropoffWay":"osm:way/1533364955","dropoffDistance":22.5,"legClear":true,"status":"partial","refs":["atlas sheet 1"],"approachText":"From the road west of the stadium to the main (west) grandstand."},"geometry":{"type":"Point","coordinates":[-0.1807687,5.639029]}},{"type":"Feature","id":"access:place:landmark:supermart","properties":{"role":"entrance","place":"Supermart (Night Market)","placeId":"place:landmark:supermart","kind":"food","footprint":"ml:277d59b2-0047-401d-bf87-17917a45b798","entranceType":"public entrance","method":"curated","evidence":"Owner's aerial: the long one-floor supermarket (circled black) fronts the road on its east side, opposite the banking square.","cite":"owner-night-market","confidence":"high","arrival":[-0.1860126,5.642804],"arrivalWay":"osm:way/637710159","arrivalWayName":"Jubilee Link","arrivalWayClass":"unclassified","arrivalDistance":1.8,"approach":[182,2],"facing":272,"dropoff":[-0.1860126,5.642804],"dropoffWay":"osm:way/637710159","dropoffWayName":"Jubilee Link","dropoffDistance":1.8,"legClear":true,"status":"verified","refs":["owner's aerial of the Night Market"],"approachText":"From the road on the east side to the supermarket's glazed doors under the SUPERMART lettering."},"geometry":{"type":"Point","coordinates":[-0.1860511,5.6428042]}},{"type":"Feature","id":"access:place:landmark:union-building","properties":{"role":"entrance","place":"Union Building (Banking Square)","placeId":"place:landmark:union-building","kind":"bank","footprint":"osm:relation/6703886","entranceType":"public entrance","method":"curated","evidence":"Owner's photo: the Union Building entrance (sign 'ALUMNI BUILDING') across a block-paved forecourt, with the Ecobank-blue wing beside it. OSM maps an entrance node in the east notch; the photo's angle is not fixed, so the side is partial.","cite":"owner-banking-square","confidence":"medium","arrival":[-0.1847562,5.6425241],"arrivalWay":"osm:way/628961542","arrivalWayClass":"path","arrivalDistance":1,"approach":[72,252],"facing":342,"dropoff":[-0.1844145,5.6426469],"dropoffWay":"osm:way/448225442","dropoffWayName":"Akilagpa Sawyerr Road","dropoffDistance":40.2,"legClear":true,"status":"partial","refs":["union_building_entrance (owner photo)","union_building_aerial (owner)"],"approachText":"To the east notch of the Union Building, facing the car park and the loop road."},"geometry":{"type":"Point","coordinates":[-0.1847799,5.6425239]}},{"type":"Feature","id":"access:place:landmark:university-square","properties":{"role":"entrance","place":"University Square","placeId":"place:landmark:university-square","kind":"landmark","footprint":"derived:university-square","entranceType":"public open space","method":"curated","evidence":"UG text: 'mid-way [along the avenue] is an open space, the University Square, with an ornamental fountain'. The square's outline is derived from the lanes that bound it (no source maps it).","cite":"ug-legon-campus","confidence":"medium","arrival":[-0.1870282,5.6512741],"arrivalWay":"osm:way/624028488","arrivalWayClass":"footway","arrivalDistance":6.2,"approach":[90,270],"facing":0,"dropoff":[-0.1870297,5.6514555],"dropoffWay":"osm:way/278303088","dropoffDistance":13.9,"legClear":true,"status":"partial","refs":["atlas sheet 2"],"stop":"inside","approachText":"Ride onto the square's paths and stop in the middle of the square, between the library front and the fountain."},"geometry":{"type":"Point","coordinates":[-0.1870278,5.6513297]}},{"type":"Feature","id":"access:place:landmark:vaughan-dam","properties":{"role":"entrance","place":"Vaughan Dam","placeId":"place:landmark:vaughan-dam","kind":"landmark","footprint":"osm:way/215443236","entranceType":"inferred frontage","method":"frontage","evidence":"no mapped entrance or access way: the side nearest the network","confidence":"low","arrival":[-0.1884288,5.6660465],"arrivalWay":"osm:way/696878696","arrivalWayClass":"path","arrivalDistance":3.7,"approach":[54,234],"facing":144,"dropoff":[-0.1889194,5.6662656],"dropoffWay":"osm:way/448874016","dropoffDistance":62.8,"legClear":true,"status":"unverified"},"geometry":{"type":"Point","coordinates":[-0.1884089,5.6660196]}},{"type":"Feature","id":"access:place:osm:node/10233004258","properties":{"role":"entrance","place":"Nailcanta","placeId":"place:osm:node/10233004258","kind":"other","footprint":"osm:way/394252485","entranceType":"inferred frontage","method":"frontage","evidence":"no mapped entrance or access way: the side nearest the network","confidence":"low","arrival":[-0.1814887,5.65851],"arrivalWay":"osm:way/335456903","arrivalWayName":"Pent Road","arrivalWayClass":"residential","arrivalDistance":19.8,"approach":[358,178],"facing":88,"dropoff":[-0.1814887,5.65851],"dropoffWay":"osm:way/335456903","dropoffWayName":"Pent Road","dropoffDistance":19.8,"legClear":true,"status":"inferred"},"geometry":{"type":"Point","coordinates":[-0.1812902,5.6585258]}},{"type":"Feature","id":"access:place:osm:node/10283000309","properties":{"role":"entrance","place":"Pinkberry (near Center Point Mall)","placeId":"place:osm:node/10283000309","kind":"other","footprint":"osm:way/1124772550","entranceType":"drop-off","method":"drive-access","evidence":"osm:way/1144025662 (service) runs up to the building","confidence":"medium","arrival":[-0.1800237,5.6668692],"arrivalWay":"osm:way/1144025662","arrivalWayClass":"service","arrivalDistance":0,"approach":[182,2],"facing":180,"dropoff":[-0.1800237,5.6668692],"dropoffWay":"osm:way/1144025662","dropoffDistance":0,"legClear":true,"status":"mapped"},"geometry":{"type":"Point","coordinates":[-0.1800247,5.6668466]}},{"type":"Feature","id":"access:place:osm:node/10283059252","properties":{"role":"entrance","place":"Pinkberry (near Unicom)","placeId":"place:osm:node/10283059252","kind":"other","footprint":"osm:way/1124510723","entranceType":"drop-off","method":"drive-access","evidence":"osm:way/959664960 (service) runs up to the building","confidence":"medium","arrival":[-0.1883259,5.6679038],"arrivalWay":"osm:way/959664960","arrivalWayClass":"service","arrivalDistance":1.3,"approach":[93,273],"facing":183,"dropoff":[-0.1883259,5.6679038],"dropoffWay":"osm:way/959664960","dropoffDistance":1.3,"legClear":true,"status":"mapped"},"geometry":{"type":"Point","coordinates":[-0.1883042,5.6678885]}},{"type":"Feature","id":"access:place:osm:node/10310809076","properties":{"role":"entrance","place":"Museum of Archaelogy","placeId":"place:osm:node/10310809076","kind":"other","footprint":"osm:way/492099546","entranceType":"drop-off","method":"drive-access","evidence":"osm:way/720888947 (service) runs up to the building","confidence":"medium","arrival":[-0.1813641,5.6521876],"arrivalWay":"osm:way/424526317","arrivalWayClass":"residential","arrivalDistance":0.7,"approach":[360,180],"facing":90,"dropoff":[-0.1813641,5.6521876],"dropoffWay":"osm:way/424526317","dropoffDistance":0.7,"legClear":true,"status":"mapped"},"geometry":{"type":"Point","coordinates":[-0.1813349,5.6521864]}},{"type":"Feature","id":"access:place:osm:node/10600482660","properties":{"role":"entrance","place":"GrowForMe","placeId":"place:osm:node/10600482660","kind":"other","footprint":"osm:way/1124510725","entranceType":"inferred frontage","method":"frontage","evidence":"no mapped entrance or access way: the side nearest the network","confidence":"low","arrival":[-0.1878056,5.6676448],"arrivalWay":"osm:way/515804973","arrivalWayName":"Agbogba Ashongman Road","arrivalWayClass":"tertiary","arrivalDistance":12.5,"approach":[337,157],"facing":67,"dropoff":[-0.1878056,5.6676448],"dropoffWay":"osm:way/515804973","dropoffWayName":"Agbogba Ashongman Road","dropoffDistance":12.5,"legClear":true,"status":"inferred"},"geometry":{"type":"Point","coordinates":[-0.1876953,5.6677106]}},{"type":"Feature","id":"access:place:osm:node/10602426888","properties":{"role":"entrance","place":"Pizzaman-Chickenman","placeId":"place:osm:node/10602426888","kind":"food","footprint":"osm:way/1124772550","entranceType":"drop-off","method":"drive-access","evidence":"osm:way/1144025662 (service) runs up to the building","confidence":"medium","arrival":[-0.1800237,5.6668692],"arrivalWay":"osm:way/1144025662","arrivalWayClass":"service","arrivalDistance":0,"approach":[182,2],"facing":180,"dropoff":[-0.1800237,5.6668692],"dropoffWay":"osm:way/1144025662","dropoffDistance":0,"legClear":true,"status":"mapped"},"geometry":{"type":"Point","coordinates":[-0.1800247,5.6668466]}},{"type":"Feature","id":"access:place:osm:node/10649159404","properties":{"role":"entrance","place":"Palace","placeId":"place:osm:node/10649159404","kind":"other","footprint":"osm:way/936649722","entranceType":"inferred frontage","method":"frontage","evidence":"no mapped entrance or access way: the side nearest the network","confidence":"low","arrival":[-0.1778263,5.6676882],"arrivalWay":"osm:way/1117719539","arrivalWayClass":"service","arrivalDistance":0.4,"approach":[205,25],"facing":295,"dropoff":[-0.1778263,5.6676882],"dropoffWay":"osm:way/1117719539","dropoffDistance":0.4,"legClear":true,"status":"inferred"},"geometry":{"type":"Point","coordinates":[-0.1778388,5.6677101]}},{"type":"Feature","id":"access:place:osm:node/10947766171","properties":{"role":"entrance","place":"GIS Lab A2","placeId":"place:osm:node/10947766171","kind":"academic","footprint":"osm:way/394125206","entranceType":"inferred frontage","method":"frontage","evidence":"no mapped entrance or access way: the side nearest the network","confidence":"low","arrival":[-0.1832448,5.6507711],"arrivalWay":"osm:way/623722343","arrivalWayClass":"footway","arrivalDistance":13.6,"approach":[88,268],"facing":358,"dropoff":[-0.1832458,5.6507357],"dropoffWay":"osm:way/278303102","dropoffWayName":"Dr. J.B. Danquah Avenue","dropoffDistance":17.6,"legClear":true,"status":"inferred"},"geometry":{"type":"Point","coordinates":[-0.1832613,5.6509133]}},{"type":"Feature","id":"access:place:osm:node/11066096742","properties":{"role":"entrance","place":"GCB Bank ATM","placeId":"place:osm:node/11066096742","kind":"bank","footprint":null,"entranceType":"point","method":"point","evidence":"mapped as a point","confidence":"medium","arrival":[-0.1878442,5.6510279],"arrivalWay":"osm:way/278303097","arrivalWayName":"W.E.B. Dubois Road","arrivalWayClass":"residential","arrivalDistance":28.3,"approach":[0,180],"facing":90,"dropoff":[-0.1878442,5.6510279],"dropoffWay":"osm:way/278303097","dropoffWayName":"W.E.B. Dubois Road","dropoffDistance":28.3,"legClear":true,"status":"mapped"},"geometry":{"type":"Point","coordinates":[-0.1875888,5.6510275]}},{"type":"Feature","id":"access:place:osm:node/11222432477","properties":{"role":"entrance","place":"Commonwealth Hall Library","placeId":"place:osm:node/11222432477","kind":"academic","footprint":"osm:way/320072526","entranceType":"inferred frontage","method":"frontage","evidence":"no mapped entrance or access way: the side nearest the network","confidence":"low","arrival":[-0.1940569,5.650767],"arrivalWay":"osm:way/100307640","arrivalWayClass":"residential","arrivalDistance":46.5,"approach":[181,1],"facing":91,"dropoff":[-0.1940569,5.650767],"dropoffWay":"osm:way/100307640","dropoffDistance":46.5,"legClear":true,"status":"inferred"},"geometry":{"type":"Point","coordinates":[-0.1936218,5.6507436]}},{"type":"Feature","id":"access:place:osm:node/11245588927","properties":{"role":"entrance","place":"Absa ATM","placeId":"place:osm:node/11245588927","kind":"bank","footprint":null,"entranceType":"point","method":"point","evidence":"mapped as a point","confidence":"medium","arrival":[-0.1868105,5.6671133],"arrivalWay":"osm:way/1124695346","arrivalWayClass":"service","arrivalDistance":18.6,"approach":[272,92],"facing":226,"dropoff":[-0.1868105,5.6671133],"dropoffWay":"osm:way/1124695346","dropoffDistance":18.6,"legClear":true,"status":"mapped"},"geometry":{"type":"Point","coordinates":[-0.1869312,5.6669959]}},{"type":"Feature","id":"access:place:osm:node/11303206724","properties":{"role":"entrance","place":"Legon 2nd Bus Stop","placeId":"place:osm:node/11303206724","kind":"transport","footprint":null,"entranceType":"point","method":"point","evidence":"mapped as a point","confidence":"medium","arrival":[-0.1800619,5.6517064],"arrivalWay":"osm:way/448225220","arrivalWayName":"J.J. Rawlings Avenue","arrivalWayClass":"unclassified","arrivalDistance":3.4,"approach":[351,171],"facing":81,"dropoff":[-0.1800619,5.6517064],"dropoffWay":"osm:way/448225220","dropoffWayName":"J.J. Rawlings Avenue","dropoffDistance":3.4,"legClear":true,"status":"mapped"},"geometry":{"type":"Point","coordinates":[-0.1800313,5.6517112]}},{"type":"Feature","id":"access:place:osm:node/11380277242","properties":{"role":"entrance","place":"Standard Chartered ATM (near Balme Library Fountain)","placeId":"place:osm:node/11380277242","kind":"bank","footprint":"osm:way/448104189","entranceType":"atm","method":"curated","evidence":"Owner: Standard Chartered's ATM is on the other side of the building, facing Legon Hall and Akuafo Hall.","cite":"owner-balme","confidence":"high","arrival":[-0.1864805,5.6507764],"arrivalWay":"osm:way/623722343","arrivalWayClass":"footway","arrivalDistance":4.8,"approach":[92,272],"facing":2,"dropoff":[-0.1864794,5.6507374],"dropoffWay":"osm:way/448225217","dropoffWayName":"Dr. J.B. Danquah Avenue","dropoffDistance":9.1,"legClear":true,"status":"verified","refs":["owner's marked aerial of the Balme Library surroundings"],"approachText":"To the ATMs on the south face of the bank building, toward Legon Hall and Akuafo Hall."},"geometry":{"type":"Point","coordinates":[-0.1864663,5.6508387]}},{"type":"Feature","id":"access:place:osm:node/11380282488","properties":{"role":"entrance","place":"Standard Chartered ATM (near UGBS Graduate Campus)","placeId":"place:osm:node/11380282488","kind":"bank","footprint":null,"entranceType":"point","method":"point","evidence":"mapped as a point","confidence":"medium","arrival":[-0.1774903,5.6601856],"arrivalWay":"osm:way/1226363014","arrivalWayClass":"service","arrivalDistance":11.4,"approach":[223,43],"facing":133,"dropoff":[-0.1774903,5.6601856],"dropoffWay":"osm:way/1226363014","dropoffDistance":11.4,"legClear":true,"status":"mapped"},"geometry":{"type":"Point","coordinates":[-0.1774151,5.6601153]}},{"type":"Feature","id":"access:place:osm:node/11386641729","properties":{"role":"entrance","place":"Ghana Water Company Limited","placeId":"place:osm:node/11386641729","kind":"other","footprint":"osm:way/623722344","entranceType":"inferred frontage","method":"frontage","evidence":"no mapped entrance or access way: the side nearest the network","confidence":"low","arrival":[-0.174649,5.660071],"arrivalWay":"osm:way/770618439","arrivalWayClass":"service","arrivalDistance":28.1,"approach":[271,91],"facing":269,"dropoff":[-0.174649,5.660071],"dropoffWay":"osm:way/770618439","dropoffDistance":28.1,"legClear":true,"status":"inferred"},"geometry":{"type":"Point","coordinates":[-0.1749229,5.6600788]}},{"type":"Feature","id":"access:place:osm:node/11654967113","properties":{"role":"entrance","place":"Matrix Fitness & Lifestyle Center","placeId":"place:osm:node/11654967113","kind":"sport","footprint":"osm:way/665125607","entranceType":"inferred frontage","method":"frontage","evidence":"no mapped entrance or access way: the side nearest the network","confidence":"low","arrival":[-0.1786391,5.6530368],"arrivalWay":"osm:way/637234257","arrivalWayClass":"service","arrivalDistance":1.8,"approach":[256,76],"facing":166,"dropoff":[-0.1786391,5.6530368],"dropoffWay":"osm:way/637234257","dropoffDistance":1.8,"legClear":true,"status":"inferred"},"geometry":{"type":"Point","coordinates":[-0.1786427,5.6530421]}},{"type":"Feature","id":"access:place:osm:node/12355452740","properties":{"role":"entrance","place":"ADB","placeId":"place:osm:node/12355452740","kind":"bank","footprint":"osm:way/496464180","entranceType":"inferred frontage","method":"frontage","evidence":"no mapped entrance or access way: the side nearest the network","confidence":"low","arrival":[-0.1848325,5.6429804],"arrivalWay":"osm:way/1537942595","arrivalWayClass":"service","arrivalDistance":7.1,"approach":[40,220],"facing":332,"dropoff":[-0.1848325,5.6429804],"dropoffWay":"osm:way/1537942595","dropoffDistance":7.1,"legClear":true,"status":"inferred"},"geometry":{"type":"Point","coordinates":[-0.1848737,5.6430571]}},{"type":"Feature","id":"access:place:osm:node/12463231666","properties":{"role":"entrance","place":"Kingdom Books and Stationery","placeId":"place:osm:node/12463231666","kind":"other","footprint":"osm:way/1124772550","entranceType":"drop-off","method":"drive-access","evidence":"osm:way/1144025662 (service) runs up to the building","confidence":"medium","arrival":[-0.1800237,5.6668692],"arrivalWay":"osm:way/1144025662","arrivalWayClass":"service","arrivalDistance":0,"approach":[182,2],"facing":180,"dropoff":[-0.1800237,5.6668692],"dropoffWay":"osm:way/1144025662","dropoffDistance":0,"legClear":true,"status":"mapped"},"geometry":{"type":"Point","coordinates":[-0.1800247,5.6668466]}},{"type":"Feature","id":"access:place:osm:node/12645575219","properties":{"role":"entrance","place":"Laundry Hub","placeId":"place:osm:node/12645575219","kind":"other","footprint":"osm:relation/5288831","entranceType":"inferred frontage","method":"frontage","evidence":"no mapped entrance or access way: the side nearest the network","confidence":"low","arrival":[-0.1858421,5.6378017],"arrivalWay":"osm:way/353697499","arrivalWayName":"Jubilee Link","arrivalWayClass":"residential","arrivalDistance":14,"approach":[243,63],"facing":153,"dropoff":[-0.1858421,5.6378017],"dropoffWay":"osm:way/353697499","dropoffWayName":"Jubilee Link","dropoffDistance":14,"legClear":true,"status":"inferred"},"geometry":{"type":"Point","coordinates":[-0.1857825,5.6376669]}},{"type":"Feature","id":"access:place:osm:node/13339965156","properties":{"role":"entrance","place":"Zewnic","placeId":"place:osm:node/13339965156","kind":"other","footprint":null,"entranceType":"point","method":"point","evidence":"mapped as a point","confidence":"medium","arrival":[-0.1752143,5.6412201],"arrivalWay":"osm:way/690492480","arrivalWayName":"Olebo Lane","arrivalWayClass":"residential","arrivalDistance":15.7,"approach":[358,178],"facing":88,"dropoff":[-0.1752143,5.6412201],"dropoffWay":"osm:way/690492480","dropoffWayName":"Olebo Lane","dropoffDistance":15.7,"legClear":true,"status":"mapped"},"geometry":{"type":"Point","coordinates":[-0.1750729,5.6412262]}},{"type":"Feature","id":"access:place:osm:node/13479700527","properties":{"role":"entrance","place":"Cirrus Networks","placeId":"place:osm:node/13479700527","kind":"other","footprint":"osm:way/1184505254","entranceType":"inferred frontage","method":"frontage","evidence":"no mapped entrance or access way: the side nearest the network","confidence":"low","arrival":[-0.1807161,5.6481489],"arrivalWay":"osm:way/1239540275","arrivalWayClass":"footway","arrivalDistance":4,"approach":[271,91],"facing":181,"dropoff":[-0.1811564,5.648392],"dropoffWay":"osm:way/1145609357","dropoffDistance":57.7,"legClear":false,"status":"inferred","note":"the last few metres from the network to the entrance cross osm:way/1184505256 (an enclosed courtyard or a mapping gap)"},"geometry":{"type":"Point","coordinates":[-0.1807111,5.6480906]}},{"type":"Feature","id":"access:place:osm:node/14209053339","properties":{"role":"entrance","place":"Ghana Immigration Service - Legon Satellite Office","placeId":"place:osm:node/14209053339","kind":"other","footprint":"osm:relation/5912384","entranceType":"inferred frontage","method":"frontage","evidence":"no mapped entrance or access way: the side nearest the network","confidence":"low","arrival":[-0.1817137,5.6538126],"arrivalWay":"osm:way/187988192","arrivalWayClass":"service","arrivalDistance":3.1,"approach":[180,0],"facing":270,"dropoff":[-0.1817137,5.6538126],"dropoffWay":"osm:way/187988192","dropoffDistance":3.1,"legClear":true,"status":"inferred"},"geometry":{"type":"Point","coordinates":[-0.1817578,5.6537972]}},{"type":"Feature","id":"access:place:osm:node/1508412431","properties":{"role":"entrance","place":"SG-SSB","placeId":"place:osm:node/1508412431","kind":"bank","footprint":null,"entranceType":"point","method":"point","evidence":"mapped as a point","confidence":"medium","arrival":[-0.1789646,5.6478206],"arrivalWay":"osm:way/634974035","arrivalWayClass":"service","arrivalDistance":2.8,"approach":[91,271],"facing":1,"dropoff":[-0.1789646,5.6478206],"dropoffWay":"osm:way/634974035","dropoffDistance":2.8,"legClear":true,"status":"mapped"},"geometry":{"type":"Point","coordinates":[-0.1789641,5.6478457]}},{"type":"Feature","id":"access:place:osm:node/1508412434","properties":{"role":"entrance","place":"Total","placeId":"place:osm:node/1508412434","kind":"other","footprint":null,"entranceType":"point","method":"point","evidence":"mapped as a point","confidence":"medium","arrival":[-0.178952,5.6474636],"arrivalWay":"osm:way/1313827700","arrivalWayClass":"service","arrivalDistance":4,"approach":[232,52],"facing":322,"dropoff":[-0.178952,5.6474636],"dropoffWay":"osm:way/1313827700","dropoffDistance":4,"legClear":true,"status":"mapped"},"geometry":{"type":"Point","coordinates":[-0.178974,5.647492]}},{"type":"Feature","id":"access:place:osm:node/1775844715","properties":{"role":"entrance","place":"Legon Police Station","placeId":"place:osm:node/1775844715","kind":"other","footprint":"osm:way/665125638","entranceType":"inferred frontage","method":"frontage","evidence":"no mapped entrance or access way: the side nearest the network","confidence":"low","arrival":[-0.1797381,5.6505721],"arrivalWay":"osm:way/196489049","arrivalWayClass":"residential","arrivalDistance":6.1,"approach":[177,357],"facing":87,"dropoff":[-0.1797381,5.6505721],"dropoffWay":"osm:way/196489049","dropoffDistance":6.1,"legClear":true,"status":"inferred"},"geometry":{"type":"Point","coordinates":[-0.1796679,5.650592]}},{"type":"Feature","id":"access:place:osm:node/1986177615","properties":{"role":"entrance","place":"Institute For Environment & Sanitation Studies","placeId":"place:osm:node/1986177615","kind":"academic","footprint":"osm:relation/5912384","entranceType":"inferred frontage","method":"frontage","evidence":"no mapped entrance or access way: the side nearest the network","confidence":"low","arrival":[-0.1817137,5.6538126],"arrivalWay":"osm:way/187988192","arrivalWayClass":"service","arrivalDistance":3.1,"approach":[180,0],"facing":270,"dropoff":[-0.1817137,5.6538126],"dropoffWay":"osm:way/187988192","dropoffDistance":3.1,"legClear":true,"status":"inferred"},"geometry":{"type":"Point","coordinates":[-0.1817578,5.6537972]}},{"type":"Feature","id":"access:place:osm:node/2068163030","properties":{"role":"entrance","place":"Max Mart","placeId":"place:osm:node/2068163030","kind":"other","footprint":"osm:way/665125607","entranceType":"inferred frontage","method":"frontage","evidence":"no mapped entrance or access way: the side nearest the network","confidence":"low","arrival":[-0.1786391,5.6530368],"arrivalWay":"osm:way/637234257","arrivalWayClass":"service","arrivalDistance":1.8,"approach":[256,76],"facing":166,"dropoff":[-0.1786391,5.6530368],"dropoffWay":"osm:way/637234257","dropoffDistance":1.8,"legClear":true,"status":"inferred"},"geometry":{"type":"Point","coordinates":[-0.1786427,5.6530421]}},{"type":"Feature","id":"access:place:osm:node/2068210669","properties":{"role":"entrance","place":"East Legon Veteinary Centre","placeId":"place:osm:node/2068210669","kind":"academic","footprint":null,"entranceType":"point","method":"point","evidence":"mapped as a point","confidence":"medium","arrival":[-0.1756743,5.6412433],"arrivalWay":"osm:way/959063497","arrivalWayClass":"service","arrivalDistance":4.5,"approach":[7,187],"facing":97,"dropoff":[-0.1756743,5.6412433],"dropoffWay":"osm:way/959063497","dropoffDistance":4.5,"legClear":true,"status":"mapped"},"geometry":{"type":"Point","coordinates":[-0.1756336,5.6412384]}},{"type":"Feature","id":"access:place:osm:node/2068210674","properties":{"role":"entrance","place":"Ecobank (near East Legon Veteinary Centre)","placeId":"place:osm:node/2068210674","kind":"bank","footprint":null,"entranceType":"point","method":"point","evidence":"mapped as a point","confidence":"medium","arrival":[-0.1750136,5.6410875],"arrivalWay":"osm:way/513647989","arrivalWayName":"La Bawaleshi Road","arrivalWayClass":"secondary","arrivalDistance":15.9,"approach":[85,265],"facing":355,"dropoff":[-0.1750136,5.6410875],"dropoffWay":"osm:way/513647989","dropoffWayName":"La Bawaleshi Road","dropoffDistance":15.9,"legClear":true,"status":"mapped"},"geometry":{"type":"Point","coordinates":[-0.1750258,5.6412311]}},{"type":"Feature","id":"access:place:osm:node/2068210687","properties":{"role":"entrance","place":"EPP Books","placeId":"place:osm:node/2068210687","kind":"other","footprint":"osm:way/665125607","entranceType":"inferred frontage","method":"frontage","evidence":"no mapped entrance or access way: the side nearest the network","confidence":"low","arrival":[-0.1786391,5.6530368],"arrivalWay":"osm:way/637234257","arrivalWayClass":"service","arrivalDistance":1.8,"approach":[256,76],"facing":166,"dropoff":[-0.1786391,5.6530368],"dropoffWay":"osm:way/637234257","dropoffDistance":1.8,"legClear":true,"status":"inferred"},"geometry":{"type":"Point","coordinates":[-0.1786427,5.6530421]}},{"type":"Feature","id":"access:place:osm:node/2248903599","properties":{"role":"entrance","place":"Tayiba Restaurant","placeId":"place:osm:node/2248903599","kind":"food","footprint":"osm:way/696878697","entranceType":"inferred frontage","method":"frontage","evidence":"no mapped entrance or access way: the side nearest the network","confidence":"low","arrival":[-0.1886289,5.6668807],"arrivalWay":"osm:way/448874016","arrivalWayClass":"residential","arrivalDistance":5.5,"approach":[25,205],"facing":115,"dropoff":[-0.1886289,5.6668807],"dropoffWay":"osm:way/448874016","dropoffDistance":5.5,"legClear":true,"status":"inferred"},"geometry":{"type":"Point","coordinates":[-0.1885617,5.666864]}},{"type":"Feature","id":"access:place:osm:node/2369709555","properties":{"role":"entrance","place":"Bush Canteen (near School of Public Health)","placeId":"place:osm:node/2369709555","kind":"food","footprint":null,"entranceType":"point","method":"point","evidence":"mapped as a point","confidence":"medium","arrival":[-0.1844354,5.6343978],"arrivalWay":"osm:way/690531803","arrivalWayClass":"service","arrivalDistance":11.5,"approach":[258,78],"facing":168,"dropoff":[-0.1844354,5.6343978],"dropoffWay":"osm:way/690531803","dropoffDistance":11.5,"legClear":true,"status":"mapped"},"geometry":{"type":"Point","coordinates":[-0.184414,5.6342961]}},{"type":"Feature","id":"access:place:osm:node/2614691254","properties":{"role":"entrance","place":"Erata Hotel","placeId":"place:osm:node/2614691254","kind":"other","footprint":"osm:way/697316708","entranceType":"inferred frontage","method":"frontage","evidence":"no mapped entrance or access way: the side nearest the network","confidence":"low","arrival":[-0.1751975,5.6399572],"arrivalWay":"osm:way/1534508786","arrivalWayClass":"service","arrivalDistance":47.2,"approach":[78,258],"facing":168,"dropoff":[-0.1751975,5.6399572],"dropoffWay":"osm:way/1534508786","dropoffDistance":47.2,"legClear":true,"status":"inferred"},"geometry":{"type":"Point","coordinates":[-0.1750884,5.6395424]}},{"type":"Feature","id":"access:place:osm:node/2940229220","properties":{"role":"entrance","place":"Hotel Obama","placeId":"place:osm:node/2940229220","kind":"other","footprint":null,"entranceType":"point","method":"point","evidence":"mapped as a point","confidence":"low","arrival":[-0.1763473,5.6335367],"arrivalWay":"osm:way/197544802","arrivalWayName":"Mbabane Avenue","arrivalWayClass":"unclassified","arrivalDistance":25.1,"approach":[355,175],"facing":85,"dropoff":[-0.1763473,5.6335367],"dropoffWay":"osm:way/197544802","dropoffWayName":"Mbabane Avenue","dropoffDistance":25.1,"legClear":false,"status":"mapped","note":"the last few metres from the network to the entrance cross osm:way/1244062166 (an enclosed courtyard or a mapping gap)"},"geometry":{"type":"Point","coordinates":[-0.1761218,5.633558]}},{"type":"Feature","id":"access:place:osm:node/2940229222","properties":{"role":"entrance","place":"Royal Emperor","placeId":"place:osm:node/2940229222","kind":"food","footprint":null,"entranceType":"point","method":"point","evidence":"mapped as a point","confidence":"medium","arrival":[-0.17598,5.6400207],"arrivalWay":"osm:way/196491568","arrivalWayName":"Ouagadougou Street","arrivalWayClass":"residential","arrivalDistance":5.7,"approach":[84,264],"facing":174,"dropoff":[-0.17598,5.6400207],"dropoffWay":"osm:way/196491568","dropoffWayName":"Ouagadougou Street","dropoffDistance":5.7,"legClear":true,"status":"mapped"},"geometry":{"type":"Point","coordinates":[-0.1759748,5.6399694]}},{"type":"Feature","id":"access:place:osm:node/3425613994","properties":{"role":"entrance","place":"Ecobank (near Night Market)","placeId":"place:osm:node/3425613994","kind":"bank","footprint":"osm:relation/6703886","entranceType":"public entrance","method":"curated","evidence":"Owner: the Ecobank entrance is the blue-circled spot in the owner's close-up of the Union Building (the notch between the two north wings) and looks like the Union Building entrance in the owner's photo.","cite":"owner-banking-square","confidence":"high","arrival":[-0.1849352,5.6427177],"arrivalWay":"osm:way/1537942596","arrivalWayClass":"service","arrivalDistance":11.9,"approach":[209,29],"facing":174,"dropoff":[-0.1849352,5.6427177],"dropoffWay":"osm:way/1537942596","dropoffDistance":11.9,"legClear":true,"status":"verified","refs":["union_building_aerial (owner, entrance marked)","union_building_entrance (owner photo)"],"approachText":"To the north notch of the Union Building, between its two north wings."},"geometry":{"type":"Point","coordinates":[-0.1849171,5.6425895]}},{"type":"Feature","id":"access:place:osm:node/3425613995","properties":{"role":"entrance","place":"Republic Bank (near Night Market)","placeId":"place:osm:node/3425613995","kind":"bank","footprint":"osm:way/496464180","entranceType":"inferred frontage","method":"frontage","evidence":"no mapped entrance or access way: the side nearest the network","confidence":"low","arrival":[-0.1848325,5.6429804],"arrivalWay":"osm:way/1537942595","arrivalWayClass":"service","arrivalDistance":7.1,"approach":[40,220],"facing":332,"dropoff":[-0.1848325,5.6429804],"dropoffWay":"osm:way/1537942595","dropoffDistance":7.1,"legClear":true,"status":"inferred"},"geometry":{"type":"Point","coordinates":[-0.1848737,5.6430571]}},{"type":"Feature","id":"access:place:osm:node/3462088441","properties":{"role":"entrance","place":"Goil","placeId":"place:osm:node/3462088441","kind":"other","footprint":null,"entranceType":"point","method":"point","evidence":"mapped as a point","confidence":"medium","arrival":[-0.1774557,5.6603427],"arrivalWay":"osm:way/1226363014","arrivalWayClass":"service","arrivalDistance":3.6,"approach":[113,293],"facing":203,"dropoff":[-0.1774557,5.6603427],"dropoffWay":"osm:way/1226363014","dropoffDistance":3.6,"legClear":true,"status":"mapped"},"geometry":{"type":"Point","coordinates":[-0.1774687,5.6603126]}},{"type":"Feature","id":"access:place:osm:node/3595142479","properties":{"role":"entrance","place":"Yiri Lodge","placeId":"place:osm:node/3595142479","kind":"other","footprint":"osm:way/486614510","entranceType":"inferred frontage","method":"frontage","evidence":"no mapped entrance or access way: the side nearest the network","confidence":"low","arrival":[-0.1807085,5.6370636],"arrivalWay":"osm:way/1533364946","arrivalWayClass":"service","arrivalDistance":28.2,"approach":[233,53],"facing":143,"dropoff":[-0.1807085,5.6370636],"dropoffWay":"osm:way/1533364946","dropoffDistance":28.2,"legClear":true,"status":"inferred"},"geometry":{"type":"Point","coordinates":[-0.1805569,5.636837]}},{"type":"Feature","id":"access:place:osm:node/3803696727","properties":{"role":"entrance","place":"Benab Oil","placeId":"place:osm:node/3803696727","kind":"other","footprint":null,"entranceType":"point","method":"point","evidence":"mapped as a point","confidence":"medium","arrival":[-0.1775323,5.6675921],"arrivalWay":"osm:way/607146302","arrivalWayClass":"service","arrivalDistance":14.6,"approach":[68,248],"facing":338,"dropoff":[-0.1775323,5.6675921],"dropoffWay":"osm:way/607146302","dropoffDistance":14.6,"legClear":true,"status":"mapped"},"geometry":{"type":"Point","coordinates":[-0.1775824,5.6677142]}},{"type":"Feature","id":"access:place:osm:node/3838547757","properties":{"role":"entrance","place":"Total Atomic Junction","placeId":"place:osm:node/3838547757","kind":"other","footprint":"osm:way/1137230550","entranceType":"inferred frontage","method":"frontage","evidence":"no mapped entrance or access way: the side nearest the network","confidence":"low","arrival":[-0.1783717,5.6668825],"arrivalWay":"osm:way/959983599","arrivalWayClass":"service","arrivalDistance":0.6,"approach":[213,33],"facing":303,"dropoff":[-0.1783717,5.6668825],"dropoffWay":"osm:way/959983599","dropoffDistance":0.6,"legClear":true,"status":"inferred"},"geometry":{"type":"Point","coordinates":[-0.1783857,5.6669063]}},{"type":"Feature","id":"access:place:osm:node/3971490558","properties":{"role":"entrance","place":"CalBank","placeId":"place:osm:node/3971490558","kind":"bank","footprint":"osm:relation/7226878","entranceType":"inferred frontage","method":"frontage","evidence":"no mapped entrance or access way: the side nearest the network","confidence":"low","arrival":[-0.1853589,5.6425656],"arrivalWay":"osm:way/753803740","arrivalWayClass":"service","arrivalDistance":0.3,"approach":[179,359],"facing":89,"dropoff":[-0.1853589,5.6425656],"dropoffWay":"osm:way/753803740","dropoffDistance":0.3,"legClear":true,"status":"inferred"},"geometry":{"type":"Point","coordinates":[-0.1853748,5.6425785]}},{"type":"Feature","id":"access:place:osm:node/4215917453","properties":{"role":"entrance","place":"Oak Plaza Hotel","placeId":"place:osm:node/4215917453","kind":"other","footprint":null,"entranceType":"point","method":"point","evidence":"mapped as a point","confidence":"low","arrival":[-0.1755083,5.6330968],"arrivalWay":"osm:way/197544810","arrivalWayName":"Duala Close","arrivalWayClass":"residential","arrivalDistance":11.5,"approach":[356,176],"facing":266,"dropoff":[-0.1755083,5.6330968],"dropoffWay":"osm:way/197544810","dropoffWayName":"Duala Close","dropoffDistance":11.5,"legClear":false,"status":"mapped","note":"the last few metres from the network to the entrance cross osm:way/1333949613 (an enclosed courtyard or a mapping gap)"},"geometry":{"type":"Point","coordinates":[-0.1756122,5.6330896]}},{"type":"Feature","id":"access:place:osm:node/4268439767","properties":{"role":"entrance","place":"University Fire Station Legon","placeId":"place:osm:node/4268439767","kind":"other","footprint":null,"entranceType":"point","method":"point","evidence":"mapped as a point","confidence":"medium","arrival":[-0.1811661,5.6484641],"arrivalWay":"osm:way/1145609357","arrivalWayClass":"service","arrivalDistance":6.1,"approach":[172,352],"facing":262,"dropoff":[-0.1811661,5.6484641],"dropoffWay":"osm:way/1145609357","dropoffDistance":6.1,"legClear":true,"status":"mapped"},"geometry":{"type":"Point","coordinates":[-0.1812207,5.6484568]}},{"type":"Feature","id":"access:place:osm:node/4392733689","properties":{"role":"entrance","place":"University of Ghana Registry","placeId":"place:osm:node/4392733689","kind":"landmark","footprint":"osm:way/492099527","entranceType":"public entrance","method":"curated","evidence":"OSM 'University of Ghana Registry' node lies inside this building (OSM names it 'Cash office'); Apple's 'University of Ghana Registry' label in reference atlas sheet 2 sits on the same block; OSM car park (way 720486435) and service road (way 720486437) adjoin its south side. Exact door not visible.","cite":"user-atlas","confidence":"medium","arrival":[-0.1953441,5.6499759],"arrivalWay":"osm:way/720486437","arrivalWayClass":"service","arrivalDistance":17.4,"approach":[4,184],"facing":329,"dropoff":[-0.1953441,5.6499759],"dropoffWay":"osm:way/720486437","dropoffDistance":17.4,"legClear":true,"status":"partial","refs":["atlas sheet 2"],"approachText":"Up Legon Hill to the service road south of the Convocation Group and its car park."},"geometry":{"type":"Point","coordinates":[-0.1954248,5.6501334]}},{"type":"Feature","id":"access:place:osm:node/4423928092","properties":{"role":"entrance","place":"Legon Taxi Rank","placeId":"place:osm:node/4423928092","kind":"transport","footprint":null,"entranceType":"point","method":"point","evidence":"mapped as a point","confidence":"medium","arrival":[-0.1789326,5.6406391],"arrivalWay":"osm:way/634792133","arrivalWayName":"Jubilee Drive","arrivalWayClass":"tertiary","arrivalDistance":28.6,"approach":[83,263],"facing":353,"dropoff":[-0.1789326,5.6406391],"dropoffWay":"osm:way/634792133","dropoffWayName":"Jubilee Drive","dropoffDistance":28.6,"legClear":true,"status":"mapped"},"geometry":{"type":"Point","coordinates":[-0.1789632,5.6408962]}},{"type":"Feature","id":"access:place:osm:node/4451500937","properties":{"role":"entrance","place":"Republic Bank (near Athletic Oval)","placeId":"place:osm:node/4451500937","kind":"bank","footprint":null,"entranceType":"point","method":"point","evidence":"mapped as a point","confidence":"medium","arrival":[-0.187049,5.6494462],"arrivalWay":"osm:way/278303072","arrivalWayName":"Agyei Barimah Crescent","arrivalWayClass":"residential","arrivalDistance":12.1,"approach":[110,290],"facing":182,"dropoff":[-0.187049,5.6494462],"dropoffWay":"osm:way/278303072","dropoffWayName":"Agyei Barimah Crescent","dropoffDistance":12.1,"legClear":true,"status":"mapped"},"geometry":{"type":"Point","coordinates":[-0.1870528,5.6493371]}},{"type":"Feature","id":"access:place:osm:node/4522495792","properties":{"role":"entrance","place":"Access Bank (near Night Market)","placeId":"place:osm:node/4522495792","kind":"bank","footprint":"osm:relation/7226878","entranceType":"inferred frontage","method":"frontage","evidence":"no mapped entrance or access way: the side nearest the network","confidence":"low","arrival":[-0.1853589,5.6425656],"arrivalWay":"osm:way/753803740","arrivalWayClass":"service","arrivalDistance":0.3,"approach":[179,359],"facing":89,"dropoff":[-0.1853589,5.6425656],"dropoffWay":"osm:way/753803740","dropoffDistance":0.3,"legClear":true,"status":"inferred"},"geometry":{"type":"Point","coordinates":[-0.1853748,5.6425785]}},{"type":"Feature","id":"access:place:osm:node/4554919900","properties":{"role":"entrance","place":"Emporium Pharmacy","placeId":"place:osm:node/4554919900","kind":"health","footprint":null,"entranceType":"point","method":"point","evidence":"mapped as a point","confidence":"medium","arrival":[-0.1771491,5.6412784],"arrivalWay":"osm:way/570664022","arrivalWayName":"Tebu Link","arrivalWayClass":"residential","arrivalDistance":12.9,"approach":[341,161],"facing":284,"dropoff":[-0.1771491,5.6412784],"dropoffWay":"osm:way/570664022","dropoffWayName":"Tebu Link","dropoffDistance":12.9,"legClear":true,"status":"mapped"},"geometry":{"type":"Point","coordinates":[-0.1772622,5.6413071]}},{"type":"Feature","id":"access:place:osm:node/4600171449","properties":{"role":"entrance","place":"Koko Joint","placeId":"place:osm:node/4600171449","kind":"food","footprint":null,"entranceType":"point","method":"point","evidence":"mapped as a point","confidence":"medium","arrival":[-0.1796426,5.6513125],"arrivalWay":"osm:way/278268703","arrivalWayClass":"residential","arrivalDistance":3.4,"approach":[270,90],"facing":180,"dropoff":[-0.1796426,5.6513125],"dropoffWay":"osm:way/278268703","dropoffDistance":3.4,"legClear":true,"status":"mapped"},"geometry":{"type":"Point","coordinates":[-0.1796424,5.6512819]}},{"type":"Feature","id":"access:place:osm:node/4637583291","properties":{"role":"entrance","place":"West Africa Centre for Crop Improvement","placeId":"place:osm:node/4637583291","kind":"academic","footprint":"osm:way/300288060","entranceType":"inferred frontage","method":"frontage","evidence":"no mapped entrance or access way: the side nearest the network","confidence":"low","arrival":[-0.1840566,5.6492658],"arrivalWay":"osm:way/637507507","arrivalWayClass":"service","arrivalDistance":5,"approach":[91,271],"facing":181,"dropoff":[-0.1840566,5.6492658],"dropoffWay":"osm:way/637507507","dropoffDistance":5,"legClear":true,"status":"inferred"},"geometry":{"type":"Point","coordinates":[-0.1840696,5.6492019]}},{"type":"Feature","id":"access:place:osm:node/4740602037","properties":{"role":"entrance","place":"Legon Second (near communication dept)","placeId":"place:osm:node/4740602037","kind":"transport","footprint":null,"entranceType":"point","method":"point","evidence":"mapped as a point","confidence":"medium","arrival":[-0.1800871,5.6518688],"arrivalWay":"osm:way/448225220","arrivalWayName":"J.J. Rawlings Avenue","arrivalWayClass":"unclassified","arrivalDistance":10.7,"approach":[351,171],"facing":81,"dropoff":[-0.1800871,5.6518688],"dropoffWay":"osm:way/448225220","dropoffWayName":"J.J. Rawlings Avenue","dropoffDistance":10.7,"legClear":true,"status":"mapped"},"geometry":{"type":"Point","coordinates":[-0.1799915,5.6518837]}},{"type":"Feature","id":"access:place:osm:node/4740602043","properties":{"role":"entrance","place":"Legon Second (near Department of Music)","placeId":"place:osm:node/4740602043","kind":"transport","footprint":null,"entranceType":"point","method":"point","evidence":"mapped as a point","confidence":"medium","arrival":[-0.1799125,5.6481498],"arrivalWay":"osm:way/1541264072","arrivalWayClass":"footway","arrivalDistance":4.8,"approach":[170,350],"facing":80,"dropoff":[-0.1798028,5.6481716],"dropoffWay":"osm:way/448225219","dropoffWayName":"J.J. Rawlings Avenue","dropoffDistance":7.6,"legClear":true,"status":"mapped"},"geometry":{"type":"Point","coordinates":[-0.1798695,5.6481575]}},{"type":"Feature","id":"access:place:osm:node/4740682131","properties":{"role":"entrance","place":"LANMMA NSS District Office","placeId":"place:osm:node/4740682131","kind":"other","footprint":"osm:way/741871633","entranceType":"inferred frontage","method":"frontage","evidence":"no mapped entrance or access way: the side nearest the network","confidence":"low","arrival":[-0.1753736,5.6622873],"arrivalWay":"osm:way/448742099","arrivalWayClass":"service","arrivalDistance":17.6,"approach":[91,271],"facing":1,"dropoff":[-0.1753736,5.6622873],"dropoffWay":"osm:way/448742099","dropoffDistance":17.6,"legClear":true,"status":"inferred"},"geometry":{"type":"Point","coordinates":[-0.1753494,5.6624544]}},{"type":"Feature","id":"access:place:osm:node/4752766526","properties":{"role":"entrance","place":"UG Pension Association","placeId":"place:osm:node/4752766526","kind":"other","footprint":null,"entranceType":"point","method":"point","evidence":"mapped as a point","confidence":"medium","arrival":[-0.185537,5.6437539],"arrivalWay":"osm:way/758678459","arrivalWayClass":"service","arrivalDistance":25.2,"approach":[121,301],"facing":211,"dropoff":[-0.185537,5.6437539],"dropoffWay":"osm:way/758678459","dropoffDistance":25.2,"legClear":true,"status":"mapped"},"geometry":{"type":"Point","coordinates":[-0.1856528,5.6435579]}},{"type":"Feature","id":"access:place:osm:node/4752766527","properties":{"role":"entrance","place":"UMB","placeId":"place:osm:node/4752766527","kind":"bank","footprint":"osm:relation/7226878","entranceType":"public entrance","method":"curated","evidence":"Owner: the bank next to CBG in the south wing (labelled F) is UMB. Owner photo of the UMB front: a porch on white pillars under a dark gable with the yellow umb logo, steps up to glass doors; like CBG's, it faces the road on the south side.","cite":"owner-banking-square","confidence":"high","arrival":[-0.1856543,5.642522],"arrivalWay":"osm:way/753803740","arrivalWayClass":"service","arrivalDistance":3.5,"approach":[270,90],"facing":360,"dropoff":[-0.1856543,5.642522],"dropoffWay":"osm:way/753803740","dropoffDistance":3.5,"legClear":true,"status":"verified","refs":["banking_square_labelled (owner aerial)","umb_front (owner photo)"],"approachText":"From the road along the south side, up the steps under UMB's dark gable."},"geometry":{"type":"Point","coordinates":[-0.1856557,5.642576]}},{"type":"Feature","id":"access:place:osm:node/4841525285","properties":{"role":"entrance","place":"Prudential Bank","placeId":"place:osm:node/4841525285","kind":"bank","footprint":"osm:relation/7226878","entranceType":"inferred frontage","method":"frontage","evidence":"no mapped entrance or access way: the side nearest the network","confidence":"low","arrival":[-0.1853589,5.6425656],"arrivalWay":"osm:way/753803740","arrivalWayClass":"service","arrivalDistance":0.3,"approach":[179,359],"facing":89,"dropoff":[-0.1853589,5.6425656],"dropoffWay":"osm:way/753803740","dropoffDistance":0.3,"legClear":true,"status":"inferred"},"geometry":{"type":"Point","coordinates":[-0.1853748,5.6425785]}},{"type":"Feature","id":"access:place:osm:node/4841525286","properties":{"role":"entrance","place":"Stanbic Bank","placeId":"place:osm:node/4841525286","kind":"bank","footprint":"osm:relation/7226878","entranceType":"public entrance","method":"curated","evidence":"Owner's close-up of the compound with the Stanbic entrance circled: the passage in the north face of the north-east corner block, facing the road and car park on the north (registered to the OSM footprint at 4.4 px/m).","cite":"owner-banking-square","confidence":"high","arrival":[-0.1855083,5.643111],"arrivalWay":"osm:way/753803740","arrivalWayClass":"service","arrivalDistance":8.8,"approach":[90,270],"facing":180,"dropoff":[-0.1855083,5.643111],"dropoffWay":"osm:way/753803740","dropoffDistance":8.8,"legClear":true,"status":"verified","refs":["banking_square_stanbic (owner aerial, entrance circled)","banking_square_labelled (owner aerial)"],"approachText":"From the road along the north side to the Stanbic door in the north face of the compound's north-east corner block."},"geometry":{"type":"Point","coordinates":[-0.1855203,5.6430123]}},{"type":"Feature","id":"access:place:osm:node/4893572697","properties":{"role":"entrance","place":"Secretary's office","placeId":"place:osm:node/4893572697","kind":"other","footprint":"osm:way/394125222","entranceType":"inferred frontage","method":"frontage","evidence":"no mapped entrance or access way: the side nearest the network","confidence":"low","arrival":[-0.1837264,5.6513032],"arrivalWay":"osm:way/187988195","arrivalWayClass":"residential","arrivalDistance":26.8,"approach":[180,360],"facing":270,"dropoff":[-0.1837264,5.6513032],"dropoffWay":"osm:way/187988195","dropoffDistance":26.8,"legClear":true,"status":"inferred"},"geometry":{"type":"Point","coordinates":[-0.1839751,5.6512797]}},{"type":"Feature","id":"access:place:osm:node/4943837822","properties":{"role":"entrance","place":"Ernest Chemist","placeId":"place:osm:node/4943837822","kind":"health","footprint":"osm:way/665125607","entranceType":"inferred frontage","method":"frontage","evidence":"no mapped entrance or access way: the side nearest the network","confidence":"low","arrival":[-0.1786391,5.6530368],"arrivalWay":"osm:way/637234257","arrivalWayClass":"service","arrivalDistance":1.8,"approach":[256,76],"facing":166,"dropoff":[-0.1786391,5.6530368],"dropoffWay":"osm:way/637234257","dropoffDistance":1.8,"legClear":true,"status":"inferred"},"geometry":{"type":"Point","coordinates":[-0.1786427,5.6530421]}},{"type":"Feature","id":"access:place:osm:node/4972315121","properties":{"role":"entrance","place":"Legon First (near college of education)","placeId":"place:osm:node/4972315121","kind":"transport","footprint":null,"entranceType":"point","method":"point","evidence":"mapped as a point","confidence":"medium","arrival":[-0.1806404,5.653606],"arrivalWay":"osm:way/430197442","arrivalWayName":"J.J. Rawlings Avenue","arrivalWayClass":"unclassified","arrivalDistance":7.5,"approach":[181,1],"facing":271,"dropoff":[-0.1806404,5.653606],"dropoffWay":"osm:way/430197442","dropoffWayName":"J.J. Rawlings Avenue","dropoffDistance":7.5,"legClear":true,"status":"mapped"},"geometry":{"type":"Point","coordinates":[-0.1807077,5.6536077]}},{"type":"Feature","id":"access:place:osm:node/4972567405","properties":{"role":"entrance","place":"Standard Chartered","placeId":"place:osm:node/4972567405","kind":"bank","footprint":"osm:way/448104189","entranceType":"public entrance","method":"curated","evidence":"Owner: one-floor building with Standard Chartered on the left (west) and Absa on the right by the road; the doors marked blue on the north face.","cite":"owner-balme","confidence":"high","arrival":[-0.1864357,5.6509778],"arrivalWay":"osm:way/624028495","arrivalWayClass":"service","arrivalDistance":5.1,"approach":[183,3],"facing":250,"dropoff":[-0.1864357,5.6509778],"dropoffWay":"osm:way/624028495","dropoffDistance":5.1,"legClear":true,"status":"verified","refs":["owner's marked aerial of the Balme Library surroundings"],"approachText":"To the west door on the north face of the bank building south of the Bookshop."},"geometry":{"type":"Point","coordinates":[-0.1864663,5.6509435]}},{"type":"Feature","id":"access:place:osm:node/4972575279","properties":{"role":"entrance","place":"Ecobank (near Cedi Conference Centre)","placeId":"place:osm:node/4972575279","kind":"bank","footprint":null,"entranceType":"point","method":"point","evidence":"mapped as a point","confidence":"medium","arrival":[-0.1884848,5.6518475],"arrivalWay":"osm:way/954813765","arrivalWayClass":"service","arrivalDistance":16.8,"approach":[270,90],"facing":360,"dropoff":[-0.1884848,5.6518475],"dropoffWay":"osm:way/954813765","dropoffDistance":16.8,"legClear":true,"status":"mapped"},"geometry":{"type":"Point","coordinates":[-0.188485,5.6519994]}},{"type":"Feature","id":"access:place:osm:node/4972575680","properties":{"role":"entrance","place":"Power House","placeId":"place:osm:node/4972575680","kind":"transport","footprint":null,"entranceType":"point","method":"point","evidence":"mapped as a point","confidence":"medium","arrival":[-0.1801461,5.6560629],"arrivalWay":"osm:way/430197442","arrivalWayName":"J.J. Rawlings Avenue","arrivalWayClass":"unclassified","arrivalDistance":0.2,"approach":[204,24],"facing":294,"dropoff":[-0.1801461,5.6560629],"dropoffWay":"osm:way/430197442","dropoffWayName":"J.J. Rawlings Avenue","dropoffDistance":0.2,"legClear":true,"status":"mapped"},"geometry":{"type":"Point","coordinates":[-0.1801477,5.6560636]}},{"type":"Feature","id":"access:place:osm:node/4972695857","properties":{"role":"entrance","place":"KFC","placeId":"place:osm:node/4972695857","kind":"food","footprint":"osm:way/1124510723","entranceType":"drop-off","method":"drive-access","evidence":"osm:way/959664960 (service) runs up to the building","confidence":"medium","arrival":[-0.1883259,5.6679038],"arrivalWay":"osm:way/959664960","arrivalWayClass":"service","arrivalDistance":1.3,"approach":[93,273],"facing":183,"dropoff":[-0.1883259,5.6679038],"dropoffWay":"osm:way/959664960","dropoffDistance":1.3,"legClear":true,"status":"mapped"},"geometry":{"type":"Point","coordinates":[-0.1883042,5.6678885]}},{"type":"Feature","id":"access:place:osm:node/4972695858","properties":{"role":"entrance","place":"Agbogba Junction","placeId":"place:osm:node/4972695858","kind":"transport","footprint":null,"entranceType":"point","method":"point","evidence":"mapped as a point","confidence":"medium","arrival":[-0.1872896,5.6673329],"arrivalWay":"osm:way/515804974","arrivalWayName":"Haatso-Atomic Road","arrivalWayClass":"secondary","arrivalDistance":4,"approach":[91,271],"facing":181,"dropoff":[-0.1872896,5.6673329],"dropoffWay":"osm:way/515804974","dropoffWayName":"Haatso-Atomic Road","dropoffDistance":4,"legClear":true,"status":"mapped"},"geometry":{"type":"Point","coordinates":[-0.18729,5.6672969]}},{"type":"Feature","id":"access:place:osm:node/4972695859","properties":{"role":"entrance","place":"Shell","placeId":"place:osm:node/4972695859","kind":"other","footprint":null,"entranceType":"point","method":"point","evidence":"mapped as a point","confidence":"medium","arrival":[-0.1884938,5.6676118],"arrivalWay":"osm:way/765362965","arrivalWayClass":"service","arrivalDistance":2.1,"approach":[91,271],"facing":1,"dropoff":[-0.1884938,5.6676118],"dropoffWay":"osm:way/765362965","dropoffDistance":2.1,"legClear":true,"status":"mapped"},"geometry":{"type":"Point","coordinates":[-0.1884936,5.6676312]}},{"type":"Feature","id":"access:place:osm:node/4981090362","properties":{"role":"entrance","place":"Legon Station","placeId":"place:osm:node/4981090362","kind":"transport","footprint":null,"entranceType":"point","method":"point","evidence":"mapped as a point","confidence":"medium","arrival":[-0.1789123,5.6501655],"arrivalWay":"osm:way/518607228","arrivalWayClass":"residential","arrivalDistance":5.7,"approach":[3,183],"facing":273,"dropoff":[-0.1789123,5.6501655],"dropoffWay":"osm:way/518607228","dropoffDistance":5.7,"legClear":true,"status":"mapped"},"geometry":{"type":"Point","coordinates":[-0.1789634,5.6501681]}},{"type":"Feature","id":"access:place:osm:node/4981090363","properties":{"role":"entrance","place":"Ayido","placeId":"place:osm:node/4981090363","kind":"transport","footprint":null,"entranceType":"point","method":"point","evidence":"mapped as a point","confidence":"medium","arrival":[-0.1937406,5.640735],"arrivalWay":"osm:way/448224297","arrivalWayName":"Legon Road","arrivalWayClass":"tertiary","arrivalDistance":3.3,"approach":[261,81],"facing":171,"dropoff":[-0.1937406,5.640735],"dropoffWay":"osm:way/448224297","dropoffWayName":"Legon Road","dropoffDistance":3.3,"legClear":true,"status":"mapped"},"geometry":{"type":"Point","coordinates":[-0.193736,5.6407052]}},{"type":"Feature","id":"access:place:osm:node/4981090364","properties":{"role":"entrance","place":"Legon Barrier","placeId":"place:osm:node/4981090364","kind":"transport","footprint":null,"entranceType":"point","method":"point","evidence":"mapped as a point","confidence":"medium","arrival":[-0.1978965,5.6416492],"arrivalWay":"osm:way/448224297","arrivalWayName":"Legon Road","arrivalWayClass":"tertiary","arrivalDistance":7.5,"approach":[285,105],"facing":195,"dropoff":[-0.1978965,5.6416492],"dropoffWay":"osm:way/448224297","dropoffWayName":"Legon Road","dropoffDistance":7.5,"legClear":true,"status":"mapped"},"geometry":{"type":"Point","coordinates":[-0.1979135,5.6415839]}},{"type":"Feature","id":"access:place:osm:node/4981090372","properties":{"role":"entrance","place":"Legon Traffic Light","placeId":"place:osm:node/4981090372","kind":"transport","footprint":null,"entranceType":"point","method":"point","evidence":"mapped as a point","confidence":"medium","arrival":[-0.1792536,5.6406015],"arrivalWay":"osm:way/518607229","arrivalWayName":"Jubilee Drive","arrivalWayClass":"tertiary","arrivalDistance":5.5,"approach":[83,263],"facing":173,"dropoff":[-0.1792536,5.6406015],"dropoffWay":"osm:way/518607229","dropoffWayName":"Jubilee Drive","dropoffDistance":5.5,"legClear":true,"status":"mapped"},"geometry":{"type":"Point","coordinates":[-0.1792475,5.6405525]}},{"type":"Feature","id":"access:place:osm:node/4981090374","properties":{"role":"entrance","place":"Okponglo","placeId":"place:osm:node/4981090374","kind":"transport","footprint":null,"entranceType":"point","method":"point","evidence":"mapped as a point","confidence":"medium","arrival":[-0.1781393,5.6413339],"arrivalWay":"osm:way/741163399","arrivalWayName":"J.J. Rawlings Avenue","arrivalWayClass":"trunk","arrivalDistance":5.4,"approach":[351,171],"facing":81,"dropoff":[-0.1781393,5.6413339],"dropoffWay":"osm:way/741163399","dropoffWayName":"J.J. Rawlings Avenue","dropoffDistance":5.4,"legClear":true,"status":"mapped"},"geometry":{"type":"Point","coordinates":[-0.1780914,5.6413411]}},{"type":"Feature","id":"access:place:osm:node/4981090376","properties":{"role":"entrance","place":"Legon Primary School","placeId":"place:osm:node/4981090376","kind":"transport","footprint":null,"entranceType":"point","method":"point","evidence":"mapped as a point","confidence":"medium","arrival":[-0.189945,5.6426936],"arrivalWay":"osm:way/448224297","arrivalWayName":"Legon Road","arrivalWayClass":"tertiary","arrivalDistance":0.2,"approach":[242,62],"facing":152,"dropoff":[-0.189945,5.6426936],"dropoffWay":"osm:way/448224297","dropoffWayName":"Legon Road","dropoffDistance":0.2,"legClear":true,"status":"mapped"},"geometry":{"type":"Point","coordinates":[-0.1899442,5.642692]}},{"type":"Feature","id":"access:place:osm:node/4981090380","properties":{"role":"entrance","place":"Legon First (near Department of Music)","placeId":"place:osm:node/4981090380","kind":"transport","footprint":null,"entranceType":"point","method":"point","evidence":"mapped as a point","confidence":"medium","arrival":[-0.179591,5.6489125],"arrivalWay":"osm:way/444487598","arrivalWayName":"J.J. Rawlings Avenue","arrivalWayClass":"unclassified","arrivalDistance":10.1,"approach":[350,170],"facing":80,"dropoff":[-0.179591,5.6489125],"dropoffWay":"osm:way/444487598","dropoffWayName":"J.J. Rawlings Avenue","dropoffDistance":10.1,"legClear":true,"status":"mapped"},"geometry":{"type":"Point","coordinates":[-0.1795016,5.6489286]}},{"type":"Feature","id":"access:place:osm:node/4988382796","properties":{"role":"entrance","place":"Diana Spot","placeId":"place:osm:node/4988382796","kind":"food","footprint":null,"entranceType":"point","method":"point","evidence":"mapped as a point","confidence":"medium","arrival":[-0.176113,5.6409735],"arrivalWay":"osm:way/513647989","arrivalWayName":"La Bawaleshi Road","arrivalWayClass":"secondary","arrivalDistance":4.1,"approach":[80,260],"facing":350,"dropoff":[-0.176113,5.6409735],"dropoffWay":"osm:way/513647989","dropoffWayName":"La Bawaleshi Road","dropoffDistance":4.1,"legClear":true,"status":"mapped"},"geometry":{"type":"Point","coordinates":[-0.1761192,5.6410103]}},{"type":"Feature","id":"access:place:osm:node/4997071025","properties":{"role":"entrance","place":"Atomic Second","placeId":"place:osm:node/4997071025","kind":"transport","footprint":null,"entranceType":"point","method":"point","evidence":"mapped as a point","confidence":"medium","arrival":[-0.1766738,5.6679963],"arrivalWay":"osm:way/215443202","arrivalWayName":"J.J. Rawlings Avenue","arrivalWayClass":"trunk_link","arrivalDistance":4.7,"approach":[22,202],"facing":112,"dropoff":[-0.1766738,5.6679963],"dropoffWay":"osm:way/215443202","dropoffWayName":"J.J. Rawlings Avenue","dropoffDistance":4.7,"legClear":true,"status":"mapped"},"geometry":{"type":"Point","coordinates":[-0.1766341,5.6679806]}},{"type":"Feature","id":"access:place:osm:node/4997071026","properties":{"role":"entrance","place":"Atomic First","placeId":"place:osm:node/4997071026","kind":"transport","footprint":null,"entranceType":"point","method":"point","evidence":"mapped as a point","confidence":"medium","arrival":[-0.1771081,5.6662473],"arrivalWay":"osm:way/215443199","arrivalWayName":"J.J. Rawlings Avenue","arrivalWayClass":"trunk_link","arrivalDistance":5.7,"approach":[10,190],"facing":100,"dropoff":[-0.1771081,5.6662473],"dropoffWay":"osm:way/215443199","dropoffWayName":"J.J. Rawlings Avenue","dropoffDistance":5.7,"legClear":true,"status":"mapped"},"geometry":{"type":"Point","coordinates":[-0.1770577,5.6662381]}},{"type":"Feature","id":"access:place:osm:node/4997071027","properties":{"role":"entrance","place":"UPS","placeId":"place:osm:node/4997071027","kind":"transport","footprint":null,"entranceType":"point","method":"point","evidence":"mapped as a point","confidence":"medium","arrival":[-0.1783204,5.6607198],"arrivalWay":"osm:way/525436583","arrivalWayName":"J.J. Rawlings Avenue","arrivalWayClass":"trunk","arrivalDistance":9.1,"approach":[12,192],"facing":102,"dropoff":[-0.1783204,5.6607198],"dropoffWay":"osm:way/525436583","dropoffWayName":"J.J. Rawlings Avenue","dropoffDistance":9.1,"legClear":true,"status":"mapped"},"geometry":{"type":"Point","coordinates":[-0.1782402,5.6607021]}},{"type":"Feature","id":"access:place:osm:node/4997374748","properties":{"role":"entrance","place":"Legon Second Gate","placeId":"place:osm:node/4997374748","kind":"transport","footprint":null,"entranceType":"point","method":"point","evidence":"mapped as a point","confidence":"medium","arrival":[-0.1773622,5.6357746],"arrivalWay":"osm:way/510787294","arrivalWayName":"J.J. Rawlings Avenue","arrivalWayClass":"trunk","arrivalDistance":11,"approach":[173,353],"facing":263,"dropoff":[-0.1773622,5.6357746],"dropoffWay":"osm:way/510787294","dropoffWayName":"J.J. Rawlings Avenue","dropoffDistance":11,"legClear":true,"status":"mapped"},"geometry":{"type":"Point","coordinates":[-0.1774611,5.6357626]}},{"type":"Feature","id":"access:place:osm:node/4997374750","properties":{"role":"entrance","place":"Presec","placeId":"place:osm:node/4997374750","kind":"transport","footprint":null,"entranceType":"point","method":"point","evidence":"mapped as a point","confidence":"medium","arrival":[-0.1782946,5.6617453],"arrivalWay":"osm:way/510787301","arrivalWayName":"J.J. Rawlings Avenue","arrivalWayClass":"trunk","arrivalDistance":7.4,"approach":[192,12],"facing":282,"dropoff":[-0.1782946,5.6617453],"dropoffWay":"osm:way/510787301","dropoffWayName":"J.J. Rawlings Avenue","dropoffDistance":7.4,"legClear":true,"status":"mapped"},"geometry":{"type":"Point","coordinates":[-0.1783598,5.6617587]}},{"type":"Feature","id":"access:place:osm:node/5020636353","properties":{"role":"entrance","place":"Supermarket","placeId":"place:osm:node/5020636353","kind":"transport","footprint":null,"entranceType":"point","method":"point","evidence":"mapped as a point","confidence":"medium","arrival":[-0.1960286,5.6674222],"arrivalWay":"osm:way/694447038","arrivalWayName":"Haatso-Atomic Road","arrivalWayClass":"secondary","arrivalDistance":5.3,"approach":[89,269],"facing":179,"dropoff":[-0.1960286,5.6674222],"dropoffWay":"osm:way/694447038","dropoffWayName":"Haatso-Atomic Road","dropoffDistance":5.3,"legClear":true,"status":"mapped"},"geometry":{"type":"Point","coordinates":[-0.1960281,5.6673746]}},{"type":"Feature","id":"access:place:osm:node/5028660323","properties":{"role":"entrance","place":"Legon (near Emporium Pharmacy)","placeId":"place:osm:node/5028660323","kind":"transport","footprint":null,"entranceType":"point","method":"point","evidence":"mapped as a point","confidence":"medium","arrival":[-0.1790259,5.6406279],"arrivalWay":"osm:way/634792133","arrivalWayName":"Jubilee Drive","arrivalWayClass":"tertiary","arrivalDistance":8.2,"approach":[83,263],"facing":353,"dropoff":[-0.1790259,5.6406279],"dropoffWay":"osm:way/634792133","dropoffWayName":"Jubilee Drive","dropoffDistance":8.2,"legClear":true,"status":"mapped"},"geometry":{"type":"Point","coordinates":[-0.1790346,5.6407013]}},{"type":"Feature","id":"access:place:osm:node/5028660324","properties":{"role":"entrance","place":"Okponglo Roundabout","placeId":"place:osm:node/5028660324","kind":"transport","footprint":null,"entranceType":"point","method":"point","evidence":"mapped as a point","confidence":"medium","arrival":[-0.1837503,5.6403257],"arrivalWay":"osm:way/718215480","arrivalWayClass":"path","arrivalDistance":4.5,"approach":[257,77],"facing":347,"dropoff":[-0.183702,5.6403544],"dropoffWay":"osm:way/445833141","dropoffWayName":"Akilagpa Sawyerr Road","dropoffDistance":6.4,"legClear":true,"status":"mapped"},"geometry":{"type":"Point","coordinates":[-0.1837592,5.6403652]}},{"type":"Feature","id":"access:place:osm:node/5028768237","properties":{"role":"entrance","place":"University Primary Roundabout","placeId":"place:osm:node/5028768237","kind":"transport","footprint":null,"entranceType":"point","method":"point","evidence":"mapped as a point","confidence":"medium","arrival":[-0.1893107,5.6435586],"arrivalWay":"osm:way/448226039","arrivalWayName":"Legon Road","arrivalWayClass":"tertiary","arrivalDistance":7.6,"approach":[204,24],"facing":294,"dropoff":[-0.1893107,5.6435586],"dropoffWay":"osm:way/448226039","dropoffWayName":"Legon Road","dropoffDistance":7.6,"legClear":true,"status":"mapped"},"geometry":{"type":"Point","coordinates":[-0.1893731,5.6435866]}},{"type":"Feature","id":"access:place:osm:node/5036505669","properties":{"role":"entrance","place":"Ebenezer","placeId":"place:osm:node/5036505669","kind":"transport","footprint":null,"entranceType":"point","method":"point","evidence":"mapped as a point","confidence":"medium","arrival":[-0.1926575,5.6673953],"arrivalWay":"osm:way/516493108","arrivalWayName":"Haatso-Atomic Road","arrivalWayClass":"secondary","arrivalDistance":7.2,"approach":[91,271],"facing":181,"dropoff":[-0.1926575,5.6673953],"dropoffWay":"osm:way/516493108","dropoffWayName":"Haatso-Atomic Road","dropoffDistance":7.2,"legClear":true,"status":"mapped"},"geometry":{"type":"Point","coordinates":[-0.1926581,5.6673302]}},{"type":"Feature","id":"access:place:osm:node/5036565850","properties":{"role":"entrance","place":"Atomic Junction","placeId":"place:osm:node/5036565850","kind":"transport","footprint":null,"entranceType":"point","method":"point","evidence":"mapped as a point","confidence":"medium","arrival":[-0.1779024,5.6672912],"arrivalWay":"osm:way/513687396","arrivalWayName":"Haatso-Atomic Road","arrivalWayClass":"secondary","arrivalDistance":1.6,"approach":[91,271],"facing":1,"dropoff":[-0.1779024,5.6672912],"dropoffWay":"osm:way/513687396","dropoffWayName":"Haatso-Atomic Road","dropoffDistance":1.6,"legClear":true,"status":"mapped"},"geometry":{"type":"Point","coordinates":[-0.1779022,5.6673058]}},{"type":"Feature","id":"access:place:osm:node/5038307541","properties":{"role":"entrance","place":"Legon (near University of Ghana Hospital)","placeId":"place:osm:node/5038307541","kind":"transport","footprint":null,"entranceType":"point","method":"point","evidence":"mapped as a point","confidence":"medium","arrival":[-0.1790085,5.6513161],"arrivalWay":"osm:way/518607155","arrivalWayClass":"residential","arrivalDistance":7.6,"approach":[269,89],"facing":179,"dropoff":[-0.1790085,5.6513161],"dropoffWay":"osm:way/518607155","dropoffDistance":7.6,"legClear":true,"status":"mapped"},"geometry":{"type":"Point","coordinates":[-0.1790068,5.6512471]}},{"type":"Feature","id":"access:place:osm:node/5108895935","properties":{"role":"entrance","place":"Ebenezer Nursery","placeId":"place:osm:node/5108895935","kind":"academic","footprint":null,"entranceType":"point","method":"point","evidence":"mapped as a point","confidence":"medium","arrival":[-0.1927371,5.6673961],"arrivalWay":"osm:way/516493108","arrivalWayName":"Haatso-Atomic Road","arrivalWayClass":"secondary","arrivalDistance":28.1,"approach":[91,271],"facing":181,"dropoff":[-0.1927371,5.6673961],"dropoffWay":"osm:way/516493108","dropoffWayName":"Haatso-Atomic Road","dropoffDistance":28.1,"legClear":true,"status":"mapped"},"geometry":{"type":"Point","coordinates":[-0.1927394,5.6671424]}},{"type":"Feature","id":"access:place:osm:node/5108895938","properties":{"role":"entrance","place":"GCB Bank (near CITA Geakrh)","placeId":"place:osm:node/5108895938","kind":"bank","footprint":null,"entranceType":"point","method":"point","evidence":"mapped as a point","confidence":"medium","arrival":[-0.1968889,5.6675544],"arrivalWay":"osm:way/1124768306","arrivalWayClass":"secondary","arrivalDistance":2.2,"approach":[270,90],"facing":180,"dropoff":[-0.1968889,5.6675544],"dropoffWay":"osm:way/1124768306","dropoffDistance":2.2,"legClear":true,"status":"mapped"},"geometry":{"type":"Point","coordinates":[-0.1968887,5.6675345]}},{"type":"Feature","id":"access:place:osm:node/5139474491","properties":{"role":"entrance","place":"Meko","placeId":"place:osm:node/5139474491","kind":"other","footprint":null,"entranceType":"point","method":"point","evidence":"mapped as a point","confidence":"medium","arrival":[-0.1776859,5.6407877],"arrivalWay":"osm:way/524517977","arrivalWayName":"La Bawaleshi Road","arrivalWayClass":"secondary","arrivalDistance":21.6,"approach":[82,262],"facing":352,"dropoff":[-0.1776859,5.6407877],"dropoffWay":"osm:way/524517977","dropoffWayName":"La Bawaleshi Road","dropoffDistance":21.6,"legClear":true,"status":"mapped"},"geometry":{"type":"Point","coordinates":[-0.1777129,5.6409815]}},{"type":"Feature","id":"access:place:osm:node/5144389318","properties":{"role":"entrance","place":"Absa (near Balme Library Fountain)","placeId":"place:osm:node/5144389318","kind":"bank","footprint":"osm:way/448104189","entranceType":"public entrance","method":"curated","evidence":"Owner: Absa is on the right, close to the road; its door marked blue on the north face.","cite":"owner-balme","confidence":"high","arrival":[-0.1863826,5.6509758],"arrivalWay":"osm:way/624028494","arrivalWayClass":"footway","arrivalDistance":1.5,"approach":[272,92],"facing":182,"dropoff":[-0.1864357,5.6509778],"dropoffWay":"osm:way/624028495","dropoffDistance":6.1,"legClear":true,"status":"verified","refs":["owner's marked aerial of the Balme Library surroundings"],"approachText":"To the east door on the north face, by the road."},"geometry":{"type":"Point","coordinates":[-0.1863959,5.6509438]}},{"type":"Feature","id":"access:place:osm:node/5235962353","properties":{"role":"entrance","place":"Institute of Professional Education","placeId":"place:osm:node/5235962353","kind":"academic","footprint":"osm:way/556525607","entranceType":"drop-off","method":"drive-access","evidence":"osm:way/1117719539 (service) runs up to the building","confidence":"medium","arrival":[-0.1776988,5.6679969],"arrivalWay":"osm:way/1117719539","arrivalWayClass":"service","arrivalDistance":2.5,"approach":[207,27],"facing":117,"dropoff":[-0.1776988,5.6679969],"dropoffWay":"osm:way/1117719539","dropoffDistance":2.5,"legClear":true,"status":"mapped"},"geometry":{"type":"Point","coordinates":[-0.1777076,5.6679156]}},{"type":"Feature","id":"access:place:osm:node/5235962983","properties":{"role":"entrance","place":"Christ the Good Shepherd Church","placeId":"place:osm:node/5235962983","kind":"worship","footprint":"osm:way/1008231751","entranceType":"inferred frontage","method":"frontage","evidence":"no mapped entrance or access way: the side nearest the network","confidence":"low","arrival":[-0.1750621,5.6420509],"arrivalWay":"osm:way/430197434","arrivalWayName":"Okponglo Road","arrivalWayClass":"residential","arrivalDistance":0.4,"approach":[265,85],"facing":355,"dropoff":[-0.1750621,5.6420509],"dropoffWay":"osm:way/430197434","dropoffWayName":"Okponglo Road","dropoffDistance":0.4,"legClear":true,"status":"inferred"},"geometry":{"type":"Point","coordinates":[-0.1750755,5.6420729]}},{"type":"Feature","id":"access:place:osm:node/5235962984","properties":{"role":"entrance","place":"Job House","placeId":"place:osm:node/5235962984","kind":"other","footprint":"osm:way/1333972097","entranceType":"inferred frontage","method":"frontage","evidence":"no mapped entrance or access way: the side nearest the network","confidence":"low","arrival":[-0.1762314,5.641381],"arrivalWay":"osm:way/380535115","arrivalWayName":"Tebu Street","arrivalWayClass":"residential","arrivalDistance":1.2,"approach":[1,181],"facing":91,"dropoff":[-0.1762314,5.641381],"dropoffWay":"osm:way/380535115","dropoffWayName":"Tebu Street","dropoffDistance":1.2,"legClear":true,"status":"inferred"},"geometry":{"type":"Point","coordinates":[-0.176204,5.6413653]}},{"type":"Feature","id":"access:place:osm:node/5235963364","properties":{"role":"entrance","place":"FT Tawakalatu Allah Lah","placeId":"place:osm:node/5235963364","kind":"food","footprint":null,"entranceType":"point","method":"point","evidence":"mapped as a point","confidence":"medium","arrival":[-0.1759004,5.6411303],"arrivalWay":"osm:way/959063496","arrivalWayClass":"service","arrivalDistance":2.8,"approach":[3,183],"facing":93,"dropoff":[-0.1759004,5.6411303],"dropoffWay":"osm:way/959063496","dropoffDistance":2.8,"legClear":true,"status":"mapped"},"geometry":{"type":"Point","coordinates":[-0.1758754,5.6411288]}},{"type":"Feature","id":"access:place:osm:node/5300408284","properties":{"role":"entrance","place":"Solutions Pharmaceuticals Limited","placeId":"place:osm:node/5300408284","kind":"health","footprint":null,"entranceType":"point","method":"point","evidence":"mapped as a point","confidence":"medium","arrival":[-0.1774854,5.6409866],"arrivalWay":"osm:way/959063495","arrivalWayClass":"service","arrivalDistance":6.9,"approach":[357,177],"facing":87,"dropoff":[-0.1774854,5.6409866],"dropoffWay":"osm:way/959063495","dropoffDistance":6.9,"legClear":true,"status":"mapped"},"geometry":{"type":"Point","coordinates":[-0.1774232,5.6409902]}},{"type":"Feature","id":"access:place:osm:node/5300409858","properties":{"role":"entrance","place":"Chambers Forex Bureau","placeId":"place:osm:node/5300409858","kind":"bank","footprint":null,"entranceType":"point","method":"point","evidence":"mapped as a point","confidence":"medium","arrival":[-0.1752142,5.6412188],"arrivalWay":"osm:way/690492480","arrivalWayName":"Olebo Lane","arrivalWayClass":"residential","arrivalDistance":10,"approach":[358,178],"facing":88,"dropoff":[-0.1752142,5.6412188],"dropoffWay":"osm:way/690492480","dropoffWayName":"Olebo Lane","dropoffDistance":10,"legClear":true,"status":"mapped"},"geometry":{"type":"Point","coordinates":[-0.1751237,5.6412227]}},{"type":"Feature","id":"access:place:osm:node/5464042126","properties":{"role":"entrance","place":"Stanbic","placeId":"place:osm:node/5464042126","kind":"bank","footprint":null,"entranceType":"point","method":"point","evidence":"mapped as a point","confidence":"medium","arrival":[-0.1774965,5.660179],"arrivalWay":"osm:way/1226363014","arrivalWayClass":"service","arrivalDistance":13,"approach":[223,43],"facing":146,"dropoff":[-0.1774965,5.660179],"dropoffWay":"osm:way/1226363014","dropoffDistance":13,"legClear":true,"status":"mapped"},"geometry":{"type":"Point","coordinates":[-0.1774304,5.6600823]}},{"type":"Feature","id":"access:place:osm:node/5713216145","properties":{"role":"entrance","place":"Oando","placeId":"place:osm:node/5713216145","kind":"other","footprint":null,"entranceType":"point","method":"point","evidence":"mapped as a point","confidence":"medium","arrival":[-0.180352,5.6572703],"arrivalWay":"osm:way/601016713","arrivalWayClass":"service","arrivalDistance":11.4,"approach":[170,350],"facing":80,"dropoff":[-0.180352,5.6572703],"dropoffWay":"osm:way/601016713","dropoffDistance":11.4,"legClear":true,"status":"mapped"},"geometry":{"type":"Point","coordinates":[-0.1802505,5.6572876]}},{"type":"Feature","id":"access:place:osm:node/5713395190","properties":{"role":"entrance","place":"Michelin","placeId":"place:osm:node/5713395190","kind":"other","footprint":"osm:way/394252483","entranceType":"inferred frontage","method":"frontage","evidence":"no mapped entrance or access way: the side nearest the network","confidence":"low","arrival":[-0.1800697,5.6574392],"arrivalWay":"osm:way/448741428","arrivalWayClass":"service","arrivalDistance":7.2,"approach":[270,90],"facing":360,"dropoff":[-0.1800697,5.6574392],"dropoffWay":"osm:way/448741428","dropoffDistance":7.2,"legClear":true,"status":"inferred"},"geometry":{"type":"Point","coordinates":[-0.1800515,5.6575175]}},{"type":"Feature","id":"access:place:osm:node/5713588948","properties":{"role":"entrance","place":"Taste of Africa","placeId":"place:osm:node/5713588948","kind":"food","footprint":null,"entranceType":"point","method":"point","evidence":"mapped as a point","confidence":"medium","arrival":[-0.1785295,5.6674493],"arrivalWay":"osm:way/959983592","arrivalWayClass":"service","arrivalDistance":7.1,"approach":[272,92],"facing":2,"dropoff":[-0.1785295,5.6674493],"dropoffWay":"osm:way/959983592","dropoffDistance":7.1,"legClear":true,"status":"mapped"},"geometry":{"type":"Point","coordinates":[-0.1785268,5.6675139]}},{"type":"Feature","id":"access:place:osm:node/5717931867","properties":{"role":"entrance","place":"GCB Bank (near Ernest Chemist)","placeId":"place:osm:node/5717931867","kind":"bank","footprint":"osm:way/603522794","entranceType":"inferred frontage","method":"frontage","evidence":"no mapped entrance or access way: the side nearest the network","confidence":"low","arrival":[-0.1797293,5.6518362],"arrivalWay":"osm:way/958788023","arrivalWayClass":"service","arrivalDistance":8.8,"approach":[90,270],"facing":360,"dropoff":[-0.1797293,5.6518362],"dropoffWay":"osm:way/958788023","dropoffDistance":8.8,"legClear":true,"status":"inferred"},"geometry":{"type":"Point","coordinates":[-0.1797118,5.6519293]}},{"type":"Feature","id":"access:place:osm:node/5724150674","properties":{"role":"entrance","place":"Rapidwash Laundry","placeId":"place:osm:node/5724150674","kind":"other","footprint":null,"entranceType":"point","method":"point","evidence":"mapped as a point","confidence":"medium","arrival":[-0.1882707,5.667844],"arrivalWay":"osm:way/959664960","arrivalWayClass":"service","arrivalDistance":5,"approach":[178,358],"facing":88,"dropoff":[-0.1882707,5.667844],"dropoffWay":"osm:way/959664960","dropoffDistance":5,"legClear":true,"status":"mapped"},"geometry":{"type":"Point","coordinates":[-0.188226,5.6678454]}},{"type":"Feature","id":"access:place:osm:node/5724150675","properties":{"role":"entrance","place":"Ecobank (near Unicom)","placeId":"place:osm:node/5724150675","kind":"bank","footprint":null,"entranceType":"point","method":"point","evidence":"mapped as a point","confidence":"medium","arrival":[-0.1880245,5.6679306],"arrivalWay":"osm:way/1550042543","arrivalWayName":"Agbogba Ashongman Road","arrivalWayClass":"tertiary","arrivalDistance":12.5,"approach":[154,334],"facing":244,"dropoff":[-0.1880245,5.6679306],"dropoffWay":"osm:way/1550042543","dropoffWayName":"Agbogba Ashongman Road","dropoffDistance":12.5,"legClear":true,"status":"mapped"},"geometry":{"type":"Point","coordinates":[-0.1881261,5.6678814]}},{"type":"Feature","id":"access:place:osm:node/5724150676","properties":{"role":"entrance","place":"Standard Chartered ATM (near Unicom)","placeId":"place:osm:node/5724150676","kind":"bank","footprint":null,"entranceType":"point","method":"point","evidence":"mapped as a point","confidence":"medium","arrival":[-0.1882714,5.6678662],"arrivalWay":"osm:way/959664960","arrivalWayClass":"service","arrivalDistance":14,"approach":[178,358],"facing":88,"dropoff":[-0.1882714,5.6678662],"dropoffWay":"osm:way/959664960","dropoffDistance":14,"legClear":true,"status":"mapped"},"geometry":{"type":"Point","coordinates":[-0.1881448,5.6678701]}},{"type":"Feature","id":"access:place:osm:node/5724150677","properties":{"role":"entrance","place":"First National Bank","placeId":"place:osm:node/5724150677","kind":"bank","footprint":null,"entranceType":"point","method":"point","evidence":"mapped as a point","confidence":"medium","arrival":[-0.1882711,5.6678568],"arrivalWay":"osm:way/959664960","arrivalWayClass":"service","arrivalDistance":12.1,"approach":[178,358],"facing":88,"dropoff":[-0.1882711,5.6678568],"dropoffWay":"osm:way/959664960","dropoffDistance":12.1,"legClear":true,"status":"mapped"},"geometry":{"type":"Point","coordinates":[-0.1881616,5.6678601]}},{"type":"Feature","id":"access:place:osm:node/5734177115","properties":{"role":"entrance","place":"Volta Café","placeId":"place:osm:node/5734177115","kind":"food","footprint":"osm:way/320072537","entranceType":"inferred frontage","method":"frontage","evidence":"no mapped entrance or access way: the side nearest the network","confidence":"low","arrival":[-0.1893309,5.6518253],"arrivalWay":"osm:way/1535119978","arrivalWayClass":"service","arrivalDistance":10.4,"approach":[195,15],"facing":285,"dropoff":[-0.1893309,5.6518253],"dropoffWay":"osm:way/1535119978","dropoffDistance":10.4,"legClear":true,"status":"inferred"},"geometry":{"type":"Point","coordinates":[-0.1894424,5.6518393]}},{"type":"Feature","id":"access:place:osm:node/5744469515","properties":{"role":"entrance","place":"Zenith","placeId":"place:osm:node/5744469515","kind":"bank","footprint":null,"entranceType":"point","method":"point","evidence":"mapped as a point","confidence":"medium","arrival":[-0.1891899,5.6517071],"arrivalWay":"osm:way/1535119978","arrivalWayClass":"service","arrivalDistance":9.5,"approach":[89,269],"facing":179,"dropoff":[-0.1891899,5.6517071],"dropoffWay":"osm:way/1535119978","dropoffDistance":9.5,"legClear":true,"status":"mapped"},"geometry":{"type":"Point","coordinates":[-0.1891882,5.6516214]}},{"type":"Feature","id":"access:place:osm:node/5749720245","properties":{"role":"entrance","place":"Pill Point","placeId":"place:osm:node/5749720245","kind":"health","footprint":"osm:way/556525607","entranceType":"drop-off","method":"drive-access","evidence":"osm:way/1117719539 (service) runs up to the building","confidence":"medium","arrival":[-0.1776988,5.6679969],"arrivalWay":"osm:way/1117719539","arrivalWayClass":"service","arrivalDistance":2.5,"approach":[207,27],"facing":117,"dropoff":[-0.1776988,5.6679969],"dropoffWay":"osm:way/1117719539","dropoffDistance":2.5,"legClear":true,"status":"mapped"},"geometry":{"type":"Point","coordinates":[-0.1777076,5.6679156]}},{"type":"Feature","id":"access:place:osm:node/5775920944","properties":{"role":"entrance","place":"Part Vista","placeId":"place:osm:node/5775920944","kind":"food","footprint":null,"entranceType":"point","method":"point","evidence":"mapped as a point","confidence":"medium","arrival":[-0.1822233,5.6673448],"arrivalWay":"osm:way/513687399","arrivalWayName":"Haatso-Atomic Road","arrivalWayClass":"secondary","arrivalDistance":8.1,"approach":[90,270],"facing":0,"dropoff":[-0.1822233,5.6673448],"dropoffWay":"osm:way/513687399","dropoffWayName":"Haatso-Atomic Road","dropoffDistance":8.1,"legClear":true,"status":"mapped"},"geometry":{"type":"Point","coordinates":[-0.1822233,5.6674183]}},{"type":"Feature","id":"access:place:osm:node/5794893517","properties":{"role":"entrance","place":"Papawo","placeId":"place:osm:node/5794893517","kind":"transport","footprint":null,"entranceType":"point","method":"point","evidence":"mapped as a point","confidence":"medium","arrival":[-0.1981845,5.6674379],"arrivalWay":"osm:way/278309037","arrivalWayName":"Haatso-Atomic Road","arrivalWayClass":"secondary","arrivalDistance":3.3,"approach":[90,270],"facing":0,"dropoff":[-0.1981845,5.6674379],"dropoffWay":"osm:way/278309037","dropoffWayName":"Haatso-Atomic Road","dropoffDistance":3.3,"legClear":true,"status":"mapped"},"geometry":{"type":"Point","coordinates":[-0.1981842,5.6674674]}},{"type":"Feature","id":"access:place:osm:node/5808035307","properties":{"role":"entrance","place":"GCB Bank (near SRC Union Building)","placeId":"place:osm:node/5808035307","kind":"bank","footprint":null,"entranceType":"point","method":"point","evidence":"mapped as a point","confidence":"medium","arrival":[-0.1875751,5.6467007],"arrivalWay":"osm:way/278303117","arrivalWayClass":"residential","arrivalDistance":8.9,"approach":[91,271],"facing":1,"dropoff":[-0.1875751,5.6467007],"dropoffWay":"osm:way/278303117","dropoffDistance":8.9,"legClear":true,"status":"mapped"},"geometry":{"type":"Point","coordinates":[-0.1875734,5.646781]}},{"type":"Feature","id":"access:place:osm:node/5808039515","properties":{"role":"entrance","place":"Zenith Bank","placeId":"place:osm:node/5808039515","kind":"bank","footprint":null,"entranceType":"point","method":"point","evidence":"mapped as a point","confidence":"medium","arrival":[-0.1874232,5.6468322],"arrivalWay":"osm:way/637507513","arrivalWayClass":"service","arrivalDistance":8.9,"approach":[181,1],"facing":271,"dropoff":[-0.1874232,5.6468322],"dropoffWay":"osm:way/637507513","dropoffDistance":8.9,"legClear":true,"status":"mapped"},"geometry":{"type":"Point","coordinates":[-0.1875034,5.6468339]}},{"type":"Feature","id":"access:place:osm:node/5810720358","properties":{"role":"entrance","place":"Access Bank (near SRC Union Building)","placeId":"place:osm:node/5810720358","kind":"bank","footprint":null,"entranceType":"point","method":"point","evidence":"mapped as a point","confidence":"medium","arrival":[-0.1875027,5.6472575],"arrivalWay":"osm:way/278303087","arrivalWayClass":"residential","arrivalDistance":8.8,"approach":[90,270],"facing":180,"dropoff":[-0.1875027,5.6472575],"dropoffWay":"osm:way/278303087","dropoffDistance":8.8,"legClear":true,"status":"mapped"},"geometry":{"type":"Point","coordinates":[-0.1875033,5.6471783]}},{"type":"Feature","id":"access:place:osm:node/5824861049","properties":{"role":"entrance","place":"Unicom","placeId":"place:osm:node/5824861049","kind":"health","footprint":"osm:way/1124510723","entranceType":"drop-off","method":"drive-access","evidence":"osm:way/959664960 (service) runs up to the building","confidence":"medium","arrival":[-0.1883259,5.6679038],"arrivalWay":"osm:way/959664960","arrivalWayClass":"service","arrivalDistance":1.3,"approach":[93,273],"facing":183,"dropoff":[-0.1883259,5.6679038],"dropoffWay":"osm:way/959664960","dropoffDistance":1.3,"legClear":true,"status":"mapped"},"geometry":{"type":"Point","coordinates":[-0.1883042,5.6678885]}},{"type":"Feature","id":"access:place:osm:node/5884226044","properties":{"role":"entrance","place":"Radio Univers","placeId":"place:osm:node/5884226044","kind":"other","footprint":"osm:way/492099509","entranceType":"inferred frontage","method":"frontage","evidence":"no mapped entrance or access way: the side nearest the network","confidence":"low","arrival":[-0.1818516,5.6518082],"arrivalWay":"osm:way/672764761","arrivalWayClass":"footway","arrivalDistance":90.6,"approach":[62,242],"facing":87,"dropoff":[-0.1801935,5.6518552],"dropoffWay":"osm:way/172274075","dropoffWayName":"J.J. Rawlings Avenue","dropoffDistance":93.2,"legClear":true,"status":"inferred"},"geometry":{"type":"Point","coordinates":[-0.1810232,5.6518272]}},{"type":"Feature","id":"access:place:osm:node/5884233964","properties":{"role":"entrance","place":"School of Communication Studies","placeId":"place:osm:node/5884233964","kind":"academic","footprint":"osm:way/492099507","entranceType":"inferred frontage","method":"frontage","evidence":"no mapped entrance or access way: the side nearest the network","confidence":"low","arrival":[-0.18138,5.6518495],"arrivalWay":"osm:way/424526317","arrivalWayClass":"residential","arrivalDistance":4.6,"approach":[3,183],"facing":93,"dropoff":[-0.18138,5.6518495],"dropoffWay":"osm:way/424526317","dropoffDistance":4.6,"legClear":true,"status":"inferred"},"geometry":{"type":"Point","coordinates":[-0.1813276,5.6518279]}},{"type":"Feature","id":"access:place:osm:node/6121509107","properties":{"role":"entrance","place":"Leasafric","placeId":"place:osm:node/6121509107","kind":"other","footprint":null,"entranceType":"point","method":"point","evidence":"mapped as a point","confidence":"medium","arrival":[-0.1775803,5.640372],"arrivalWay":"osm:way/1111997975","arrivalWayClass":"service","arrivalDistance":4.2,"approach":[128,308],"facing":218,"dropoff":[-0.1775803,5.640372],"dropoffWay":"osm:way/1111997975","dropoffDistance":4.2,"legClear":true,"status":"mapped"},"geometry":{"type":"Point","coordinates":[-0.1776039,5.6403419]}},{"type":"Feature","id":"access:place:osm:node/6153180354","properties":{"role":"entrance","place":"Benzola Supermarket and Mini Restaurant","placeId":"place:osm:node/6153180354","kind":"food","footprint":"osm:way/278303051","entranceType":"inferred frontage","method":"frontage","evidence":"no mapped entrance or access way: the side nearest the network","confidence":"low","arrival":[-0.1853579,5.6479389],"arrivalWay":"osm:way/1431059974","arrivalWayClass":"footway","arrivalDistance":3.4,"approach":[179,359],"facing":269,"dropoff":[-0.1853885,5.6477834],"dropoffWay":"osm:way/603511034","dropoffDistance":17.2,"legClear":true,"status":"inferred"},"geometry":{"type":"Point","coordinates":[-0.185411,5.647937]}},{"type":"Feature","id":"access:place:osm:node/6158487493","properties":{"role":"entrance","place":"Big J Forex Bureau","placeId":"place:osm:node/6158487493","kind":"bank","footprint":null,"entranceType":"point","method":"point","evidence":"mapped as a point","confidence":"medium","arrival":[-0.1878257,5.6676923],"arrivalWay":"osm:way/515804973","arrivalWayName":"Agbogba Ashongman Road","arrivalWayClass":"tertiary","arrivalDistance":14.3,"approach":[337,157],"facing":67,"dropoff":[-0.1878257,5.6676923],"dropoffWay":"osm:way/515804973","dropoffWayName":"Agbogba Ashongman Road","dropoffDistance":14.3,"legClear":true,"status":"mapped"},"geometry":{"type":"Point","coordinates":[-0.1877072,5.6677428]}},{"type":"Feature","id":"access:place:osm:node/6300118443","properties":{"role":"entrance","place":"School of Performing Art","placeId":"place:osm:node/6300118443","kind":"academic","footprint":null,"entranceType":"point","method":"point","evidence":"mapped as a point","confidence":"medium","arrival":[-0.1811789,5.6499856],"arrivalWay":"osm:way/1145609353","arrivalWayClass":"service","arrivalDistance":32.3,"approach":[92,272],"facing":182,"dropoff":[-0.1811789,5.6499856],"dropoffWay":"osm:way/1145609353","dropoffDistance":32.3,"legClear":true,"status":"mapped"},"geometry":{"type":"Point","coordinates":[-0.1811913,5.6496935]}},{"type":"Feature","id":"access:place:osm:node/6300118467","properties":{"role":"entrance","place":"Diaspora","placeId":"place:osm:node/6300118467","kind":"transport","footprint":null,"entranceType":"point","method":"point","evidence":"mapped as a point","confidence":"medium","arrival":[-0.1856722,5.6380143],"arrivalWay":"osm:way/1051767976","arrivalWayClass":"service","arrivalDistance":3.3,"approach":[39,219],"facing":129,"dropoff":[-0.1856722,5.6380143],"dropoffWay":"osm:way/1051767976","dropoffDistance":3.3,"legClear":true,"status":"mapped"},"geometry":{"type":"Point","coordinates":[-0.1856489,5.6379957]}},{"type":"Feature","id":"access:place:osm:node/6396871352","properties":{"role":"entrance","place":"Baba's Special Kebab","placeId":"place:osm:node/6396871352","kind":"food","footprint":null,"entranceType":"point","method":"point","evidence":"mapped as a point","confidence":"medium","arrival":[-0.1858072,5.6420595],"arrivalWay":"osm:way/637710159","arrivalWayName":"Jubilee Link","arrivalWayClass":"unclassified","arrivalDistance":11.1,"approach":[150,330],"facing":60,"dropoff":[-0.1858072,5.6420595],"dropoffWay":"osm:way/637710159","dropoffWayName":"Jubilee Link","dropoffDistance":11.1,"legClear":true,"status":"mapped"},"geometry":{"type":"Point","coordinates":[-0.1857203,5.64211]}},{"type":"Feature","id":"access:place:osm:node/6406641488","properties":{"role":"entrance","place":"Africana Guest House","placeId":"place:osm:node/6406641488","kind":"other","footprint":null,"entranceType":"point","method":"point","evidence":"mapped as a point","confidence":"medium","arrival":[-0.1810185,5.6676538],"arrivalWay":"osm:way/1534507093","arrivalWayClass":"residential","arrivalDistance":14.1,"approach":[358,178],"facing":31,"dropoff":[-0.1810185,5.6676538],"dropoffWay":"osm:way/1534507093","dropoffDistance":14.1,"legClear":true,"status":"mapped"},"geometry":{"type":"Point","coordinates":[-0.1809526,5.6677633]}},{"type":"Feature","id":"access:place:osm:node/6520566856","properties":{"role":"entrance","place":"Emefa","placeId":"place:osm:node/6520566856","kind":"transport","footprint":null,"entranceType":"point","method":"point","evidence":"mapped as a point","confidence":"medium","arrival":[-0.1931481,5.6673999],"arrivalWay":"osm:way/516493108","arrivalWayName":"Haatso-Atomic Road","arrivalWayClass":"secondary","arrivalDistance":6.4,"approach":[91,271],"facing":181,"dropoff":[-0.1931481,5.6673999],"dropoffWay":"osm:way/516493108","dropoffWayName":"Haatso-Atomic Road","dropoffDistance":6.4,"legClear":true,"status":"mapped"},"geometry":{"type":"Point","coordinates":[-0.1931486,5.6673423]}},{"type":"Feature","id":"access:place:osm:node/6520566857","properties":{"role":"entrance","place":"Washing Bay","placeId":"place:osm:node/6520566857","kind":"transport","footprint":null,"entranceType":"point","method":"point","evidence":"mapped as a point","confidence":"medium","arrival":[-0.1942314,5.6673704],"arrivalWay":"osm:way/1080465558","arrivalWayClass":"service","arrivalDistance":1.5,"approach":[174,354],"facing":84,"dropoff":[-0.1942314,5.6673704],"dropoffWay":"osm:way/1080465558","dropoffDistance":1.5,"legClear":true,"status":"mapped"},"geometry":{"type":"Point","coordinates":[-0.1942182,5.6673717]}},{"type":"Feature","id":"access:place:osm:node/6521403261","properties":{"role":"entrance","place":"Okponglo Second Gate","placeId":"place:osm:node/6521403261","kind":"transport","footprint":null,"entranceType":"point","method":"point","evidence":"mapped as a point","confidence":"medium","arrival":[-0.1774899,5.637714],"arrivalWay":"osm:way/316575723","arrivalWayName":"J.J. Rawlings Avenue","arrivalWayClass":"trunk","arrivalDistance":12.9,"approach":[350,170],"facing":80,"dropoff":[-0.1774899,5.637714],"dropoffWay":"osm:way/316575723","dropoffWayName":"J.J. Rawlings Avenue","dropoffDistance":12.9,"legClear":true,"status":"mapped"},"geometry":{"type":"Point","coordinates":[-0.1773751,5.6377339]}},{"type":"Feature","id":"access:place:osm:node/6593312786","properties":{"role":"entrance","place":"Centre for Remote Sensing and Geographic Information Services","placeId":"place:osm:node/6593312786","kind":"academic","footprint":"osm:way/425291273","entranceType":"drop-off","method":"drive-access","evidence":"osm:way/702097194 (service) runs up to the building","confidence":"medium","arrival":[-0.1829276,5.6513258],"arrivalWay":"osm:way/702097194","arrivalWayClass":"service","arrivalDistance":3.2,"approach":[269,89],"facing":359,"dropoff":[-0.1829276,5.6513258],"dropoffWay":"osm:way/702097194","dropoffDistance":3.2,"legClear":true,"status":"mapped"},"geometry":{"type":"Point","coordinates":[-0.1829507,5.6513557]}},{"type":"Feature","id":"access:place:osm:node/6697335890","properties":{"role":"entrance","place":"WSLoop","placeId":"place:osm:node/6697335890","kind":"other","footprint":"osm:way/745007781","entranceType":"inferred frontage","method":"frontage","evidence":"no mapped entrance or access way: the side nearest the network","confidence":"low","arrival":[-0.1817364,5.6570705],"arrivalWay":"osm:way/335456891","arrivalWayClass":"residential","arrivalDistance":18.7,"approach":[266,86],"facing":356,"dropoff":[-0.1817364,5.6570705],"dropoffWay":"osm:way/335456891","dropoffDistance":18.7,"legClear":true,"status":"inferred"},"geometry":{"type":"Point","coordinates":[-0.1817637,5.6572547]}},{"type":"Feature","id":"access:place:osm:node/6715223673","properties":{"role":"entrance","place":"CITA Geakrh","placeId":"place:osm:node/6715223673","kind":"health","footprint":null,"entranceType":"point","method":"point","evidence":"mapped as a point","confidence":"medium","arrival":[-0.196231,5.6665733],"arrivalWay":"osm:way/516493106","arrivalWayClass":"residential","arrivalDistance":18,"approach":[267,87],"facing":177,"dropoff":[-0.196231,5.6665733],"dropoffWay":"osm:way/516493106","dropoffDistance":18,"legClear":true,"status":"mapped"},"geometry":{"type":"Point","coordinates":[-0.1962211,5.6664108]}},{"type":"Feature","id":"access:place:osm:node/6720652945","properties":{"role":"entrance","place":"Mobile Money","placeId":"place:osm:node/6720652945","kind":"bank","footprint":null,"entranceType":"point","method":"point","evidence":"mapped as a point","confidence":"medium","arrival":[-0.1890767,5.6516693],"arrivalWay":"osm:way/448224307","arrivalWayName":"Volta Hall Road","arrivalWayClass":"residential","arrivalDistance":4.6,"approach":[180,360],"facing":90,"dropoff":[-0.1890767,5.6516693],"dropoffWay":"osm:way/448224307","dropoffWayName":"Volta Hall Road","dropoffDistance":4.6,"legClear":true,"status":"mapped"},"geometry":{"type":"Point","coordinates":[-0.1890355,5.6516696]}},{"type":"Feature","id":"access:place:osm:node/6743255973","properties":{"role":"entrance","place":"CitiVeg","placeId":"place:osm:node/6743255973","kind":"other","footprint":"ml:b7a8d913-8277-4970-a31e-aa09bff1df75","entranceType":"inferred frontage","method":"frontage","evidence":"no mapped entrance or access way: the side nearest the network","confidence":"low","arrival":[-0.1849778,5.6498605],"arrivalWay":"osm:way/1097872654","arrivalWayName":"Akuafo Road","arrivalWayClass":"unclassified","arrivalDistance":24,"approach":[180,0],"facing":90,"dropoff":[-0.1849778,5.6498605],"dropoffWay":"osm:way/1097872654","dropoffWayName":"Akuafo Road","dropoffDistance":24,"legClear":true,"status":"inferred"},"geometry":{"type":"Point","coordinates":[-0.184752,5.649839]}},{"type":"Feature","id":"access:place:osm:node/6755651810","properties":{"role":"entrance","place":"McDan Group","placeId":"place:osm:node/6755651810","kind":"other","footprint":"osm:way/675703099","entranceType":"inferred frontage","method":"frontage","evidence":"no mapped entrance or access way: the side nearest the network","confidence":"low","arrival":[-0.1764103,5.6371515],"arrivalWay":"osm:way/570662490","arrivalWayName":"Nii Kwablah Ashong Avenue","arrivalWayClass":"unclassified","arrivalDistance":2.1,"approach":[260,80],"facing":350,"dropoff":[-0.1764103,5.6371515],"dropoffWay":"osm:way/570662490","dropoffWayName":"Nii Kwablah Ashong Avenue","dropoffDistance":2.1,"legClear":true,"status":"inferred"},"geometry":{"type":"Point","coordinates":[-0.1764286,5.6371874]}},{"type":"Feature","id":"access:place:osm:node/6761602281","properties":{"role":"entrance","place":"Commonwealth Dinning hall","placeId":"place:osm:node/6761602281","kind":"food","footprint":"osm:way/100307631","entranceType":"inferred frontage","method":"frontage","evidence":"no mapped entrance or access way: the side nearest the network","confidence":"low","arrival":[-0.1924198,5.6516608],"arrivalWay":"osm:way/671178564","arrivalWayClass":"service","arrivalDistance":9.3,"approach":[100,280],"facing":190,"dropoff":[-0.1924198,5.6516608],"dropoffWay":"osm:way/671178564","dropoffDistance":9.3,"legClear":true,"status":"inferred"},"geometry":{"type":"Point","coordinates":[-0.1924453,5.6515587]}},{"type":"Feature","id":"access:place:osm:node/6761602282","properties":{"role":"entrance","place":"Food vendors","placeId":"place:osm:node/6761602282","kind":"food","footprint":null,"entranceType":"point","method":"point","evidence":"mapped as a point","confidence":"medium","arrival":[-0.1919764,5.6514744],"arrivalWay":"osm:way/628962907","arrivalWayClass":"service","arrivalDistance":47.7,"approach":[289,109],"facing":199,"dropoff":[-0.1919764,5.6514744],"dropoffWay":"osm:way/628962907","dropoffDistance":47.7,"legClear":true,"status":"mapped"},"geometry":{"type":"Point","coordinates":[-0.192115,5.6510658]}},{"type":"Feature","id":"access:place:osm:node/6761619615","properties":{"role":"entrance","place":"small food vendor","placeId":"place:osm:node/6761619615","kind":"food","footprint":"osm:way/308653130","entranceType":"inferred frontage","method":"frontage","evidence":"no mapped entrance or access way: the side nearest the network","confidence":"low","arrival":[-0.1853123,5.6482917],"arrivalWay":"osm:way/1540994845","arrivalWayClass":"footway","arrivalDistance":10.5,"approach":[201,21],"facing":291,"dropoff":[-0.1854008,5.6481624],"dropoffWay":"osm:way/448225447","dropoffWayName":"E.A. Boateng Road","dropoffDistance":18.1,"legClear":true,"status":"inferred"},"geometry":{"type":"Point","coordinates":[-0.1854139,5.6483444]}},{"type":"Feature","id":"access:place:osm:node/6780721230","properties":{"role":"entrance","place":"Maxi Catering Services","placeId":"place:osm:node/6780721230","kind":"food","footprint":"osm:way/444321274","entranceType":"inferred frontage","method":"frontage","evidence":"no mapped entrance or access way: the side nearest the network","confidence":"low","arrival":[-0.1826882,5.6393909],"arrivalWay":"osm:way/1446038147","arrivalWayClass":"path","arrivalDistance":3.1,"approach":[196,16],"facing":106,"dropoff":[-0.1831454,5.6391076],"dropoffWay":"osm:way/228300006","dropoffWayName":"Akilagpa Sawyerr Road","dropoffDistance":61.7,"legClear":true,"status":"inferred"},"geometry":{"type":"Point","coordinates":[-0.1826394,5.6393772]}},{"type":"Feature","id":"access:place:osm:node/6825058468","properties":{"role":"entrance","place":"UPSA Taxi Rank","placeId":"place:osm:node/6825058468","kind":"transport","footprint":null,"entranceType":"point","method":"point","evidence":"mapped as a point","confidence":"medium","arrival":[-0.1780759,5.6603565],"arrivalWay":"osm:way/959983604","arrivalWayClass":"service","arrivalDistance":20.8,"approach":[78,258],"facing":152,"dropoff":[-0.1780759,5.6603565],"dropoffWay":"osm:way/959983604","dropoffDistance":20.8,"legClear":true,"status":"mapped"},"geometry":{"type":"Point","coordinates":[-0.1779885,5.66019]}},{"type":"Feature","id":"access:place:osm:node/6828943362","properties":{"role":"entrance","place":"DHL","placeId":"place:osm:node/6828943362","kind":"other","footprint":"osm:way/503106587","entranceType":"inferred frontage","method":"frontage","evidence":"no mapped entrance or access way: the side nearest the network","confidence":"low","arrival":[-0.1788894,5.6482419],"arrivalWay":"osm:way/634964251","arrivalWayClass":"service","arrivalDistance":4.2,"approach":[97,277],"facing":187,"dropoff":[-0.1788894,5.6482419],"dropoffWay":"osm:way/634964251","dropoffDistance":4.2,"legClear":true,"status":"inferred"},"geometry":{"type":"Point","coordinates":[-0.1788835,5.6481847]}},{"type":"Feature","id":"access:place:osm:node/6968585523","properties":{"role":"entrance","place":"Papaye","placeId":"place:osm:node/6968585523","kind":"food","footprint":"osm:way/600999955","entranceType":"inferred frontage","method":"frontage","evidence":"no mapped entrance or access way: the side nearest the network","confidence":"low","arrival":[-0.1871518,5.667209],"arrivalWay":"osm:way/1550042544","arrivalWayClass":"service","arrivalDistance":14.6,"approach":[84,264],"facing":174,"dropoff":[-0.1871518,5.667209],"dropoffWay":"osm:way/1550042544","dropoffDistance":14.6,"legClear":true,"status":"inferred"},"geometry":{"type":"Point","coordinates":[-0.1871223,5.6670607]}},{"type":"Feature","id":"access:place:osm:node/7064316452","properties":{"role":"entrance","place":"Vetmart","placeId":"place:osm:node/7064316452","kind":"other","footprint":null,"entranceType":"point","method":"point","evidence":"mapped as a point","confidence":"medium","arrival":[-0.1825916,5.6673452],"arrivalWay":"osm:way/1550042548","arrivalWayName":"Haatso-Atomic Road","arrivalWayClass":"secondary","arrivalDistance":15.2,"approach":[90,270],"facing":0,"dropoff":[-0.1825916,5.6673452],"dropoffWay":"osm:way/1550042548","dropoffWayName":"Haatso-Atomic Road","dropoffDistance":15.2,"legClear":true,"status":"mapped"},"geometry":{"type":"Point","coordinates":[-0.1825908,5.667483]}},{"type":"Feature","id":"access:place:osm:node/7147443576","properties":{"role":"entrance","place":"tickels restaurant","placeId":"place:osm:node/7147443576","kind":"food","footprint":"osm:relation/5288833","entranceType":"inferred frontage","method":"frontage","evidence":"no mapped entrance or access way: the side nearest the network","confidence":"low","arrival":[-0.184752,5.6384014],"arrivalWay":"osm:way/353697499","arrivalWayName":"Jubilee Link","arrivalWayClass":"residential","arrivalDistance":12.7,"approach":[242,62],"facing":152,"dropoff":[-0.184752,5.6384014],"dropoffWay":"osm:way/353697499","dropoffWayName":"Jubilee Link","dropoffDistance":12.7,"legClear":true,"status":"inferred"},"geometry":{"type":"Point","coordinates":[-0.1846959,5.6382774]}},{"type":"Feature","id":"access:place:osm:node/7147443580","properties":{"role":"entrance","place":"Samsung shop","placeId":"place:osm:node/7147443580","kind":"other","footprint":"osm:relation/5288833","entranceType":"inferred frontage","method":"frontage","evidence":"no mapped entrance or access way: the side nearest the network","confidence":"low","arrival":[-0.184752,5.6384014],"arrivalWay":"osm:way/353697499","arrivalWayName":"Jubilee Link","arrivalWayClass":"residential","arrivalDistance":12.7,"approach":[242,62],"facing":152,"dropoff":[-0.184752,5.6384014],"dropoffWay":"osm:way/353697499","dropoffWayName":"Jubilee Link","dropoffDistance":12.7,"legClear":true,"status":"inferred"},"geometry":{"type":"Point","coordinates":[-0.1846959,5.6382774]}},{"type":"Feature","id":"access:place:osm:node/7147467166","properties":{"role":"entrance","place":"bervels","placeId":"place:osm:node/7147467166","kind":"food","footprint":"osm:relation/5288831","entranceType":"inferred frontage","method":"frontage","evidence":"no mapped entrance or access way: the side nearest the network","confidence":"low","arrival":[-0.1858421,5.6378017],"arrivalWay":"osm:way/353697499","arrivalWayName":"Jubilee Link","arrivalWayClass":"residential","arrivalDistance":14,"approach":[243,63],"facing":153,"dropoff":[-0.1858421,5.6378017],"dropoffWay":"osm:way/353697499","dropoffWayName":"Jubilee Link","dropoffDistance":14,"legClear":true,"status":"inferred"},"geometry":{"type":"Point","coordinates":[-0.1857825,5.6376669]}},{"type":"Feature","id":"access:place:osm:node/7147467167","properties":{"role":"entrance","place":"Aunty Nancy's shop","placeId":"place:osm:node/7147467167","kind":"other","footprint":"osm:relation/5288833","entranceType":"inferred frontage","method":"frontage","evidence":"no mapped entrance or access way: the side nearest the network","confidence":"low","arrival":[-0.184752,5.6384014],"arrivalWay":"osm:way/353697499","arrivalWayName":"Jubilee Link","arrivalWayClass":"residential","arrivalDistance":12.7,"approach":[242,62],"facing":152,"dropoff":[-0.184752,5.6384014],"dropoffWay":"osm:way/353697499","dropoffWayName":"Jubilee Link","dropoffDistance":12.7,"legClear":true,"status":"inferred"},"geometry":{"type":"Point","coordinates":[-0.1846959,5.6382774]}},{"type":"Feature","id":"access:place:osm:node/7147467169","properties":{"role":"entrance","place":"Elizabeth Sey Pharmacy","placeId":"place:osm:node/7147467169","kind":"health","footprint":"osm:relation/5288834","entranceType":"inferred frontage","method":"frontage","evidence":"no mapped entrance or access way: the side nearest the network","confidence":"low","arrival":[-0.1874916,5.6368656],"arrivalWay":"osm:way/353697499","arrivalWayName":"Jubilee Link","arrivalWayClass":"residential","arrivalDistance":14.8,"approach":[239,59],"facing":149,"dropoff":[-0.1874916,5.6368656],"dropoffWay":"osm:way/353697499","dropoffWayName":"Jubilee Link","dropoffDistance":14.8,"legClear":true,"status":"inferred"},"geometry":{"type":"Point","coordinates":[-0.187422,5.6367277]}},{"type":"Feature","id":"access:place:osm:node/7147537915","properties":{"role":"entrance","place":"UG Gymnasium","placeId":"place:osm:node/7147537915","kind":"sport","footprint":"osm:way/492099500","entranceType":"inferred frontage","method":"frontage","evidence":"no mapped entrance or access way: the side nearest the network","confidence":"low","arrival":[-0.1814684,5.6395081],"arrivalWay":"osm:way/1230249852","arrivalWayClass":"service","arrivalDistance":7.4,"approach":[268,88],"facing":358,"dropoff":[-0.1814684,5.6395081],"dropoffWay":"osm:way/1230249852","dropoffDistance":7.4,"legClear":true,"status":"inferred"},"geometry":{"type":"Point","coordinates":[-0.1814776,5.6395969]}},{"type":"Feature","id":"access:place:osm:node/7156350602","properties":{"role":"entrance","place":"FirstBank Ghana","placeId":"place:osm:node/7156350602","kind":"bank","footprint":null,"entranceType":"point","method":"point","evidence":"mapped as a point","confidence":"medium","arrival":[-0.178627,5.6670759],"arrivalWay":"osm:way/959983598","arrivalWayClass":"service","arrivalDistance":9.6,"approach":[185,5],"facing":177,"dropoff":[-0.178627,5.6670759],"dropoffWay":"osm:way/959983598","dropoffDistance":9.6,"legClear":true,"status":"mapped"},"geometry":{"type":"Point","coordinates":[-0.1786231,5.6669892]}},{"type":"Feature","id":"access:place:osm:node/7156350603","properties":{"role":"entrance","place":"Bayview Village","placeId":"place:osm:node/7156350603","kind":"food","footprint":null,"entranceType":"point","method":"point","evidence":"mapped as a point","confidence":"medium","arrival":[-0.1791556,5.6666292],"arrivalWay":"osm:way/766226759","arrivalWayClass":"service","arrivalDistance":15.4,"approach":[189,9],"facing":99,"dropoff":[-0.1791556,5.6666292],"dropoffWay":"osm:way/766226759","dropoffDistance":15.4,"legClear":true,"status":"mapped"},"geometry":{"type":"Point","coordinates":[-0.1790187,5.6666075]}},{"type":"Feature","id":"access:place:osm:node/7163429698","properties":{"role":"entrance","place":"Accential","placeId":"place:osm:node/7163429698","kind":"other","footprint":null,"entranceType":"point","method":"point","evidence":"mapped as a point","confidence":"medium","arrival":[-0.1779721,5.6417457],"arrivalWay":"osm:way/380535115","arrivalWayName":"Tebu Street","arrivalWayClass":"residential","arrivalDistance":20.8,"approach":[273,93],"facing":183,"dropoff":[-0.1779721,5.6417457],"dropoffWay":"osm:way/380535115","dropoffWayName":"Tebu Street","dropoffDistance":20.8,"legClear":true,"status":"mapped"},"geometry":{"type":"Point","coordinates":[-0.1779811,5.6415574]}},{"type":"Feature","id":"access:place:osm:node/7187301603","properties":{"role":"entrance","place":"Zoe Pharmacy","placeId":"place:osm:node/7187301603","kind":"health","footprint":null,"entranceType":"point","method":"point","evidence":"mapped as a point","confidence":"medium","arrival":[-0.1856078,5.6673615],"arrivalWay":"osm:way/1550042548","arrivalWayName":"Haatso-Atomic Road","arrivalWayClass":"secondary","arrivalDistance":12.7,"approach":[89,269],"facing":359,"dropoff":[-0.1856078,5.6673615],"dropoffWay":"osm:way/1550042548","dropoffWayName":"Haatso-Atomic Road","dropoffDistance":12.7,"legClear":true,"status":"mapped"},"geometry":{"type":"Point","coordinates":[-0.1856089,5.6674763]}},{"type":"Feature","id":"access:place:osm:node/7187304420","properties":{"role":"entrance","place":"Ernest Enterprise","placeId":"place:osm:node/7187304420","kind":"other","footprint":null,"entranceType":"point","method":"point","evidence":"mapped as a point","confidence":"medium","arrival":[-0.1777987,5.6672032],"arrivalWay":"osm:way/765371859","arrivalWayClass":"service","arrivalDistance":6.9,"approach":[359,179],"facing":89,"dropoff":[-0.1777987,5.6672032],"dropoffWay":"osm:way/765371859","dropoffDistance":6.9,"legClear":true,"status":"mapped"},"geometry":{"type":"Point","coordinates":[-0.1777367,5.6672039]}},{"type":"Feature","id":"access:place:osm:node/7187310367","properties":{"role":"entrance","place":"Mini Clinic","placeId":"place:osm:node/7187310367","kind":"health","footprint":null,"entranceType":"point","method":"point","evidence":"mapped as a point","confidence":"medium","arrival":[-0.1857029,5.6673727],"arrivalWay":"osm:way/1550042549","arrivalWayClass":"secondary","arrivalDistance":12.1,"approach":[291,111],"facing":21,"dropoff":[-0.1857029,5.6673727],"dropoffWay":"osm:way/1550042549","dropoffDistance":12.1,"legClear":true,"status":"mapped"},"geometry":{"type":"Point","coordinates":[-0.1856644,5.6674754]}},{"type":"Feature","id":"access:place:osm:node/7284715090","properties":{"role":"entrance","place":"Silver Hair Barber Shop","placeId":"place:osm:node/7284715090","kind":"other","footprint":null,"entranceType":"point","method":"point","evidence":"mapped as a point","confidence":"medium","arrival":[-0.1855841,5.6673618],"arrivalWay":"osm:way/1550042548","arrivalWayName":"Haatso-Atomic Road","arrivalWayClass":"secondary","arrivalDistance":12.3,"approach":[89,269],"facing":359,"dropoff":[-0.1855841,5.6673618],"dropoffWay":"osm:way/1550042548","dropoffWayName":"Haatso-Atomic Road","dropoffDistance":12.3,"legClear":true,"status":"mapped"},"geometry":{"type":"Point","coordinates":[-0.1855852,5.6674728]}},{"type":"Feature","id":"access:place:osm:node/9083982209","properties":{"role":"entrance","place":"Diamed Diagnostical and Treatment Center","placeId":"place:osm:node/9083982209","kind":"health","footprint":"osm:way/675704403","entranceType":"inferred frontage","method":"frontage","evidence":"no mapped entrance or access way: the side nearest the network","confidence":"low","arrival":[-0.1774094,5.6388989],"arrivalWay":"osm:way/958782143","arrivalWayClass":"service","arrivalDistance":9.8,"approach":[168,348],"facing":337,"dropoff":[-0.1774094,5.6388989],"dropoffWay":"osm:way/958782143","dropoffDistance":9.8,"legClear":true,"status":"inferred"},"geometry":{"type":"Point","coordinates":[-0.1774322,5.6389994]}},{"type":"Feature","id":"access:place:osm:node/9658740517","properties":{"role":"entrance","place":"Pent Food Court","placeId":"place:osm:node/9658740517","kind":"food","footprint":"osm:way/787275551","entranceType":"inferred frontage","method":"frontage","evidence":"no mapped entrance or access way: the side nearest the network","confidence":"low","arrival":[-0.1808219,5.6560812],"arrivalWay":"osm:way/1222158832","arrivalWayClass":"service","arrivalDistance":5.2,"approach":[300,120],"facing":30,"dropoff":[-0.1808219,5.6560812],"dropoffWay":"osm:way/1222158832","dropoffDistance":5.2,"legClear":true,"status":"inferred"},"geometry":{"type":"Point","coordinates":[-0.1807787,5.6561335]}},{"type":"Feature","id":"access:place:osm:node/9658883717","properties":{"role":"entrance","place":"Evandy Hostel","placeId":"place:osm:node/9658883717","kind":"hall","footprint":"osm:way/719059760","entranceType":"inferred frontage","method":"frontage","evidence":"no mapped entrance or access way: the side nearest the network","confidence":"low","arrival":[-0.1821073,5.6633349],"arrivalWay":"osm:way/719059771","arrivalWayClass":"service","arrivalDistance":8,"approach":[83,263],"facing":173,"dropoff":[-0.1821073,5.6633349],"dropoffWay":"osm:way/719059771","dropoffDistance":8,"legClear":true,"status":"unverified"},"geometry":{"type":"Point","coordinates":[-0.1820791,5.6632517]}},{"type":"Feature","id":"access:place:osm:node/9658923217","properties":{"role":"entrance","place":"Kampala Court","placeId":"place:osm:node/9658923217","kind":"hall","footprint":"osm:way/1189695656","entranceType":"hall entrance","method":"curated","evidence":"Owner: Kampala is the second court from the west (K), entrance marked on its north face.","cite":"owner-pentagon","confidence":"high","arrival":[-0.1817816,5.6567118],"arrivalWay":"osm:way/335456900","arrivalWayClass":"residential","arrivalDistance":12.8,"approach":[86,266],"facing":176,"dropoff":[-0.1817816,5.6567118],"dropoffWay":"osm:way/335456900","dropoffDistance":12.8,"legClear":true,"status":"verified","refs":["pentagon_layout (owner, entrances marked)","old_pent_court (owner photo)"],"approachText":"From the road along the north of Old Pent to the porch in the middle of the court's north face."},"geometry":{"type":"Point","coordinates":[-0.1817553,5.6565835]}},{"type":"Feature","id":"access:place:osm:node/9659844417","properties":{"role":"entrance","place":"Pent Admin Block","placeId":"place:osm:node/9659844417","kind":"other","footprint":"osm:way/618251960","entranceType":"public entrance","method":"curated","evidence":"Owner: the admin block (AD) sits in the middle of Old Pent with two courts either side; entrance marked on its north face. Owner's photo: a gabled porch with a sunburst gable and the GHANA HOSTELS LTD sign between two gabled towers.","cite":"owner-pentagon","confidence":"high","arrival":[-0.1814332,5.6567362],"arrivalWay":"osm:way/335456900","arrivalWayClass":"residential","arrivalDistance":16.5,"approach":[86,266],"facing":176,"dropoff":[-0.1814332,5.6567362],"dropoffWay":"osm:way/335456900","dropoffDistance":16.5,"legClear":true,"status":"verified","refs":["pentagon_layout (owner, entrances marked)","pent_admin_block (owner photo)"],"approachText":"From the road along the north of Old Pent to the gabled porch between the admin block's two towers."},"geometry":{"type":"Point","coordinates":[-0.1814187,5.6565649]}},{"type":"Feature","id":"access:place:osm:node/9659847117","properties":{"role":"entrance","place":"Department of Plant and Environmental Biology","placeId":"place:osm:node/9659847117","kind":"academic","footprint":"osm:relation/3697980","entranceType":"inferred frontage","method":"frontage","evidence":"no mapped entrance or access way: the side nearest the network","confidence":"low","arrival":[-0.1861136,5.6532696],"arrivalWay":"osm:way/130857254","arrivalWayName":"J.K.M. Hodasi Road","arrivalWayClass":"residential","arrivalDistance":11.6,"approach":[270,90],"facing":0,"dropoff":[-0.1861136,5.6532696],"dropoffWay":"osm:way/130857254","dropoffWayName":"J.K.M. Hodasi Road","dropoffDistance":11.6,"legClear":true,"status":"inferred"},"geometry":{"type":"Point","coordinates":[-0.1861205,5.6533962]}},{"type":"Feature","id":"access:place:osm:node/9659859117","properties":{"role":"entrance","place":"Department of Family and Consumer Sciences Annex, FCOS","placeId":"place:osm:node/9659859117","kind":"academic","footprint":"osm:relation/3697977","entranceType":"inferred frontage","method":"frontage","evidence":"no mapped entrance or access way: the side nearest the network","confidence":"low","arrival":[-0.184259,5.6527073],"arrivalWay":"osm:way/671170105","arrivalWayClass":"residential","arrivalDistance":5.5,"approach":[12,192],"facing":282,"dropoff":[-0.184259,5.6527073],"dropoffWay":"osm:way/671170105","dropoffDistance":5.5,"legClear":true,"status":"inferred"},"geometry":{"type":"Point","coordinates":[-0.1843282,5.6527262]}},{"type":"Feature","id":"access:place:osm:node/9659866317","properties":{"role":"entrance","place":"University of Ghana Business School","placeId":"place:osm:node/9659866317","kind":"academic","footprint":"osm:way/130861321","entranceType":"public entrance","method":"curated","evidence":"business_school_layout (registered to OSM): the car park and access road lie along the north side, with a covered walkway on the north facade. Door not visible.","cite":"user-layouts","confidence":"medium","arrival":[-0.188455,5.6530389],"arrivalWay":"osm:way/715027980","arrivalWayClass":"service","arrivalDistance":2.6,"approach":[88,268],"facing":178,"dropoff":[-0.188455,5.6530389],"dropoffWay":"osm:way/715027980","dropoffDistance":2.6,"legClear":true,"status":"partial","refs":["business_school_layout_labeled.png"],"approachText":"From the road north of the school, through its car park to the covered walkway along the north front."},"geometry":{"type":"Point","coordinates":[-0.1884543,5.6529928]}},{"type":"Feature","id":"access:place:osm:node/9660303973","properties":{"role":"entrance","place":"Amphitheatre Grounds","placeId":"place:osm:node/9660303973","kind":"other","footprint":null,"entranceType":"point","method":"point","evidence":"mapped as a point","confidence":"medium","arrival":[-0.1940588,5.6506449],"arrivalWay":"osm:way/100307640","arrivalWayClass":"residential","arrivalDistance":38.6,"approach":[181,1],"facing":91,"dropoff":[-0.1940588,5.6506449],"dropoffWay":"osm:way/100307640","dropoffDistance":38.6,"legClear":true,"status":"mapped"},"geometry":{"type":"Point","coordinates":[-0.1937105,5.6506396]}},{"type":"Feature","id":"access:place:osm:node/9660303974","properties":{"role":"entrance","place":"Muslim Prayer Lounge","placeId":"place:osm:node/9660303974","kind":"worship","footprint":"ml:4023e6d6-a3cb-4c02-8c0b-4c10f4a207e3","entranceType":"inferred frontage","method":"frontage","evidence":"no mapped entrance or access way: the side nearest the network; the nearest side with a clear approach","confidence":"low","arrival":[-0.1940568,5.650773],"arrivalWay":"osm:way/100307640","arrivalWayClass":"residential","arrivalDistance":72.3,"approach":[181,1],"facing":86,"dropoff":[-0.1940094,5.6511125],"dropoffWay":"osm:way/100307640","dropoffDistance":75.2,"legClear":false,"status":"inferred","note":"the last few metres from the network to the entrance cross osm:way/320072522 (an enclosed courtyard or a mapping gap)"},"geometry":{"type":"Point","coordinates":[-0.193382,5.650763]}},{"type":"Feature","id":"access:place:osm:node/9660303977","properties":{"role":"entrance","place":"Commonwealth Hall Chapel","placeId":"place:osm:node/9660303977","kind":"worship","footprint":"osm:way/492731364","entranceType":"inferred frontage","method":"frontage","evidence":"no mapped entrance or access way: the side nearest the network","confidence":"low","arrival":[-0.1925788,5.6499047],"arrivalWay":"osm:way/1135067869","arrivalWayClass":"service","arrivalDistance":13.2,"approach":[357,177],"facing":358,"dropoff":[-0.1925788,5.6499047],"dropoffWay":"osm:way/1135067869","dropoffDistance":13.2,"legClear":true,"status":"inferred"},"geometry":{"type":"Point","coordinates":[-0.1925772,5.6500458]}},{"type":"Feature","id":"access:place:osm:node/9660303978","properties":{"role":"entrance","place":"Joepharma Pharmacy","placeId":"place:osm:node/9660303978","kind":"health","footprint":"osm:way/603511029","entranceType":"inferred frontage","method":"frontage","evidence":"no mapped entrance or access way: the side nearest the network","confidence":"low","arrival":[-0.1913903,5.6504529],"arrivalWay":"osm:way/492729895","arrivalWayClass":"service","arrivalDistance":5.5,"approach":[0,180],"facing":270,"dropoff":[-0.1913903,5.6504529],"dropoffWay":"osm:way/492729895","dropoffDistance":5.5,"legClear":true,"status":"inferred"},"geometry":{"type":"Point","coordinates":[-0.1914626,5.6504504]}},{"type":"Feature","id":"access:place:osm:node/9660303980","properties":{"role":"entrance","place":"Bacchus Garden","placeId":"place:osm:node/9660303980","kind":"sport","footprint":null,"entranceType":"point","method":"point","evidence":"mapped as a point","confidence":"medium","arrival":[-0.1903761,5.6504976],"arrivalWay":"osm:way/637594942","arrivalWayClass":"residential","arrivalDistance":35.6,"approach":[21,201],"facing":291,"dropoff":[-0.1903761,5.6504976],"dropoffWay":"osm:way/637594942","dropoffDistance":35.6,"legClear":true,"status":"mapped"},"geometry":{"type":"Point","coordinates":[-0.1906763,5.6506136]}},{"type":"Feature","id":"access:place:osm:node/9660921579","properties":{"role":"entrance","place":"Mensah Sarbah Hall ICT Centre","placeId":"place:osm:node/9660921579","kind":"academic","footprint":"osm:way/300288056","entranceType":"inferred frontage","method":"frontage","evidence":"no mapped entrance or access way: the side nearest the network","confidence":"low","arrival":[-0.1872647,5.645251],"arrivalWay":"osm:way/353697505","arrivalWayName":"Mensah Sarbah Crescent","arrivalWayClass":"residential","arrivalDistance":1.4,"approach":[90,270],"facing":0,"dropoff":[-0.1872647,5.645251],"dropoffWay":"osm:way/353697505","dropoffWayName":"Mensah Sarbah Crescent","dropoffDistance":1.4,"legClear":true,"status":"inferred"},"geometry":{"type":"Point","coordinates":[-0.1872456,5.6452758]}},{"type":"Feature","id":"access:place:osm:node/9660921581","properties":{"role":"entrance","place":"Mensah Sarbah Main Hall Females' Laundromat","placeId":"place:osm:node/9660921581","kind":"other","footprint":null,"entranceType":"point","method":"point","evidence":"mapped as a point","confidence":"low","arrival":[-0.1869419,5.6464234],"arrivalWay":"osm:way/1540994843","arrivalWayClass":"service","arrivalDistance":65,"approach":[61,241],"facing":145,"dropoff":[-0.1869419,5.6464234],"dropoffWay":"osm:way/1540994843","dropoffDistance":65,"legClear":false,"status":"mapped","note":"the last few metres from the network to the entrance cross Block F (an enclosed courtyard or a mapping gap)"},"geometry":{"type":"Point","coordinates":[-0.1866023,5.6459442]}},{"type":"Feature","id":"access:place:osm:node/9661039848","properties":{"role":"entrance","place":"Hall Library","placeId":"place:osm:node/9661039848","kind":"academic","footprint":"osm:way/1548976995","entranceType":"inferred frontage","method":"frontage","evidence":"no mapped entrance or access way: the side nearest the network","confidence":"low","arrival":[-0.1871757,5.6465179],"arrivalWay":"osm:way/1540994843","arrivalWayClass":"service","arrivalDistance":7.3,"approach":[165,345],"facing":255,"dropoff":[-0.1871757,5.6465179],"dropoffWay":"osm:way/1540994843","dropoffDistance":7.3,"legClear":true,"status":"inferred"},"geometry":{"type":"Point","coordinates":[-0.1872557,5.6464857]}},{"type":"Feature","id":"access:place:osm:node/9661039849","properties":{"role":"entrance","place":"Alumni Office","placeId":"place:osm:node/9661039849","kind":"other","footprint":"osm:way/1548976995","entranceType":"inferred frontage","method":"frontage","evidence":"no mapped entrance or access way: the side nearest the network","confidence":"low","arrival":[-0.1871757,5.6465179],"arrivalWay":"osm:way/1540994843","arrivalWayClass":"service","arrivalDistance":7.3,"approach":[165,345],"facing":255,"dropoff":[-0.1871757,5.6465179],"dropoffWay":"osm:way/1540994843","dropoffDistance":7.3,"legClear":true,"status":"inferred"},"geometry":{"type":"Point","coordinates":[-0.1872557,5.6464857]}},{"type":"Feature","id":"access:place:osm:node/9867034379","properties":{"role":"entrance","place":"Department of Animal Biology and Conservation Science","placeId":"place:osm:node/9867034379","kind":"academic","footprint":"osm:relation/3993815","entranceType":"inferred frontage","method":"frontage","evidence":"no mapped entrance or access way: the side nearest the network","confidence":"low","arrival":[-0.1885469,5.6536315],"arrivalWay":"osm:way/671190060","arrivalWayClass":"service","arrivalDistance":1.7,"approach":[2,182],"facing":92,"dropoff":[-0.1885469,5.6536315],"dropoffWay":"osm:way/671190060","dropoffDistance":1.7,"legClear":true,"status":"inferred"},"geometry":{"type":"Point","coordinates":[-0.1885088,5.6536333]}},{"type":"Feature","id":"access:place:osm:node/9941139280","properties":{"role":"entrance","place":"Mishvet Veterinary Home Call Services","placeId":"place:osm:node/9941139280","kind":"other","footprint":null,"entranceType":"point","method":"point","evidence":"mapped as a point","confidence":"medium","arrival":[-0.185458,5.6467534],"arrivalWay":"osm:way/1540999589","arrivalWayClass":"footway","arrivalDistance":10.5,"approach":[52,232],"facing":322,"dropoff":[-0.1855149,5.6467137],"dropoffWay":"osm:way/278303117","dropoffDistance":12.7,"legClear":true,"status":"mapped"},"geometry":{"type":"Point","coordinates":[-0.1855157,5.6468285]}},{"type":"Feature","id":"access:place:osm:relation/14080880","properties":{"role":"entrance","place":"Larway Oraca Building","placeId":"place:osm:relation/14080880","kind":"academic","footprint":"osm:relation/14080880","entranceType":"inferred frontage","method":"frontage","evidence":"no mapped entrance or access way: the side nearest the network","confidence":"low","arrival":[-0.1893864,5.6532565],"arrivalWay":"osm:way/130857254","arrivalWayName":"J.K.M. Hodasi Road","arrivalWayClass":"residential","arrivalDistance":10.5,"approach":[262,82],"facing":352,"dropoff":[-0.1893864,5.6532565],"dropoffWay":"osm:way/130857254","dropoffWayName":"J.K.M. Hodasi Road","dropoffDistance":10.5,"legClear":true,"status":"inferred"},"geometry":{"type":"Point","coordinates":[-0.189407,5.653372]}},{"type":"Feature","id":"access:place:osm:relation/1434194","properties":{"role":"entrance","place":"Noguchi Memorial Institute for Medical Research","placeId":"place:osm:relation/1434194","kind":"health","footprint":"osm:relation/1434194","entranceType":"inferred frontage","method":"frontage","evidence":"no mapped entrance or access way: the side nearest the network","confidence":"low","arrival":[-0.1836789,5.6337003],"arrivalWay":"osm:way/100307651","arrivalWayClass":"service","arrivalDistance":8.1,"approach":[342,162],"facing":72,"dropoff":[-0.1836789,5.6337003],"dropoffWay":"osm:way/100307651","dropoffDistance":8.1,"legClear":true,"status":"inferred"},"geometry":{"type":"Point","coordinates":[-0.1835987,5.6337432]}},{"type":"Feature","id":"access:place:osm:relation/3697977","properties":{"role":"entrance","place":"Home Science Annex","placeId":"place:osm:relation/3697977","kind":"academic","footprint":"osm:relation/3697977","entranceType":"inferred frontage","method":"frontage","evidence":"no mapped entrance or access way: the side nearest the network","confidence":"low","arrival":[-0.184259,5.6527073],"arrivalWay":"osm:way/671170105","arrivalWayClass":"residential","arrivalDistance":5.5,"approach":[12,192],"facing":282,"dropoff":[-0.184259,5.6527073],"dropoffWay":"osm:way/671170105","dropoffDistance":5.5,"legClear":true,"status":"inferred"},"geometry":{"type":"Point","coordinates":[-0.1843282,5.6527262]}},{"type":"Feature","id":"access:place:osm:relation/3697978","properties":{"role":"entrance","place":"SRC Union Building","placeId":"place:osm:relation/3697978","kind":"academic","footprint":"osm:relation/3697978","entranceType":"inferred frontage","method":"frontage","evidence":"no mapped entrance or access way: the side nearest the network","confidence":"low","arrival":[-0.1879512,5.6471188],"arrivalWay":"osm:way/278303105","arrivalWayName":"Agyei Bart Crescent","arrivalWayClass":"residential","arrivalDistance":8.1,"approach":[181,1],"facing":91,"dropoff":[-0.1879512,5.6471188],"dropoffWay":"osm:way/278303105","dropoffWayName":"Agyei Bart Crescent","dropoffDistance":8.1,"legClear":true,"status":"inferred"},"geometry":{"type":"Point","coordinates":[-0.1878618,5.6471014]}},{"type":"Feature","id":"access:place:osm:relation/3697979","properties":{"role":"entrance","place":"ECOWAS Coastal & Marine Resources","placeId":"place:osm:relation/3697979","kind":"other","footprint":"osm:relation/3697979","entranceType":"inferred frontage","method":"frontage","evidence":"no mapped entrance or access way: the side nearest the network","confidence":"low","arrival":[-0.1839027,5.6530099],"arrivalWay":"osm:way/702279066","arrivalWayClass":"service","arrivalDistance":5.1,"approach":[359,179],"facing":269,"dropoff":[-0.1839027,5.6530099],"dropoffWay":"osm:way/702279066","dropoffDistance":5.1,"legClear":true,"status":"inferred"},"geometry":{"type":"Point","coordinates":[-0.1839489,5.6529869]}},{"type":"Feature","id":"access:place:osm:relation/3697982","properties":{"role":"entrance","place":"Volta Hall Annex","placeId":"place:osm:relation/3697982","kind":"hall","footprint":"osm:relation/3697982","entranceType":"inferred frontage","method":"frontage","evidence":"no mapped entrance or access way: the side nearest the network","confidence":"low","arrival":[-0.1900153,5.6524299],"arrivalWay":"osm:way/696637969","arrivalWayClass":"service","arrivalDistance":5.3,"approach":[97,277],"facing":38,"dropoff":[-0.1900153,5.6524299],"dropoffWay":"osm:way/696637969","dropoffDistance":5.3,"legClear":true,"status":"inferred"},"geometry":{"type":"Point","coordinates":[-0.1899643,5.6524611]}},{"type":"Feature","id":"access:place:osm:relation/3697984","properties":{"role":"entrance","place":"Jubilee Hall","placeId":"place:osm:relation/3697984","kind":"hall","footprint":"osm:relation/3697984","entranceType":"hall entrance","method":"curated","evidence":"Owner's marked layout (registered to OSM): the entrance is in the re-entrant corner at the hall's south-east end (the notch in OSM relation 3697984), beside the car park between Jubilee and ISH 1. Owner's aerial photo: the entrance block there, white with a flat roof, a round white tower, a portico and water tanks. Earlier evidence (jubilee_hall_4, jubilee_hall_layout) puts the porch at the same corner.","cite":"user-photos-jubilee-ish","confidence":"high","arrival":[-0.1856394,5.6401552],"arrivalWay":"osm:way/672764769","arrivalWayName":"Diaspora Path","arrivalWayClass":"footway","arrivalDistance":23.7,"approach":[343,163],"facing":253,"dropoff":[-0.1855016,5.639964],"dropoffWay":"osm:way/690515926","dropoffDistance":40.4,"legClear":true,"status":"verified","refs":["jubilee_ish_layout (owner satellite layout with entrances and car parks marked)","jubilee_aerial_entrance (owner photo)","jubilee_courtyard (owner photo)","jubilee_hall_4_labeled.png","jubilee_hall_layout_labeled.png"],"approachText":"From the car park east of the hall to the entrance in the south-east corner, beside the white entrance block with the round tower."},"geometry":{"type":"Point","coordinates":[-0.1858597,5.6401064]}},{"type":"Feature","id":"access:place:osm:relation/5288831","properties":{"role":"entrance","place":"Alexander Kwapong Hall","placeId":"place:osm:relation/5288831","kind":"hall","footprint":"osm:relation/5288831","entranceType":"hall entrance","method":"curated","evidence":"Owner: the four Diaspora halls are one design and are built in facing pairs (Limann and Kwapong, Sey and Jean Nelson); each pair's front entrances face each other across their car parks. Owner photos: the front entrance is a projecting gabled pavilion at the centre of the long facade (tall arched window above a columned porch), on the axis of the car park; the aerial of all four halls shows the facing fronts on one axis with a walkway between them.","cite":"user-photos","confidence":"high","arrival":[-0.1852014,5.6371821],"arrivalWay":"osm:way/1135659328","arrivalWayClass":"service","arrivalDistance":26.1,"approach":[330,150],"facing":240,"dropoff":[-0.1852014,5.6371821],"dropoffWay":"osm:way/1135659328","dropoffDistance":26.1,"legClear":true,"status":"verified","refs":["diaspora_halls_aerial_all_four (owner photo 5)","diaspora_hall_front_aerial (owner photo 1)","diaspora_halls_oblique_1 (owner photo 2)","diaspora_halls_oblique_2 (owner photo 3)","diaspora_hall_entrance_pavilion (owner photo 4)","atlas sheet 1"],"approachText":"Into the car park between Kwapong and Limann; the front entrance is the gabled pavilion in the middle of the facade facing Limann."},"geometry":{"type":"Point","coordinates":[-0.1854254,5.6370532]}},{"type":"Feature","id":"access:place:osm:relation/5288831:secondary-1","properties":{"role":"secondary-entrance","place":"Alexander Kwapong Hall","label":"back entrance (no car park)","entranceType":"hall entrance","evidence":"Owner: every hall also has a back entrance, without a car park. Owner photos: the same gabled pavilion sits at the centre of the opposite long facade."},"geometry":{"type":"Point","coordinates":[-0.1860426,5.6366975]}},{"type":"Feature","id":"access:place:osm:relation/5288832","properties":{"role":"entrance","place":"Jean Nelson Aka Hall","placeId":"place:osm:relation/5288832","kind":"hall","footprint":"osm:relation/5288832","entranceType":"hall entrance","method":"curated","evidence":"Owner: the four Diaspora halls are one design and are built in facing pairs (Limann and Kwapong, Sey and Jean Nelson); each pair's front entrances face each other across their car parks. Owner photos: the front entrance is a projecting gabled pavilion at the centre of the long facade (tall arched window above a columned porch), on the axis of the car park; the aerial of all four halls shows the facing fronts on one axis with a walkway between them.","cite":"user-photos","confidence":"high","arrival":[-0.1879483,5.6356391],"arrivalWay":"osm:way/448737731","arrivalWayClass":"service","arrivalDistance":25.2,"approach":[331,151],"facing":241,"dropoff":[-0.1879483,5.6356391],"dropoffWay":"osm:way/448737731","dropoffDistance":25.2,"legClear":true,"status":"verified","refs":["diaspora_halls_aerial_all_four (owner photo 5)","diaspora_hall_front_aerial (owner photo 1)","diaspora_halls_oblique_1 (owner photo 2)","diaspora_halls_oblique_2 (owner photo 3)","diaspora_hall_entrance_pavilion (owner photo 4)","atlas sheet 1"],"approachText":"Into the car park between JNA and Sey; the front entrance is the gabled pavilion in the middle of the facade facing Sey."},"geometry":{"type":"Point","coordinates":[-0.1881666,5.6355178]}},{"type":"Feature","id":"access:place:osm:relation/5288832:secondary-1","properties":{"role":"secondary-entrance","place":"Jean Nelson Aka Hall","label":"back entrance (no car park)","entranceType":"hall entrance","evidence":"Owner: every hall also has a back entrance, without a car park. Owner photos: the same gabled pavilion sits at the centre of the opposite long facade."},"geometry":{"type":"Point","coordinates":[-0.1887838,5.6351621]}},{"type":"Feature","id":"access:place:osm:relation/5288833","properties":{"role":"entrance","place":"Dr. Hilla Limann Hall","placeId":"place:osm:relation/5288833","kind":"hall","footprint":"osm:relation/5288833","entranceType":"hall entrance","method":"curated","evidence":"Owner: the four Diaspora halls are one design and are built in facing pairs (Limann and Kwapong, Sey and Jean Nelson); each pair's front entrances face each other across their car parks. Limann is the first of the four halls on the way in from Jubilee Link. Owner photos: the front entrance is a projecting gabled pavilion at the centre of the long facade (tall arched window above a columned porch), on the axis of the car park; the aerial of all four halls shows the facing fronts on one axis with a walkway between them.","cite":"user-photos","confidence":"high","arrival":[-0.1851948,5.6371706],"arrivalWay":"osm:way/1135659328","arrivalWayClass":"service","arrivalDistance":28,"approach":[330,150],"facing":60,"dropoff":[-0.1851948,5.6371706],"dropoffWay":"osm:way/1135659328","dropoffDistance":28,"legClear":true,"status":"verified","refs":["diaspora_halls_aerial_all_four (owner photo 5)","diaspora_hall_front_aerial (owner photo 1)","diaspora_halls_oblique_1 (owner photo 2)","diaspora_halls_oblique_2 (owner photo 3)","diaspora_hall_entrance_pavilion (owner photo 4)","atlas sheet 1"],"approachText":"Into the car park between Limann and Kwapong; the front entrance is the gabled pavilion in the middle of the facade facing Kwapong."},"geometry":{"type":"Point","coordinates":[-0.184956,5.637308]}},{"type":"Feature","id":"access:place:osm:relation/5288833:secondary-1","properties":{"role":"secondary-entrance","place":"Dr. Hilla Limann Hall","label":"back entrance (no car park)","entranceType":"hall entrance","evidence":"Owner: every hall also has a back entrance, without a car park. Owner photos: the same gabled pavilion sits at the centre of the opposite long facade."},"geometry":{"type":"Point","coordinates":[-0.1843388,5.6376637]}},{"type":"Feature","id":"access:place:osm:relation/5288834","properties":{"role":"entrance","place":"Elizabeth Frances Sey Hall","placeId":"place:osm:relation/5288834","kind":"hall","footprint":"osm:relation/5288834","entranceType":"hall entrance","method":"curated","evidence":"Owner: the four Diaspora halls are one design and are built in facing pairs (Limann and Kwapong, Sey and Jean Nelson); each pair's front entrances face each other across their car parks. Owner photos: the front entrance is a projecting gabled pavilion at the centre of the long facade (tall arched window above a columned porch), on the axis of the car park; the aerial of all four halls shows the facing fronts on one axis with a walkway between them.","cite":"user-photos","confidence":"high","arrival":[-0.1879362,5.6356172],"arrivalWay":"osm:way/448737731","arrivalWayClass":"service","arrivalDistance":29.9,"approach":[331,151],"facing":61,"dropoff":[-0.1879362,5.6356172],"dropoffWay":"osm:way/448737731","dropoffDistance":29.9,"legClear":true,"status":"verified","refs":["diaspora_halls_aerial_all_four (owner photo 5)","diaspora_hall_front_aerial (owner photo 1)","diaspora_halls_oblique_1 (owner photo 2)","diaspora_halls_oblique_2 (owner photo 3)","diaspora_hall_entrance_pavilion (owner photo 4)","atlas sheet 1"],"approachText":"Into the car park between Sey and JNA; the front entrance is the gabled pavilion in the middle of the facade facing JNA."},"geometry":{"type":"Point","coordinates":[-0.1876804,5.6357593]}},{"type":"Feature","id":"access:place:osm:relation/5288834:secondary-1","properties":{"role":"secondary-entrance","place":"Elizabeth Frances Sey Hall","label":"back entrance (no car park)","entranceType":"hall entrance","evidence":"Owner: every hall also has a back entrance, without a car park. Owner photos: the same gabled pavilion sits at the centre of the opposite long facade."},"geometry":{"type":"Point","coordinates":[-0.1870632,5.636115]}},{"type":"Feature","id":"access:place:osm:relation/5912384","properties":{"role":"entrance","place":"International House","placeId":"place:osm:relation/5912384","kind":"hall","footprint":"osm:relation/5912384","entranceType":"public entrance","method":"curated","evidence":"Owner's aerial (registered): the entrance is the porch on the west face, toward the car park and the road opposite the School of Law; OSM maps the porch there (544-551 x, -205.6 to -198.3 z). Owner's photo: a single-storey porch with a tile roof and a white arched gable in front of the four-storey block.","cite":"owner-intl-house","confidence":"high","arrival":[-0.1822612,5.6536335],"arrivalWay":"osm:way/696862073","arrivalWayClass":"service","arrivalDistance":5.5,"approach":[1,181],"facing":91,"dropoff":[-0.1822612,5.6536335],"dropoffWay":"osm:way/696862073","dropoffDistance":5.5,"legClear":true,"status":"verified","refs":["international_house_front (owner photo, entrance marked)","international_house_aerial (owner, entrance and woods marked)"],"approachText":"From the law-school road (Annie Jiagge Road) through the car park on the west to the entrance porch with the white arch."},"geometry":{"type":"Point","coordinates":[-0.182189,5.6536314]}},{"type":"Feature","id":"access:place:osm:relation/7226878","properties":{"role":"entrance","place":"University of Ghana banking square","placeId":"place:osm:relation/7226878","kind":"bank","footprint":"osm:relation/7226878","entranceType":"public entrance","method":"curated","evidence":"Owner's labelled aerial: the middle of the north wing (marked in red) is the big entrance to the courtyard car park (marked yellow); registered to the OSM footprint, it is the north wing between the ATM bay and the Stanbic corner.","cite":"owner-banking-square","confidence":"high","arrival":[-0.1856596,5.643111],"arrivalWay":"osm:way/753803740","arrivalWayClass":"service","arrivalDistance":11.6,"approach":[90,270],"facing":180,"dropoff":[-0.1856596,5.643111],"dropoffWay":"osm:way/753803740","dropoffDistance":11.6,"legClear":true,"status":"verified","refs":["banking_square_labelled (owner aerial)","cbg_front (owner photo)"],"approachText":"From the road along the north side through the big entrance in the middle of the compound's north wing into the courtyard car park."},"geometry":{"type":"Point","coordinates":[-0.1856602,5.6429838]}},{"type":"Feature","id":"access:place:osm:relation/7238036","properties":{"role":"entrance","place":"Maison Francais","placeId":"place:osm:relation/7238036","kind":"other","footprint":"osm:relation/7238036","entranceType":"inferred frontage","method":"frontage","evidence":"no mapped entrance or access way: the side nearest the network","confidence":"low","arrival":[-0.1872987,5.6492234],"arrivalWay":"osm:way/715033295","arrivalWayClass":"footway","arrivalDistance":4.2,"approach":[213,33],"facing":300,"dropoff":[-0.1871074,5.6494791],"dropoffWay":"osm:way/278303072","dropoffWayName":"Agyei Barimah Crescent","dropoffDistance":36.1,"legClear":true,"status":"inferred"},"geometry":{"type":"Point","coordinates":[-0.1873531,5.6492488]}},{"type":"Feature","id":"access:place:osm:relation/7304443","properties":{"role":"entrance","place":"Athletic Oval","placeId":"place:osm:relation/7304443","kind":"sport","footprint":"osm:relation/7304443","entranceType":"public open space","method":"curated","evidence":"athletic_oval_labeled: paths enter the oval at its south end; Radio Univers: the CC is 'opposite Athletic Oval' (CC lies to the south).","cite":"user-layouts","confidence":"medium","arrival":[-0.1870432,5.6472543],"arrivalWay":"osm:way/278303087","arrivalWayClass":"residential","arrivalDistance":13.7,"approach":[90,270],"facing":0,"dropoff":[-0.1870432,5.6472543],"dropoffWay":"osm:way/278303087","dropoffDistance":13.7,"legClear":true,"status":"partial","refs":["athletic_oval_labeled.png"],"approachText":"From the road along the south side, facing the Central Cafeteria."},"geometry":{"type":"Point","coordinates":[-0.1870424,5.6473784]}},{"type":"Feature","id":"access:place:osm:relation/7304886","properties":{"role":"entrance","place":"The Balme Library","placeId":"place:osm:relation/7304886","kind":"landmark","footprint":"osm:relation/7304886","entranceType":"public entrance","method":"curated","evidence":"Owner's photos: the round-arched door 'THE BALME LIBRARY' in the middle of the one-floor entrance range on the south front, up a flight of steps, on the axis of the long pool (OSM way 320067568) and the forecourt lanes (ways 448104199, 448104193). The back (north) faces the Kuffour Quadrangle and its round fountain.","cite":"owner-balme-library","confidence":"high","arrival":[-0.1870497,5.6514552],"arrivalWay":"osm:way/278303088","arrivalWayClass":"service","arrivalDistance":28.7,"approach":[269,89],"facing":359,"dropoff":[-0.1870497,5.6514552],"dropoffWay":"osm:way/278303088","dropoffDistance":28.7,"legClear":true,"status":"verified","refs":["owner's photos of the Balme Library","atlas sheet 2"],"approachText":"Along the avenue to the fountain roundabout, then north up the forecourt lanes to the library's south front."},"geometry":{"type":"Point","coordinates":[-0.1870531,5.6517378]}},{"type":"Feature","id":"access:place:osm:relation/7306954","properties":{"role":"entrance","place":"SalmaRise","placeId":"place:osm:relation/7306954","kind":"other","footprint":"osm:relation/7306954","entranceType":"inferred frontage","method":"frontage","evidence":"no mapped entrance or access way: the side nearest the network; the nearest side with a clear approach","confidence":"low","arrival":[-0.185118,5.6675538],"arrivalWay":"osm:way/959666726","arrivalWayClass":"service","arrivalDistance":100.3,"approach":[358,178],"facing":342,"dropoff":[-0.1853628,5.6676278],"dropoffWay":"osm:way/959666725","dropoffDistance":76,"legClear":false,"status":"inferred","note":"the last few metres from the network to the entrance cross osm:way/1137230518 (an enclosed courtyard or a mapping gap)"},"geometry":{"type":"Point","coordinates":[-0.185166,5.6684605]}},{"type":"Feature","id":"access:place:osm:relation/8404076","properties":{"role":"entrance","place":"University of Ghana Small Animal Teaching Hospital","placeId":"place:osm:relation/8404076","kind":"health","footprint":"osm:relation/8404076","entranceType":"inferred frontage","method":"frontage","evidence":"no mapped entrance or access way: the side nearest the network","confidence":"low","arrival":[-0.1859937,5.6668866],"arrivalWay":"osm:way/696872009","arrivalWayClass":"service","arrivalDistance":1.5,"approach":[17,197],"facing":107,"dropoff":[-0.1859937,5.6668866],"dropoffWay":"osm:way/696872009","dropoffDistance":1.5,"legClear":true,"status":"inferred"},"geometry":{"type":"Point","coordinates":[-0.1859663,5.6668657]}},{"type":"Feature","id":"access:place:osm:relation/8404077","properties":{"role":"entrance","place":"School of Engineering Sciences","placeId":"place:osm:relation/8404077","kind":"academic","footprint":"osm:relation/8404077","entranceType":"public entrance","method":"curated","evidence":"Owner's layout (registered to OSM at 0.25 m/px): the entrance is the porch in the middle of the front (south) block, where OSM maps the projecting porch (447.8-457.6 x, to -379.9 z). Owner's render and photos: a porch on white columns under a tile roof, its band lettered SCHOOL OF ENGINEERING in blue capitals. The owner: the building lies below the road, reached by going down a gentle hill.","cite":"owner-engineering","confidence":"high","arrival":[-0.1830133,5.6552095],"arrivalWay":"osm:way/954813769","arrivalWayClass":"service","arrivalDistance":0.4,"approach":[268,88],"facing":358,"dropoff":[-0.1830133,5.6552095],"dropoffWay":"osm:way/954813769","dropoffDistance":0.4,"legClear":true,"status":"verified","refs":["engineering_layout (owner, entrance marked)","engineering_render (owner, entrance marked)","engineering_front_1 (owner photo)","engineering_front_2 (owner photo)"],"approachText":"From the main road on the south, down the gentle hill on the access road to the forecourt, then into the porch with SCHOOL OF ENGINEERING on its band."},"geometry":{"type":"Point","coordinates":[-0.1830135,5.6552361]}},{"type":"Feature","id":"access:place:osm:way/1004793147","properties":{"role":"entrance","place":"The Kufuor Centre For Leadership and Governance","placeId":"place:osm:way/1004793147","kind":"academic","footprint":"osm:way/1004793147","entranceType":"inferred frontage","method":"frontage","evidence":"no mapped entrance or access way: the side nearest the network","confidence":"low","arrival":[-0.1824918,5.6552802],"arrivalWay":"osm:way/187988180","arrivalWayName":"Annie Jiagge Road","arrivalWayClass":"residential","arrivalDistance":25.5,"approach":[359,179],"facing":89,"dropoff":[-0.1824918,5.6552802],"dropoffWay":"osm:way/187988180","dropoffWayName":"Annie Jiagge Road","dropoffDistance":25.5,"legClear":true,"status":"inferred"},"geometry":{"type":"Point","coordinates":[-0.1822406,5.6552769]}},{"type":"Feature","id":"access:place:osm:way/1005034890","properties":{"role":"entrance","place":"Legon Seventh-Day Adventist Church","placeId":"place:osm:way/1005034890","kind":"worship","footprint":"osm:way/1005034890","entranceType":"inferred frontage","method":"frontage","evidence":"no mapped entrance or access way: the side nearest the network","confidence":"low","arrival":[-0.1737083,5.647814],"arrivalWay":"osm:way/1088384805","arrivalWayClass":"service","arrivalDistance":0.3,"approach":[68,248],"facing":158,"dropoff":[-0.1737083,5.647814],"dropoffWay":"osm:way/1088384805","dropoffDistance":0.3,"legClear":true,"status":"inferred"},"geometry":{"type":"Point","coordinates":[-0.17372,5.64783]}},{"type":"Feature","id":"access:place:osm:way/1005034891","properties":{"role":"entrance","place":"Legon Kingdom Hall","placeId":"place:osm:way/1005034891","kind":"worship","footprint":"osm:way/1005034891","entranceType":"drop-off","method":"drive-access","evidence":"osm:way/1233989744 (service) runs up to the building","confidence":"medium","arrival":[-0.173992,5.648443],"arrivalWay":"osm:way/1233989744","arrivalWayClass":"service","arrivalDistance":0.7,"approach":[167,347],"facing":187,"dropoff":[-0.173992,5.648443],"dropoffWay":"osm:way/1233989744","dropoffDistance":0.7,"legClear":true,"status":"mapped"},"geometry":{"type":"Point","coordinates":[-0.1739889,5.6484145]}},{"type":"Feature","id":"access:place:osm:way/1005034892","properties":{"role":"entrance","place":"Legon Baptist Church","placeId":"place:osm:way/1005034892","kind":"worship","footprint":"osm:way/1005034892","entranceType":"inferred frontage","method":"frontage","evidence":"no mapped entrance or access way: the side nearest the network","confidence":"low","arrival":[-0.1738223,5.6481539],"arrivalWay":"osm:way/1088384804","arrivalWayClass":"service","arrivalDistance":5.3,"approach":[282,102],"facing":12,"dropoff":[-0.1738223,5.6481539],"dropoffWay":"osm:way/1088384804","dropoffDistance":5.3,"legClear":true,"status":"inferred"},"geometry":{"type":"Point","coordinates":[-0.173797,5.648217]}},{"type":"Feature","id":"access:place:osm:way/1051202225","properties":{"role":"entrance","place":"Nairobi Court","placeId":"place:osm:way/1051202225","kind":"hall","footprint":"osm:way/1051202225","entranceType":"hall entrance","method":"curated","evidence":"Owner: Nairobi is the easternmost court (N), entrance marked on its north face.","cite":"owner-pentagon","confidence":"high","arrival":[-0.1806072,5.6568211],"arrivalWay":"osm:way/335456900","arrivalWayClass":"residential","arrivalDistance":12.8,"approach":[84,264],"facing":174,"dropoff":[-0.1806072,5.6568211],"dropoffWay":"osm:way/335456900","dropoffDistance":12.8,"legClear":true,"status":"verified","refs":["pentagon_layout (owner, entrances marked)","old_pent_court (owner photo)"],"approachText":"From the road along the north of Old Pent to the porch in the middle of the court's north face."},"geometry":{"type":"Point","coordinates":[-0.1805938,5.6566832]}},{"type":"Feature","id":"access:place:osm:way/1051202459","properties":{"role":"entrance","place":"Addis Ababa Court","placeId":"place:osm:way/1051202459","kind":"hall","footprint":"osm:way/1051202459","entranceType":"hall entrance","method":"curated","evidence":"Owner: Addis Ababa is the court east of the admin block (AA), entrance marked on its north face.","cite":"owner-pentagon","confidence":"high","arrival":[-0.1810461,5.6567757],"arrivalWay":"osm:way/335456900","arrivalWayClass":"residential","arrivalDistance":11.8,"approach":[84,264],"facing":174,"dropoff":[-0.1810461,5.6567757],"dropoffWay":"osm:way/335456900","dropoffDistance":11.8,"legClear":true,"status":"verified","refs":["pentagon_layout (owner, entrances marked)","old_pent_court (owner photo)"],"approachText":"From the road along the north of Old Pent to the porch in the middle of the court's north face."},"geometry":{"type":"Point","coordinates":[-0.1810354,5.6566472]}},{"type":"Feature","id":"access:place:osm:way/1051205235","properties":{"role":"entrance","place":"Dar es Salaam Court","placeId":"place:osm:way/1051205235","kind":"hall","footprint":"osm:way/618251967","entranceType":"hall entrance","method":"curated","evidence":"Owner: Dar es Salaam is the westernmost Old Pent court (D); entrance marked on its north face. Owner's photo of a court: a small tiled porch at the foot of the central stair core.","cite":"owner-pentagon","confidence":"high","arrival":[-0.182224,5.6566808],"arrivalWay":"osm:way/335456900","arrivalWayClass":"residential","arrivalDistance":13.2,"approach":[86,266],"facing":176,"dropoff":[-0.182224,5.6566808],"dropoffWay":"osm:way/335456900","dropoffDistance":13.2,"legClear":true,"status":"verified","refs":["pentagon_layout (owner, entrances marked)","old_pent_court (owner photo)"],"approachText":"From the road along the north of Old Pent to the porch in the middle of the court's north face."},"geometry":{"type":"Point","coordinates":[-0.1821969,5.6565489]}},{"type":"Feature","id":"access:place:osm:way/1051209373","properties":{"role":"entrance","place":"New N Block, NNB","placeId":"place:osm:way/1051209373","kind":"academic","footprint":"osm:way/1051209373","entranceType":"inferred frontage","method":"frontage","evidence":"no mapped entrance or access way: the side nearest the network","confidence":"low","arrival":[-0.187522,5.6557054],"arrivalWay":"osm:way/335456892","arrivalWayClass":"residential","arrivalDistance":11.9,"approach":[269,89],"facing":359,"dropoff":[-0.187522,5.6557054],"dropoffWay":"osm:way/335456892","dropoffDistance":11.9,"legClear":true,"status":"inferred"},"geometry":{"type":"Point","coordinates":[-0.1875462,5.6558198]}},{"type":"Feature","id":"access:place:osm:way/1051211014","properties":{"role":"entrance","place":"Centre for Climate Change and Sustainability Studies, C3SS","placeId":"place:osm:way/1051211014","kind":"academic","footprint":"osm:way/1051211014","entranceType":"inferred frontage","method":"frontage","evidence":"no mapped entrance or access way: the side nearest the network","confidence":"low","arrival":[-0.1881458,5.6562626],"arrivalWay":"osm:way/1534747548","arrivalWayClass":"residential","arrivalDistance":15.9,"approach":[95,275],"facing":51,"dropoff":[-0.1881458,5.6562626],"dropoffWay":"osm:way/1534747548","dropoffDistance":15.9,"legClear":true,"status":"inferred"},"geometry":{"type":"Point","coordinates":[-0.1880264,5.6563739]}},{"type":"Feature","id":"access:place:osm:way/1051225976","properties":{"role":"entrance","place":"Internal Audit Directorate","placeId":"place:osm:way/1051225976","kind":"academic","footprint":"osm:way/1051225976","entranceType":"inferred frontage","method":"frontage","evidence":"no mapped entrance or access way: the side nearest the network","confidence":"low","arrival":[-0.1948626,5.6508871],"arrivalWay":"osm:way/424526318","arrivalWayClass":"residential","arrivalDistance":64,"approach":[2,182],"facing":92,"dropoff":[-0.1948626,5.6508871],"dropoffWay":"osm:way/424526318","dropoffDistance":64,"legClear":true,"status":"inferred"},"geometry":{"type":"Point","coordinates":[-0.1942812,5.6508893]}},{"type":"Feature","id":"access:place:osm:way/1051755652","properties":{"role":"entrance","place":"Nature and Food Development Foundatiom","placeId":"place:osm:way/1051755652","kind":"academic","footprint":"osm:way/1051755652","entranceType":"inferred frontage","method":"frontage","evidence":"no mapped entrance or access way: the side nearest the network","confidence":"low","arrival":[-0.188272,5.6541972],"arrivalWay":"osm:way/671190060","arrivalWayClass":"service","arrivalDistance":15.6,"approach":[181,1],"facing":91,"dropoff":[-0.188272,5.6541972],"dropoffWay":"osm:way/671190060","dropoffDistance":15.6,"legClear":true,"status":"inferred"},"geometry":{"type":"Point","coordinates":[-0.1881212,5.6541739]}},{"type":"Feature","id":"access:place:osm:way/1051755653","properties":{"role":"entrance","place":"Centre for Biodiversity Conservation Research","placeId":"place:osm:way/1051755653","kind":"academic","footprint":"osm:way/1051755653","entranceType":"inferred frontage","method":"frontage","evidence":"no mapped entrance or access way: the side nearest the network","confidence":"low","arrival":[-0.1882723,5.6541839],"arrivalWay":"osm:way/671190060","arrivalWayClass":"service","arrivalDistance":14.2,"approach":[181,1],"facing":91,"dropoff":[-0.1882723,5.6541839],"dropoffWay":"osm:way/671190060","dropoffDistance":14.2,"legClear":true,"status":"inferred"},"geometry":{"type":"Point","coordinates":[-0.188122,5.6541844]}},{"type":"Feature","id":"access:place:osm:way/1073936065","properties":{"role":"entrance","place":"Institute of Statistical and Social and Economic Research (ISSER) Annex","placeId":"place:osm:way/1073936065","kind":"academic","footprint":"osm:way/1073936065","entranceType":"inferred frontage","method":"frontage","evidence":"no mapped entrance or access way: the side nearest the network","confidence":"low","arrival":[-0.1839947,5.6552469],"arrivalWay":"osm:way/1537114516","arrivalWayClass":"residential","arrivalDistance":25.2,"approach":[359,179],"facing":269,"dropoff":[-0.1839947,5.6552469],"dropoffWay":"osm:way/1537114516","dropoffDistance":25.2,"legClear":true,"status":"inferred"},"geometry":{"type":"Point","coordinates":[-0.1842443,5.6552433]}},{"type":"Feature","id":"access:place:osm:way/1073936066","properties":{"role":"entrance","place":"ISSER Annex Pagoda 3","placeId":"place:osm:way/1073936066","kind":"other","footprint":"osm:way/1073936066","entranceType":"inferred frontage","method":"frontage","evidence":"no mapped entrance or access way: the side nearest the network","confidence":"low","arrival":[-0.1839958,5.6556173],"arrivalWay":"osm:way/1537114516","arrivalWayClass":"residential","arrivalDistance":18.9,"approach":[2,182],"facing":272,"dropoff":[-0.1839958,5.6556173],"dropoffWay":"osm:way/1537114516","dropoffDistance":18.9,"legClear":true,"status":"inferred"},"geometry":{"type":"Point","coordinates":[-0.1841823,5.6556383]}},{"type":"Feature","id":"access:place:osm:way/1124510726","properties":{"role":"entrance","place":"Goil Service Center, Haatso-Atomic","placeId":"place:osm:way/1124510726","kind":"academic","footprint":"osm:way/1124510726","entranceType":"inferred frontage","method":"frontage","evidence":"no mapped entrance or access way: the side nearest the network","confidence":"low","arrival":[-0.1866962,5.6671095],"arrivalWay":"osm:way/1124695346","arrivalWayClass":"service","arrivalDistance":40.8,"approach":[272,92],"facing":182,"dropoff":[-0.1866962,5.6671095],"dropoffWay":"osm:way/1124695346","dropoffDistance":40.8,"legClear":true,"status":"inferred"},"geometry":{"type":"Point","coordinates":[-0.1867259,5.6667266]}},{"type":"Feature","id":"access:place:osm:way/1124510727","properties":{"role":"entrance","place":"Go Mart, Haatso-Atomic","placeId":"place:osm:way/1124510727","kind":"other","footprint":"osm:way/1124510727","entranceType":"inferred frontage","method":"frontage","evidence":"no mapped entrance or access way: the side nearest the network","confidence":"low","arrival":[-0.1865015,5.667103],"arrivalWay":"osm:way/1124695346","arrivalWayClass":"service","arrivalDistance":37,"approach":[272,92],"facing":182,"dropoff":[-0.1865015,5.667103],"dropoffWay":"osm:way/1124695346","dropoffDistance":37,"legClear":true,"status":"inferred"},"geometry":{"type":"Point","coordinates":[-0.1865264,5.6667504]}},{"type":"Feature","id":"access:place:osm:way/1124510728","properties":{"role":"entrance","place":"Haatso Goil Oil change and repair shop","placeId":"place:osm:way/1124510728","kind":"other","footprint":"osm:way/1124510728","entranceType":"inferred frontage","method":"frontage","evidence":"no mapped entrance or access way: the side nearest the network","confidence":"low","arrival":[-0.1860872,5.6665013],"arrivalWay":"osm:way/696872009","arrivalWayClass":"service","arrivalDistance":34.4,"approach":[13,193],"facing":283,"dropoff":[-0.1860872,5.6665013],"dropoffWay":"osm:way/696872009","dropoffDistance":34.4,"legClear":true,"status":"inferred"},"geometry":{"type":"Point","coordinates":[-0.1864051,5.6665882]}},{"type":"Feature","id":"access:place:osm:way/1124648840","properties":{"role":"entrance","place":"Haatso-Atomic Kingdom Hall","placeId":"place:osm:way/1124648840","kind":"worship","footprint":"osm:way/1124648840","entranceType":"inferred frontage","method":"frontage","evidence":"no mapped entrance or access way: the side nearest the network","confidence":"low","arrival":[-0.1906856,5.6681055],"arrivalWay":"osm:way/959664966","arrivalWayClass":"service","arrivalDistance":0.6,"approach":[173,353],"facing":263,"dropoff":[-0.1906856,5.6681055],"dropoffWay":"osm:way/959664966","dropoffDistance":0.6,"legClear":true,"status":"inferred"},"geometry":{"type":"Point","coordinates":[-0.1906695,5.6680984]}},{"type":"Feature","id":"access:place:osm:way/1124772550","properties":{"role":"entrance","place":"Center Point Mall","placeId":"place:osm:way/1124772550","kind":"academic","footprint":"osm:way/1124772550","entranceType":"drop-off","method":"drive-access","evidence":"osm:way/1144025662 (service) runs up to the building","confidence":"medium","arrival":[-0.1800237,5.6668692],"arrivalWay":"osm:way/1144025662","arrivalWayClass":"service","arrivalDistance":0,"approach":[182,2],"facing":180,"dropoff":[-0.1800237,5.6668692],"dropoffWay":"osm:way/1144025662","dropoffDistance":0,"legClear":true,"status":"mapped"},"geometry":{"type":"Point","coordinates":[-0.1800247,5.6668466]}},{"type":"Feature","id":"access:place:osm:way/1184497703","properties":{"role":"entrance","place":"New Goase","placeId":"place:osm:way/1184497703","kind":"other","footprint":"osm:way/1184497703","entranceType":"inferred frontage","method":"frontage","evidence":"no mapped entrance or access way: the side nearest the network","confidence":"low","arrival":[-0.1764496,5.664661],"arrivalWay":"osm:way/745370170","arrivalWayClass":"service","arrivalDistance":15,"approach":[65,245],"facing":335,"dropoff":[-0.1764496,5.664661],"dropoffWay":"osm:way/745370170","dropoffDistance":15,"legClear":true,"status":"inferred"},"geometry":{"type":"Point","coordinates":[-0.1765269,5.6647937]}},{"type":"Feature","id":"access:place:osm:way/1229963547","properties":{"role":"entrance","place":"Legon Hospital Bus Station","placeId":"place:osm:way/1229963547","kind":"transport","footprint":"osm:way/1229963547","entranceType":"vehicle","method":"area-entry","evidence":"osm:way/634964250 (service) enters the area here","confidence":"medium","arrival":[-0.1789887,5.6496653],"arrivalWay":"osm:way/634964250","arrivalWayClass":"service","arrivalDistance":0,"approach":[89,269],"facing":180,"dropoff":[-0.1789887,5.6496653],"dropoffWay":"osm:way/634964250","dropoffDistance":0,"legClear":true,"status":"mapped"},"geometry":{"type":"Point","coordinates":[-0.1789887,5.6496653]}},{"type":"Feature","id":"access:place:osm:way/1293784641","properties":{"role":"entrance","place":"ahuof3 street","placeId":"place:osm:way/1293784641","kind":"other","footprint":"osm:way/1293784641","entranceType":"inferred frontage","method":"frontage","evidence":"no mapped entrance or access way: the side nearest the network","confidence":"low","arrival":[-0.204564,5.661166],"arrivalWay":"osm:way/437464832","arrivalWayClass":"residential","arrivalDistance":38.4,"approach":[16,196],"facing":242,"dropoff":[-0.204564,5.661166],"dropoffWay":"osm:way/437464832","dropoffDistance":38.4,"legClear":true,"status":"inferred"},"geometry":{"type":"Point","coordinates":[-0.204887,5.660988]}},{"type":"Feature","id":"access:place:osm:way/130857930","properties":{"role":"entrance","place":"University of Ghana Computing Systems (UGCS)","placeId":"place:osm:way/130857930","kind":"other","footprint":"osm:way/130857930","entranceType":"public entrance","method":"curated","evidence":"Blue mark on the owner's aerial (UGCS circled purple).","cite":"owner-balme","confidence":"high","arrival":[-0.188129,5.6518447],"arrivalWay":"osm:way/671190209","arrivalWayClass":"service","arrivalDistance":25.6,"approach":[272,92],"facing":2,"dropoff":[-0.188129,5.6518447],"dropoffWay":"osm:way/671190209","dropoffDistance":25.6,"legClear":true,"status":"verified","refs":["owner's marked aerial of the Balme Library surroundings"],"approachText":"To the south face of UGCS, toward CEDI."},"geometry":{"type":"Point","coordinates":[-0.1881092,5.6520966]}},{"type":"Feature","id":"access:place:osm:way/130863392","properties":{"role":"entrance","place":"Dep't of History","placeId":"place:osm:way/130863392","kind":"other","footprint":"osm:way/130863392","entranceType":"inferred frontage","method":"frontage","evidence":"no mapped entrance or access way: the side nearest the network","confidence":"low","arrival":[-0.1898676,5.6505985],"arrivalWay":"osm:way/278303079","arrivalWayName":"Dr. J.B. Danquah Avenue","arrivalWayClass":"residential","arrivalDistance":20.2,"approach":[90,270],"facing":180,"dropoff":[-0.1898676,5.6505985],"dropoffWay":"osm:way/278303079","dropoffWayName":"Dr. J.B. Danquah Avenue","dropoffDistance":20.2,"legClear":true,"status":"inferred"},"geometry":{"type":"Point","coordinates":[-0.1898454,5.6504081]}},{"type":"Feature","id":"access:place:osm:way/130863394","properties":{"role":"entrance","place":"Dep't of Sociology","placeId":"place:osm:way/130863394","kind":"other","footprint":"osm:way/130863394","entranceType":"inferred frontage","method":"frontage","evidence":"no mapped entrance or access way: the side nearest the network","confidence":"low","arrival":[-0.1905019,5.6502122],"arrivalWay":"osm:way/637594942","arrivalWayClass":"residential","arrivalDistance":45.2,"approach":[37,217],"facing":127,"dropoff":[-0.1905019,5.6502122],"dropoffWay":"osm:way/637594942","dropoffDistance":45.2,"legClear":true,"status":"inferred"},"geometry":{"type":"Point","coordinates":[-0.190169,5.6499857]}},{"type":"Feature","id":"access:place:osm:way/1334286389","properties":{"role":"entrance","place":"Legon hall barbeque joint","placeId":"place:osm:way/1334286389","kind":"food","footprint":"osm:way/1334286389","entranceType":"public entrance","method":"curated","evidence":"Owner's photo: the porch with its dark-red gable on the front of the solar-roofed building.","cite":"owner-west-legon","confidence":"high","arrival":[-0.1897602,5.6482507],"arrivalWay":"osm:way/300288071","arrivalWayName":"E.A. Boateng Road","arrivalWayClass":"residential","arrivalDistance":44.9,"approach":[296,116],"facing":26,"dropoff":[-0.1897602,5.6482507],"dropoffWay":"osm:way/300288071","dropoffWayName":"E.A. Boateng Road","dropoffDistance":44.9,"legClear":true,"status":"verified","refs":["owner's photos and aerial west of Legon Hall"],"approachText":"To the porch under the small dark-red gable on the south face, near the east end."},"geometry":{"type":"Point","coordinates":[-0.1896005,5.6486255]}},{"type":"Feature","id":"access:place:osm:way/1365554861","properties":{"role":"entrance","place":"Didi Jollof","placeId":"place:osm:way/1365554861","kind":"food","footprint":"osm:way/1365554861","entranceType":"inferred frontage","method":"frontage","evidence":"no mapped entrance or access way: the side nearest the network","confidence":"low","arrival":[-0.1867233,5.6402627],"arrivalWay":"osm:way/637507504","arrivalWayName":"Diaspora Path","arrivalWayClass":"service","arrivalDistance":41.2,"approach":[172,352],"facing":82,"dropoff":[-0.1867233,5.6402627],"dropoffWay":"osm:way/637507504","dropoffWayName":"Diaspora Path","dropoffDistance":41.2,"legClear":false,"status":"inferred","note":"the last few metres from the network to the entrance cross Jubilee Hall (an enclosed courtyard or a mapping gap)"},"geometry":{"type":"Point","coordinates":[-0.1863372,5.6403028]}},{"type":"Feature","id":"access:place:osm:way/1413819066","properties":{"role":"entrance","place":"AI CENTRE","placeId":"place:osm:way/1413819066","kind":"academic","footprint":"osm:way/1413819066","entranceType":"inferred frontage","method":"frontage","evidence":"no mapped entrance or access way: the side nearest the network","confidence":"low","arrival":[-0.175843,5.6651948],"arrivalWay":"osm:way/448742102","arrivalWayClass":"service","arrivalDistance":5.4,"approach":[231,51],"facing":141,"dropoff":[-0.175843,5.6651948],"dropoffWay":"osm:way/448742102","dropoffDistance":5.4,"legClear":true,"status":"inferred"},"geometry":{"type":"Point","coordinates":[-0.1757922,5.6651464]}},{"type":"Feature","id":"access:place:osm:way/1417568158","properties":{"role":"entrance","place":"Bungalow 13","placeId":"place:osm:way/1417568158","kind":"other","footprint":"osm:way/1417568158","entranceType":"inferred frontage","method":"frontage","evidence":"no mapped entrance or access way: the side nearest the network","confidence":"low","arrival":[-0.1738922,5.6608773],"arrivalWay":"osm:way/770618439","arrivalWayClass":"service","arrivalDistance":28.1,"approach":[180,0],"facing":270,"dropoff":[-0.1738922,5.6608773],"dropoffWay":"osm:way/770618439","dropoffDistance":28.1,"legClear":true,"status":"inferred"},"geometry":{"type":"Point","coordinates":[-0.174164,5.660892]}},{"type":"Feature","id":"access:place:osm:way/1417613314","properties":{"role":"entrance","place":"bungalow 14","placeId":"place:osm:way/1417613314","kind":"other","footprint":"osm:way/1417613314","entranceType":"inferred frontage","method":"frontage","evidence":"no mapped entrance or access way: the side nearest the network","confidence":"low","arrival":[-0.1738913,5.6606684],"arrivalWay":"osm:way/770618439","arrivalWayClass":"service","arrivalDistance":24.6,"approach":[179,359],"facing":269,"dropoff":[-0.1738913,5.6606684],"dropoffWay":"osm:way/770618439","dropoffDistance":24.6,"legClear":true,"status":"inferred"},"geometry":{"type":"Point","coordinates":[-0.174133,5.660653]}},{"type":"Feature","id":"access:place:osm:way/1417614180","properties":{"role":"entrance","place":"Bungalow 18","placeId":"place:osm:way/1417614180","kind":"other","footprint":"osm:way/1417614180","entranceType":"inferred frontage","method":"frontage","evidence":"no mapped entrance or access way: the side nearest the network","confidence":"low","arrival":[-0.1745213,5.660068],"arrivalWay":"osm:way/770618439","arrivalWayClass":"service","arrivalDistance":5.6,"approach":[271,91],"facing":1,"dropoff":[-0.1745213,5.660068],"dropoffWay":"osm:way/770618439","dropoffDistance":5.6,"legClear":true,"status":"inferred"},"geometry":{"type":"Point","coordinates":[-0.174503,5.660133]}},{"type":"Feature","id":"access:place:osm:way/1417616239","properties":{"role":"entrance","place":"Bungalow 12","placeId":"place:osm:way/1417616239","kind":"other","footprint":"osm:way/1417616239","entranceType":"inferred frontage","method":"frontage","evidence":"no mapped entrance or access way: the side nearest the network","confidence":"low","arrival":[-0.173892,5.6609156],"arrivalWay":"osm:way/770618439","arrivalWayClass":"service","arrivalDistance":10.3,"approach":[180,0],"facing":90,"dropoff":[-0.173892,5.6609156],"dropoffWay":"osm:way/770618439","dropoffDistance":10.3,"legClear":true,"status":"inferred"},"geometry":{"type":"Point","coordinates":[-0.173779,5.660926]}},{"type":"Feature","id":"access:place:osm:way/1417617298","properties":{"role":"entrance","place":"Bungalow 15","placeId":"place:osm:way/1417617298","kind":"other","footprint":"osm:way/1417617298","entranceType":"inferred frontage","method":"frontage","evidence":"no mapped entrance or access way: the side nearest the network","confidence":"low","arrival":[-0.1738856,5.6603597],"arrivalWay":"osm:way/770618439","arrivalWayClass":"service","arrivalDistance":10.1,"approach":[179,359],"facing":89,"dropoff":[-0.1738856,5.6603597],"dropoffWay":"osm:way/770618439","dropoffDistance":10.1,"legClear":true,"status":"inferred"},"geometry":{"type":"Point","coordinates":[-0.173777,5.660376]}},{"type":"Feature","id":"access:place:osm:way/278268702","properties":{"role":"entrance","place":"University of Ghana Hospital","placeId":"place:osm:way/278268702","kind":"health","footprint":"osm:way/278268702","entranceType":"vehicle","method":"area-entry","evidence":"osm:way/958788016 (service) enters the area here","confidence":"medium","arrival":[-0.1775024,5.6509472],"arrivalWay":"osm:way/958788014","arrivalWayClass":"service","arrivalDistance":0,"approach":[208,28],"facing":180,"dropoff":[-0.1775024,5.6509472],"dropoffWay":"osm:way/958788014","dropoffDistance":0,"legClear":true,"status":"unverified"},"geometry":{"type":"Point","coordinates":[-0.1775024,5.6509472]}},{"type":"Feature","id":"access:place:osm:way/278303009","properties":{"role":"entrance","place":"Department of Nutrition and Food Sciences","placeId":"place:osm:way/278303009","kind":"academic","footprint":"osm:way/278303009","entranceType":"inferred frontage","method":"frontage","evidence":"no mapped entrance or access way: the side nearest the network","confidence":"low","arrival":[-0.1885505,5.6535445],"arrivalWay":"osm:way/671190060","arrivalWayClass":"service","arrivalDistance":9,"approach":[2,182],"facing":272,"dropoff":[-0.1885505,5.6535445],"dropoffWay":"osm:way/671190060","dropoffDistance":9,"legClear":true,"status":"inferred"},"geometry":{"type":"Point","coordinates":[-0.1886493,5.6535614]}},{"type":"Feature","id":"access:place:osm:way/278303013","properties":{"role":"entrance","place":"Department of Economics, University of Ghana","placeId":"place:osm:way/278303013","kind":"academic","footprint":"osm:way/278303013","entranceType":"public entrance","method":"curated","evidence":"Blue mark on the owner's aerial (circled red: two floors).","cite":"owner-balme","confidence":"high","arrival":[-0.1878441,5.6511183],"arrivalWay":"osm:way/278303097","arrivalWayName":"W.E.B. Dubois Road","arrivalWayClass":"residential","arrivalDistance":36.1,"approach":[0,180],"facing":90,"dropoff":[-0.1878441,5.6511183],"dropoffWay":"osm:way/278303097","dropoffWayName":"W.E.B. Dubois Road","dropoffDistance":36.1,"legClear":true,"status":"verified","refs":["owner's marked aerial of the Balme Library surroundings"],"approachText":"To the middle of the west face."},"geometry":{"type":"Point","coordinates":[-0.1874955,5.6511154]}},{"type":"Feature","id":"access:place:osm:way/278303014","properties":{"role":"entrance","place":"University of Ghana Bookshop","placeId":"place:osm:way/278303014","kind":"other","footprint":"osm:way/278303014","entranceType":"public entrance","method":"curated","evidence":"Blue mark on the owner's aerial (circled red: two floors).","cite":"owner-balme","confidence":"high","arrival":[-0.1864283,5.6511025],"arrivalWay":"osm:way/624028495","arrivalWayClass":"service","arrivalDistance":13.5,"approach":[193,13],"facing":281,"dropoff":[-0.1864283,5.6511025],"dropoffWay":"osm:way/624028495","dropoffDistance":13.5,"legClear":true,"status":"verified","refs":["owner's marked aerial of the Balme Library surroundings"],"approachText":"To the middle of the east face, on the road."},"geometry":{"type":"Point","coordinates":[-0.1865699,5.6511245]}},{"type":"Feature","id":"access:place:osm:way/278303018","properties":{"role":"entrance","place":"International Students Hostel 1, ISH 1","placeId":"place:osm:way/278303018","kind":"hall","footprint":"osm:way/278303018","entranceType":"hall entrance","method":"curated","evidence":"Owner's marked layout (registered to OSM): the entrance is on ISH 1's north facade, a little east of its middle, facing the car park it shares with Jubilee Hall. Owner photo of the hostel: a small gabled porch on the long four-storey facade, behind the car park, a little off-centre.","cite":"user-photos-jubilee-ish","confidence":"high","arrival":[-0.1851906,5.6400744],"arrivalWay":"osm:way/690515926","arrivalWayClass":"service","arrivalDistance":6.8,"approach":[250,70],"facing":160,"dropoff":[-0.1851906,5.6400744],"dropoffWay":"osm:way/690515926","dropoffDistance":6.8,"legClear":true,"status":"verified","refs":["jubilee_ish_layout (owner satellite layout with entrances and car parks marked)","ish_entrance_facade (owner photo)","international_students_hostel_2_labeled.png"],"approachText":"From the car park between Jubilee Hall and ISH 1 to the gabled porch on the hostel's north facade."},"geometry":{"type":"Point","coordinates":[-0.1851682,5.6399943]}},{"type":"Feature","id":"access:place:osm:way/278303020","properties":{"role":"entrance","place":"International Students Hostel 2, ISH 2","placeId":"place:osm:way/278303020","kind":"hall","footprint":"osm:way/278303020","entranceType":"hall entrance","method":"curated","evidence":"Owner's marked layout (registered to OSM): the entrance is on ISH 2's south facade, east of its middle, at the corner of the car park between ISH 2 and Jubilee Hall. Owner: ISH 2 has the same structure as ISH 1. international_students_hostel_1: the balconied facade with a flat entrance canopy and a car park in front.","cite":"user-photos-jubilee-ish","confidence":"high","arrival":[-0.1858097,5.6412445],"arrivalWay":"osm:way/762793928","arrivalWayClass":"service","arrivalDistance":18,"approach":[67,247],"facing":305,"dropoff":[-0.1858097,5.6412445],"dropoffWay":"osm:way/762793928","dropoffDistance":18,"legClear":true,"status":"verified","refs":["jubilee_ish_layout (owner satellite layout with entrances and car parks marked)","international_students_hostel_1_labeled.png"],"approachText":"From the car park between ISH 2 and Jubilee Hall to the entrance canopy on the hostel's south facade."},"geometry":{"type":"Point","coordinates":[-0.1859561,5.6413558]}},{"type":"Feature","id":"access:place:osm:way/278303025","properties":{"role":"entrance","place":"LECIAD, Legon","placeId":"place:osm:way/278303025","kind":"other","footprint":"osm:way/278303025","entranceType":"inferred frontage","method":"frontage","evidence":"no mapped entrance or access way: the side nearest the network","confidence":"low","arrival":[-0.184422,5.6524998],"arrivalWay":"osm:way/671170105","arrivalWayClass":"residential","arrivalDistance":10.5,"approach":[88,268],"facing":158,"dropoff":[-0.184422,5.6524998],"dropoffWay":"osm:way/671170105","dropoffDistance":10.5,"legClear":true,"status":"inferred"},"geometry":{"type":"Point","coordinates":[-0.1843785,5.6523906]}},{"type":"Feature","id":"access:place:osm:way/278303028","properties":{"role":"entrance","place":"West African Centre for Cell Biology of Infectious Pathogens, WACCBIP","placeId":"place:osm:way/278303028","kind":"academic","footprint":"osm:way/278303028","entranceType":"inferred frontage","method":"frontage","evidence":"no mapped entrance or access way: the side nearest the network","confidence":"low","arrival":[-0.1894804,5.6551614],"arrivalWay":"osm:way/1536290084","arrivalWayClass":"service","arrivalDistance":1.7,"approach":[272,92],"facing":182,"dropoff":[-0.1894804,5.6551614],"dropoffWay":"osm:way/1536290084","dropoffDistance":1.7,"legClear":true,"status":"inferred"},"geometry":{"type":"Point","coordinates":[-0.1894853,5.6551239]}},{"type":"Feature","id":"access:place:osm:way/278303032","properties":{"role":"entrance","place":"Central Cafeteria, CC","placeId":"place:osm:way/278303032","kind":"food","footprint":"osm:way/278303032","entranceType":"public entrance","method":"curated","evidence":"Owner's aerial (entrance marked) and photo (the doors marked): the stepped terrace along the north side climbs to the main floor, with many doors along the top of it; the ground floor below is half sunk.","cite":"owner-sarbah-annexes-cc","confidence":"high","arrival":[-0.1872403,5.6472556],"arrivalWay":"osm:way/278303087","arrivalWayClass":"residential","arrivalDistance":11.4,"approach":[90,270],"facing":180,"dropoff":[-0.1872403,5.6472556],"dropoffWay":"osm:way/278303087","dropoffDistance":11.4,"legClear":true,"status":"verified","refs":["owner's photos and aerials"],"approachText":"From the road along the oval up the stepped terrace to the doors of the main floor."},"geometry":{"type":"Point","coordinates":[-0.1872264,5.6471356]}},{"type":"Feature","id":"access:place:osm:way/278303034","properties":{"role":"entrance","place":"Valco Trust Hostel Phase 2","placeId":"place:osm:way/278303034","kind":"hall","footprint":"osm:way/278303034","entranceType":"hall entrance","method":"curated","evidence":"Owner: the back of Phase 1 faces the back of Phase 2, so Phase 2 is entered on its south face; the same block as Phase 1 turned round, its porch under the stair bay.","cite":"owner-valco","confidence":"high","arrival":[-0.1868936,5.6439491],"arrivalWay":"osm:way/765406714","arrivalWayClass":"service","arrivalDistance":18.9,"approach":[2,182],"facing":1,"dropoff":[-0.1868936,5.6439491],"dropoffWay":"osm:way/765406714","dropoffDistance":18.9,"legClear":true,"status":"verified","refs":["owner's photo of Valco"],"approachText":"To the porch under the stair bay on the south face, a little west of the middle."},"geometry":{"type":"Point","coordinates":[-0.1868815,5.6441408]}},{"type":"Feature","id":"access:place:osm:way/278303038","properties":{"role":"entrance","place":"Valco Trust Hostel Phase 1","placeId":"place:osm:way/278303038","kind":"hall","footprint":"osm:way/278303038","entranceType":"hall entrance","method":"curated","evidence":"Owner's photo: the entrance porch (marked blue) under the stair bay on the front of Phase 1, the face turned away from Phase 2.","cite":"owner-valco","confidence":"high","arrival":[-0.1868449,5.6449],"arrivalWay":"osm:way/715051480","arrivalWayClass":"service","arrivalDistance":5.5,"approach":[270,90],"facing":180,"dropoff":[-0.1868449,5.6449],"dropoffWay":"osm:way/715051480","dropoffDistance":5.5,"legClear":true,"status":"verified","refs":["owner's photo of Valco"],"approachText":"To the porch under the stair bay on the north face, a little east of the middle."},"geometry":{"type":"Point","coordinates":[-0.1868536,5.6448294]}},{"type":"Feature","id":"access:place:osm:way/278303042","properties":{"role":"entrance","place":"Jones Quartey Building, JQB","placeId":"place:osm:way/278303042","kind":"academic","footprint":"osm:way/278303042","entranceType":"public entrance","method":"curated","evidence":"Radio Univers: JQB is 'close to the Main Entrance ... behind the Institute of African Studies, on your right side when coming from the main gate'. Atlas sheet 2 + OSM: the footpaths from the avenue side converge on the south face. Previous entrance was an inferred point at the north-east corner (the back).","cite":"univers-level100","confidence":"high","arrival":[-0.1817857,5.6519856],"arrivalWay":"osm:way/672764761","arrivalWayClass":"footway","arrivalDistance":21.1,"approach":[17,197],"facing":287,"dropoff":[-0.1823366,5.6520501],"dropoffWay":"osm:way/600999974","dropoffDistance":40.8,"legClear":true,"status":"verified","refs":["atlas sheet 2"],"approachText":"From the avenue side by the footpaths that converge on the building's south front."},"geometry":{"type":"Point","coordinates":[-0.1819681,5.6520634]}},{"type":"Feature","id":"access:place:osm:way/278303043","properties":{"role":"entrance","place":"K Folson Building","placeId":"place:osm:way/278303043","kind":"academic","footprint":"osm:way/278303043","entranceType":"inferred frontage","method":"frontage","evidence":"no mapped entrance or access way: the side nearest the network","confidence":"low","arrival":[-0.1863758,5.6555858],"arrivalWay":"osm:way/1479908796","arrivalWayName":"Botanical Gardens Road","arrivalWayClass":"residential","arrivalDistance":9.1,"approach":[335,155],"facing":245,"dropoff":[-0.1863758,5.6555858],"dropoffWay":"osm:way/1479908796","dropoffWayName":"Botanical Gardens Road","dropoffDistance":9.1,"legClear":true,"status":"inferred"},"geometry":{"type":"Point","coordinates":[-0.1864709,5.6555411]}},{"type":"Feature","id":"access:place:osm:way/278303045","properties":{"role":"entrance","place":"Anglican Church Legon Hall","placeId":"place:osm:way/278303045","kind":"worship","footprint":"osm:way/278303045","entranceType":"inferred frontage","method":"frontage","evidence":"no mapped entrance or access way: the side nearest the network","confidence":"low","arrival":[-0.1905656,5.6562887],"arrivalWay":"osm:way/690589809","arrivalWayClass":"service","arrivalDistance":10.4,"approach":[113,293],"facing":188,"dropoff":[-0.1905656,5.6562887],"dropoffWay":"osm:way/690589809","dropoffDistance":10.4,"legClear":true,"status":"inferred"},"geometry":{"type":"Point","coordinates":[-0.1905701,5.6561741]}},{"type":"Feature","id":"access:place:osm:way/278303047","properties":{"role":"entrance","place":"Mensah Sarbah Annex D","placeId":"place:osm:way/278303047","kind":"hall","footprint":"osm:way/278303047","entranceType":"hall entrance","method":"curated","evidence":"Owner: as at Akuafo, D's entrance in the middle of its east face, opposite C's.","cite":"owner-sarbah-annexes-cc","confidence":"high","arrival":[-0.1855368,5.6453944],"arrivalWay":"osm:way/672764764","arrivalWayClass":"path","arrivalDistance":3.9,"approach":[357,177],"facing":267,"dropoff":[-0.1855724,5.6457733],"dropoffWay":"osm:way/1535769763","dropoffDistance":42.1,"legClear":true,"status":"verified","refs":["owner's photos and aerials"],"approachText":"Across the lawn between C and D to the middle of D's east face."},"geometry":{"type":"Point","coordinates":[-0.1855942,5.6453943]}},{"type":"Feature","id":"access:place:osm:way/278303049","properties":{"role":"entrance","place":"Mensah Sarbah Annex B","placeId":"place:osm:way/278303049","kind":"hall","footprint":"osm:way/278303049","entranceType":"hall entrance","method":"curated","evidence":"Owner: as at Akuafo, B's entrance is at the foot of its stair tower on the north face, toward A.","cite":"owner-sarbah-annexes-cc","confidence":"high","arrival":[-0.1854566,5.6450673],"arrivalWay":"osm:way/1540999591","arrivalWayClass":"footway","arrivalDistance":2.5,"approach":[109,289],"facing":199,"dropoff":[-0.1858623,5.6450323],"dropoffWay":"osm:way/1230529664","dropoffDistance":44.2,"legClear":true,"status":"verified","refs":["owner's photos and aerials"],"approachText":"To the entrance at the foot of the stair tower, on the north face."},"geometry":{"type":"Point","coordinates":[-0.1854643,5.6450235]}},{"type":"Feature","id":"access:place:osm:way/278303051","properties":{"role":"entrance","place":"Akuafo Hall Annex A","placeId":"place:osm:way/278303051","kind":"hall","footprint":"osm:way/278303051","entranceType":"hall entrance","method":"curated","evidence":"Owner's photo of Annex A (entrance marked): the entrance is on the ground floor of the long block, in line with the stair tower, on the face toward Annex B (south); A and B face each other.","cite":"owner-annexes","confidence":"high","arrival":[-0.1856853,5.6477835],"arrivalWay":"osm:way/603511034","arrivalWayClass":"service","arrivalDistance":4.1,"approach":[90,270],"facing":0,"dropoff":[-0.1856853,5.6477835],"dropoffWay":"osm:way/603511034","dropoffDistance":4.1,"legClear":true,"status":"verified","refs":["owner's annex photos and top views (entrances marked)"],"approachText":"To the ground-floor entrance on the south face, in line with the stair tower."},"geometry":{"type":"Point","coordinates":[-0.1856864,5.6478434]}},{"type":"Feature","id":"access:place:osm:way/278303055","properties":{"role":"entrance","place":"Mensah Sarbah Annex C","placeId":"place:osm:way/278303055","kind":"hall","footprint":"osm:way/278303055","entranceType":"hall entrance","method":"curated","evidence":"Owner: as at Akuafo, C and D face each other across the lawn; C's entrance in the middle of its west face.","cite":"owner-sarbah-annexes-cc","confidence":"high","arrival":[-0.1855359,5.6453783],"arrivalWay":"osm:way/672764764","arrivalWayClass":"path","arrivalDistance":16.4,"approach":[357,177],"facing":87,"dropoff":[-0.1853884,5.6457736],"dropoffWay":"osm:way/1535769763","dropoffDistance":42.9,"legClear":true,"status":"verified","refs":["owner's photos and aerials"],"approachText":"Across the lawn between C and D to the middle of C's west face."},"geometry":{"type":"Point","coordinates":[-0.1853658,5.6453808]}},{"type":"Feature","id":"access:place:osm:way/278303060","properties":{"role":"entrance","place":"Akuafo Hall Annex C","placeId":"place:osm:way/278303060","kind":"hall","footprint":"osm:way/278303060","entranceType":"hall entrance","method":"curated","evidence":"Owner's aerial (entrance marked): C's entrance is in the middle of its west face, toward Annex D across the lawn; C and D face each other.","cite":"owner-annexes","confidence":"high","arrival":[-0.1853341,5.647432],"arrivalWay":"osm:way/637507510","arrivalWayClass":"service","arrivalDistance":1.5,"approach":[360,180],"facing":270,"dropoff":[-0.1853341,5.647432],"dropoffWay":"osm:way/637507510","dropoffDistance":1.5,"legClear":true,"status":"verified","refs":["owner's annex photos and top views (entrances marked)"],"approachText":"Across the lawn between C and D to the middle of C's west face."},"geometry":{"type":"Point","coordinates":[-0.1853253,5.6474274]}},{"type":"Feature","id":"access:place:osm:way/278303061","properties":{"role":"entrance","place":"Akuafo Hall Annex D","placeId":"place:osm:way/278303061","kind":"hall","footprint":"osm:way/278303061","entranceType":"hall entrance","method":"curated","evidence":"Owner: Annex C and D face each other, so D's entrance is in the middle of its east face, opposite C's (marked on the owner's aerial).","cite":"owner-annexes","confidence":"high","arrival":[-0.1857827,5.6473853],"arrivalWay":"osm:way/637507511","arrivalWayClass":"service","arrivalDistance":1.4,"approach":[181,1],"facing":271,"dropoff":[-0.1857827,5.6473853],"dropoffWay":"osm:way/637507511","dropoffDistance":1.4,"legClear":true,"status":"verified","refs":["owner's annex photos and top views (entrances marked)"],"approachText":"Across the lawn between C and D to the middle of D's east face."},"geometry":{"type":"Point","coordinates":[-0.1858181,5.6473867]}},{"type":"Feature","id":"access:place:osm:way/278303068","properties":{"role":"entrance","place":"Mensah Sarbah Annex A","placeId":"place:osm:way/278303068","kind":"hall","footprint":"osm:way/278303068","entranceType":"hall entrance","method":"curated","evidence":"Owner: Mensah Sarbah's annexes are laid out and labelled like Akuafo's: A and B face each other, entered in line with the stair tower; A's entrance on the south face, toward B.","cite":"owner-sarbah-annexes-cc","confidence":"high","arrival":[-0.1854696,5.6457735],"arrivalWay":"osm:way/1535769763","arrivalWayClass":"service","arrivalDistance":1,"approach":[90,270],"facing":360,"dropoff":[-0.1854696,5.6457735],"dropoffWay":"osm:way/1535769763","dropoffDistance":1,"legClear":true,"status":"verified","refs":["owner's photos and aerials"],"approachText":"To the ground-floor entrance on the south face, in line with the stair tower."},"geometry":{"type":"Point","coordinates":[-0.1854706,5.6458048]}},{"type":"Feature","id":"access:place:osm:way/278303069","properties":{"role":"entrance","place":"Akuafo Hall Annex B","placeId":"place:osm:way/278303069","kind":"hall","footprint":"osm:way/278303069","entranceType":"hall entrance","method":"curated","evidence":"Owner: Annex A and B face each other, the entrance in line with the stair tower; B's is at the foot of its tower on the north face, toward Annex A.","cite":"owner-annexes","confidence":"high","arrival":[-0.1857926,5.6471001],"arrivalWay":"osm:way/1540994851","arrivalWayClass":"footway","arrivalDistance":13.5,"approach":[182,2],"facing":100,"dropoff":[-0.1856686,5.6473641],"dropoffWay":"osm:way/637507510","dropoffDistance":31.6,"legClear":true,"status":"verified","refs":["owner's annex photos and top views (entrances marked)"],"approachText":"To the entrance at the foot of the stair tower, on the north face toward Annex A."},"geometry":{"type":"Point","coordinates":[-0.1856719,5.6470558]}},{"type":"Feature","id":"access:place:osm:way/286261174","properties":{"role":"entrance","place":"James Topp Nelson Yankah Hall","placeId":"place:osm:way/286261174","kind":"hall","footprint":"osm:way/286261174","entranceType":"vehicle","method":"area-entry","evidence":"osm:way/600999983 (service) enters the area here","confidence":"medium","arrival":[-0.1825095,5.6662032],"arrivalWay":"osm:way/600999983","arrivalWayClass":"service","arrivalDistance":0,"approach":[90,270],"facing":180,"dropoff":[-0.1825095,5.6662032],"dropoffWay":"osm:way/600999983","dropoffDistance":0,"legClear":true,"status":"unverified"},"geometry":{"type":"Point","coordinates":[-0.1825095,5.6662032]}},{"type":"Feature","id":"access:place:osm:way/300288056","properties":{"role":"entrance","place":"Mensah Sarbah Dining Hall","placeId":"place:osm:way/300288056","kind":"food","footprint":"osm:way/300288056","entranceType":"inferred frontage","method":"frontage","evidence":"no mapped entrance or access way: the side nearest the network","confidence":"low","arrival":[-0.1872647,5.645251],"arrivalWay":"osm:way/353697505","arrivalWayName":"Mensah Sarbah Crescent","arrivalWayClass":"residential","arrivalDistance":1.4,"approach":[90,270],"facing":0,"dropoff":[-0.1872647,5.645251],"dropoffWay":"osm:way/353697505","dropoffWayName":"Mensah Sarbah Crescent","dropoffDistance":1.4,"legClear":true,"status":"inferred"},"geometry":{"type":"Point","coordinates":[-0.1872456,5.6452758]}},{"type":"Feature","id":"access:place:osm:way/300288063","properties":{"role":"entrance","place":"Administration and Porters' Lodge","placeId":"place:osm:way/300288063","kind":"other","footprint":"osm:way/300288063","entranceType":"inferred frontage","method":"frontage","evidence":"no mapped entrance or access way: the side nearest the network","confidence":"low","arrival":[-0.1870106,5.6463933],"arrivalWay":"osm:way/1540994843","arrivalWayClass":"service","arrivalDistance":9.9,"approach":[75,255],"facing":165,"dropoff":[-0.1870106,5.6463933],"dropoffWay":"osm:way/1540994843","dropoffDistance":9.9,"legClear":true,"status":"inferred"},"geometry":{"type":"Point","coordinates":[-0.1870027,5.6462896]}},{"type":"Feature","id":"access:place:osm:way/300288064","properties":{"role":"entrance","place":"Department of Agriculture Economics and Agribusiness","placeId":"place:osm:way/300288064","kind":"academic","footprint":"osm:way/300288064","entranceType":"inferred frontage","method":"frontage","evidence":"no mapped entrance or access way: the side nearest the network","confidence":"low","arrival":[-0.1834231,5.6494152],"arrivalWay":"osm:way/278303093","arrivalWayName":"Onyaa Road","arrivalWayClass":"residential","arrivalDistance":7.2,"approach":[269,89],"facing":359,"dropoff":[-0.1834231,5.6494152],"dropoffWay":"osm:way/278303093","dropoffWayName":"Onyaa Road","dropoffDistance":7.2,"legClear":true,"status":"inferred"},"geometry":{"type":"Point","coordinates":[-0.1834321,5.6495012]}},{"type":"Feature","id":"access:place:osm:way/300288065","properties":{"role":"entrance","place":"Biotechnology Centre","placeId":"place:osm:way/300288065","kind":"academic","footprint":"osm:way/300288065","entranceType":"inferred frontage","method":"frontage","evidence":"no mapped entrance or access way: the side nearest the network","confidence":"low","arrival":[-0.1834939,5.6489678],"arrivalWay":"osm:way/637507509","arrivalWayClass":"service","arrivalDistance":3.8,"approach":[181,1],"facing":271,"dropoff":[-0.1834939,5.6489678],"dropoffWay":"osm:way/637507509","dropoffDistance":3.8,"legClear":true,"status":"inferred"},"geometry":{"type":"Point","coordinates":[-0.1835509,5.6489658]}},{"type":"Feature","id":"access:place:osm:way/318247933","properties":{"role":"entrance","place":"Chemistry Department, University of Ghana","placeId":"place:osm:way/318247933","kind":"academic","footprint":"osm:way/318247933","entranceType":"inferred frontage","method":"frontage","evidence":"no mapped entrance or access way: the side nearest the network","confidence":"low","arrival":[-0.1858068,5.6521663],"arrivalWay":"osm:way/1230499016","arrivalWayClass":"service","arrivalDistance":6.7,"approach":[142,322],"facing":52,"dropoff":[-0.1858068,5.6521663],"dropoffWay":"osm:way/1230499016","dropoffDistance":6.7,"legClear":true,"status":"inferred"},"geometry":{"type":"Point","coordinates":[-0.1857516,5.6521818]}},{"type":"Feature","id":"access:place:osm:way/320067568","properties":{"role":"entrance","place":"Balme Library Fountain","placeId":"place:osm:way/320067568","kind":"landmark","footprint":"osm:way/320067568","entranceType":"public open space","method":"curated","evidence":"OSM fountain polygon (way 320067568) inside the avenue roundabout; the square lies directly north of it.","cite":"ug-legon-campus","confidence":"medium","arrival":[-0.1870276,5.6512741],"arrivalWay":"osm:way/624028488","arrivalWayClass":"footway","arrivalDistance":3.3,"approach":[90,270],"facing":180,"dropoff":[-0.1872111,5.6512439],"dropoffWay":"osm:way/448104199","dropoffDistance":20.3,"legClear":true,"status":"partial","refs":["atlas sheet 2"],"approachText":"Viewed and reached from the University Square's south edge; the fountain sits on the avenue roundabout island."},"geometry":{"type":"Point","coordinates":[-0.1870278,5.6512441]}},{"type":"Feature","id":"access:place:osm:way/320072537","properties":{"role":"entrance","place":"Volta Hall","placeId":"place:osm:way/320072537","kind":"hall","footprint":"osm:way/320072524","entranceType":"hall entrance","method":"curated","evidence":"Owner: the entrance is the section marked blue on the aerial, on the east face of the front block; the photos show the arched doorway with its gate at the top of a short flight of steps between stone walls, with a two-storey building either side of the climb.","cite":"owner-volta","confidence":"high","arrival":[-0.1892981,5.6512031],"arrivalWay":"owner:volta-forecourt","arrivalWayName":"Volta Hall forecourt","arrivalWayClass":"footway","arrivalDistance":0,"approach":[270,90],"facing":270,"dropoff":[-0.1890776,5.6512016],"dropoffWay":"osm:way/448224307","dropoffWayName":"Volta Hall Road","dropoffDistance":37.6,"legClear":true,"status":"verified","refs":["volta_aerial (owner, entrance marked)","volta_entrance (owner photo, gate marked)","volta_front (owner photo, entrance and front building marked)","volta_annex (owner photo)"],"approachText":"From Volta Hall Road across the forecourt between the two front buildings, then up the steps to the arched entrance on the east face."},"geometry":{"type":"Point","coordinates":[-0.1894395,5.651203]}},{"type":"Feature","id":"access:place:osm:way/320073867","properties":{"role":"entrance","place":"Legon Main Entrance","placeId":"place:osm:way/320073867","kind":"landmark","footprint":"osm:way/320073867","entranceType":"campus gate","method":"curated","evidence":"UG security directive: 'the Main gate (opposite the Legon Police Station)'; OSM permit lift gates at the gatehouse on the inbound carriageway; reference atlas shows the gatehouse straddling the avenue.","cite":"ug-gates","confidence":"high","arrival":[-0.1811381,5.6507819],"arrivalWay":"osm:way/448225218","arrivalWayName":"Dr. J.B. Danquah Avenue","arrivalWayClass":"unclassified","arrivalDistance":2.5,"approach":[269,89],"facing":359,"dropoff":[-0.1811381,5.6507819],"dropoffWay":"osm:way/448225218","dropoffWayName":"Dr. J.B. Danquah Avenue","dropoffDistance":2.5,"legClear":true,"status":"verified","refs":["atlas sheet 2"],"approachText":"From the N4 (J.J. Rawlings Avenue) turn west into Dr. J.B. Danquah Avenue and pass the inbound lift gate at the gatehouse."},"geometry":{"type":"Point","coordinates":[-0.1811396,5.6507819]}},{"type":"Feature","id":"access:place:osm:way/335456879","properties":{"role":"entrance","place":"University of Ghana Botanical Gardens","placeId":"place:osm:way/335456879","kind":"landmark","footprint":"osm:way/335456879","entranceType":"public entrance","method":"curated","evidence":"OSM entrance=main (node 2248903579) on the gardens' boundary; Visit Ghana: the gardens are 'off Atomic Haatso Main Road at Agbogba Junction'.","cite":"visitghana-botanical","confidence":"high","arrival":[-0.1878681,5.6671422],"arrivalWay":"osm:way/215443205","arrivalWayClass":"service","arrivalDistance":0,"approach":[98,278],"facing":180,"dropoff":[-0.1878681,5.6671422],"dropoffWay":"osm:way/215443205","dropoffDistance":0,"legClear":true,"status":"verified","refs":[],"approachText":"From the Haatso-Atomic road side into the gardens' main entrance."},"geometry":{"type":"Point","coordinates":[-0.1878681,5.6671422]}},{"type":"Feature","id":"access:place:osm:way/335456880","properties":{"role":"entrance","place":"GCB Lecture Building","placeId":"place:osm:way/335456880","kind":"academic","footprint":"osm:way/335456880","entranceType":"inferred frontage","method":"frontage","evidence":"no mapped entrance or access way: the side nearest the network","confidence":"low","arrival":[-0.188235,5.6545154],"arrivalWay":"osm:way/112635868","arrivalWayName":"Ebenezer Laing Road","arrivalWayClass":"residential","arrivalDistance":6.4,"approach":[91,271],"facing":1,"dropoff":[-0.188235,5.6545154],"dropoffWay":"osm:way/112635868","dropoffWayName":"Ebenezer Laing Road","dropoffDistance":6.4,"legClear":true,"status":"inferred"},"geometry":{"type":"Point","coordinates":[-0.1882406,5.6545944]}},{"type":"Feature","id":"access:place:osm:way/335456881","properties":{"role":"entrance","place":"Psychology Department","placeId":"place:osm:way/335456881","kind":"academic","footprint":"osm:way/335456881","entranceType":"inferred frontage","method":"frontage","evidence":"no mapped entrance or access way: the side nearest the network","confidence":"low","arrival":[-0.1862264,5.6552616],"arrivalWay":"osm:way/1479908796","arrivalWayName":"Botanical Gardens Road","arrivalWayClass":"residential","arrivalDistance":33.9,"approach":[335,155],"facing":245,"dropoff":[-0.1862264,5.6552616],"dropoffWay":"osm:way/1479908796","dropoffWayName":"Botanical Gardens Road","dropoffDistance":33.9,"legClear":true,"status":"inferred"},"geometry":{"type":"Point","coordinates":[-0.1865266,5.6551282]}},{"type":"Feature","id":"access:place:osm:way/335456882","properties":{"role":"entrance","place":"Information Studies Labs","placeId":"place:osm:way/335456882","kind":"academic","footprint":"osm:way/335456882","entranceType":"inferred frontage","method":"frontage","evidence":"no mapped entrance or access way: the side nearest the network","confidence":"low","arrival":[-0.1878147,5.6553094],"arrivalWay":"osm:way/720895384","arrivalWayClass":"path","arrivalDistance":19.9,"approach":[353,173],"facing":83,"dropoff":[-0.1876452,5.6557025],"dropoffWay":"osm:way/335456892","dropoffDistance":40.9,"legClear":true,"status":"inferred"},"geometry":{"type":"Point","coordinates":[-0.1876144,5.6553375]}},{"type":"Feature","id":"access:place:osm:way/335456883","properties":{"role":"entrance","place":"N Block","placeId":"place:osm:way/335456883","kind":"academic","footprint":"osm:way/335456883","entranceType":"inferred frontage","method":"frontage","evidence":"no mapped entrance or access way: the side nearest the network","confidence":"low","arrival":[-0.1874967,5.6546049],"arrivalWay":"osm:way/1536108851","arrivalWayClass":"service","arrivalDistance":8,"approach":[360,180],"facing":90,"dropoff":[-0.1874967,5.6546049],"dropoffWay":"osm:way/1536108851","dropoffDistance":8,"legClear":true,"status":"unverified"},"geometry":{"type":"Point","coordinates":[-0.187403,5.6546109]}},{"type":"Feature","id":"access:place:osm:way/335456884","properties":{"role":"entrance","place":"Information Studies Department","placeId":"place:osm:way/335456884","kind":"academic","footprint":"osm:way/335456884","entranceType":"inferred frontage","method":"frontage","evidence":"no mapped entrance or access way: the side nearest the network; the nearest side with a clear approach","confidence":"low","arrival":[-0.1870582,5.6557163],"arrivalWay":"osm:way/335456892","arrivalWayClass":"residential","arrivalDistance":42.4,"approach":[269,89],"facing":209,"dropoff":[-0.1872907,5.6557108],"dropoffWay":"osm:way/335456892","dropoffDistance":43.8,"legClear":false,"status":"inferred","note":"the last few metres from the network to the entrance cross Information Studies Labs (an enclosed courtyard or a mapping gap)"},"geometry":{"type":"Point","coordinates":[-0.187049,5.6553104]}},{"type":"Feature","id":"access:place:osm:way/335456885","properties":{"role":"entrance","place":"RIPS building","placeId":"place:osm:way/335456885","kind":"academic","footprint":"osm:way/335456885","entranceType":"inferred frontage","method":"frontage","evidence":"no mapped entrance or access way: the side nearest the network","confidence":"low","arrival":[-0.1843489,5.6546158],"arrivalWay":"osm:way/761120134","arrivalWayClass":"service","arrivalDistance":11,"approach":[52,232],"facing":117,"dropoff":[-0.1843489,5.6546158],"dropoffWay":"osm:way/761120134","dropoffDistance":11,"legClear":true,"status":"inferred"},"geometry":{"type":"Point","coordinates":[-0.1842398,5.6545624]}},{"type":"Feature","id":"access:place:osm:way/335456886","properties":{"role":"entrance","place":"Political Science Department","placeId":"place:osm:way/335456886","kind":"academic","footprint":"osm:way/335456886","entranceType":"inferred frontage","method":"frontage","evidence":"no mapped entrance or access way: the side nearest the network","confidence":"low","arrival":[-0.1864881,5.6545884],"arrivalWay":"osm:way/1469165875","arrivalWayClass":"service","arrivalDistance":4.5,"approach":[357,177],"facing":87,"dropoff":[-0.1864881,5.6545884],"dropoffWay":"osm:way/1469165875","dropoffDistance":4.5,"legClear":true,"status":"inferred"},"geometry":{"type":"Point","coordinates":[-0.1864436,5.654613]}},{"type":"Feature","id":"access:place:osm:way/335456887","properties":{"role":"entrance","place":"School of Social Science","placeId":"place:osm:way/335456887","kind":"academic","footprint":"osm:way/335456887","entranceType":"inferred frontage","method":"frontage","evidence":"no mapped entrance or access way: the side nearest the network","confidence":"low","arrival":[-0.1874971,5.6547617],"arrivalWay":"osm:way/1536108851","arrivalWayClass":"service","arrivalDistance":29.5,"approach":[360,180],"facing":3,"dropoff":[-0.1874971,5.6547617],"dropoffWay":"osm:way/1536108851","dropoffDistance":29.5,"legClear":true,"status":"inferred"},"geometry":{"type":"Point","coordinates":[-0.1874635,5.655035]}},{"type":"Feature","id":"access:place:osm:way/335456888","properties":{"role":"entrance","place":"ISSER Building","placeId":"place:osm:way/335456888","kind":"academic","footprint":"osm:way/335456888","entranceType":"drop-off","method":"drive-access","evidence":"osm:way/761120134 (service) runs up to the building","confidence":"medium","arrival":[-0.1844669,5.6543451],"arrivalWay":"osm:way/761120134","arrivalWayClass":"service","arrivalDistance":2.4,"approach":[272,92],"facing":2,"dropoff":[-0.1844669,5.6543451],"dropoffWay":"osm:way/761120134","dropoffDistance":2.4,"legClear":true,"status":"mapped"},"geometry":{"type":"Point","coordinates":[-0.1844437,5.6543688]}},{"type":"Feature","id":"access:place:osm:way/335456889","properties":{"role":"entrance","place":"Mathematics Dept","placeId":"place:osm:way/335456889","kind":"academic","footprint":"osm:way/335456889","entranceType":"inferred frontage","method":"frontage","evidence":"no mapped entrance or access way: the side nearest the network","confidence":"low","arrival":[-0.1846366,5.6538111],"arrivalWay":"osm:way/672764759","arrivalWayClass":"footway","arrivalDistance":1,"approach":[140,320],"facing":230,"dropoff":[-0.1846545,5.6539811],"dropoffWay":"osm:way/187988181","dropoffDistance":19.5,"legClear":true,"status":"inferred"},"geometry":{"type":"Point","coordinates":[-0.1846222,5.6538128]}},{"type":"Feature","id":"access:place:osm:way/339022388","properties":{"role":"entrance","place":"National Accreditation Board","placeId":"place:osm:way/339022388","kind":"other","footprint":"osm:way/339022388","entranceType":"drop-off","method":"drive-access","evidence":"osm:way/548467885 (service) runs up to the building","confidence":"medium","arrival":[-0.1706526,5.6458401],"arrivalWay":"osm:way/548467885","arrivalWayClass":"service","arrivalDistance":1.7,"approach":[101,281],"facing":191,"dropoff":[-0.1706526,5.6458401],"dropoffWay":"osm:way/548467885","dropoffDistance":1.7,"legClear":true,"status":"mapped"},"geometry":{"type":"Point","coordinates":[-0.1706339,5.6458185]}},{"type":"Feature","id":"access:place:osm:way/339022389","properties":{"role":"entrance","place":"National Board for Professional and Technician Examinations","placeId":"place:osm:way/339022389","kind":"other","footprint":"osm:way/339022389","entranceType":"inferred frontage","method":"frontage","evidence":"no mapped entrance or access way: the side nearest the network","confidence":"low","arrival":[-0.1702511,5.6457562],"arrivalWay":"osm:way/548467886","arrivalWayClass":"service","arrivalDistance":0.9,"approach":[99,279],"facing":189,"dropoff":[-0.1702511,5.6457562],"dropoffWay":"osm:way/548467886","dropoffDistance":0.9,"legClear":true,"status":"inferred"},"geometry":{"type":"Point","coordinates":[-0.170252,5.645726]}},{"type":"Feature","id":"access:place:osm:way/339022390","properties":{"role":"entrance","place":"National Council for Tertiary Education","placeId":"place:osm:way/339022390","kind":"other","footprint":"osm:way/339022390","entranceType":"drop-off","method":"drive-access","evidence":"osm:way/548467886 (service) runs up to the building","confidence":"medium","arrival":[-0.1702747,5.6457566],"arrivalWay":"osm:way/548467886","arrivalWayClass":"service","arrivalDistance":1.5,"approach":[70,250],"facing":340,"dropoff":[-0.1702747,5.6457566],"dropoffWay":"osm:way/548467886","dropoffDistance":1.5,"legClear":true,"status":"mapped"},"geometry":{"type":"Point","coordinates":[-0.1702625,5.6457843]}},{"type":"Feature","id":"access:place:osm:way/339022391","properties":{"role":"entrance","place":"Conference Centre","placeId":"place:osm:way/339022391","kind":"academic","footprint":"osm:way/339022391","entranceType":"inferred frontage","method":"frontage","evidence":"no mapped entrance or access way: the side nearest the network","confidence":"low","arrival":[-0.1705078,5.6451032],"arrivalWay":"osm:way/634980063","arrivalWayClass":"service","arrivalDistance":2.6,"approach":[135,315],"facing":225,"dropoff":[-0.1705078,5.6451032],"dropoffWay":"osm:way/634980063","dropoffDistance":2.6,"legClear":true,"status":"inferred"},"geometry":{"type":"Point","coordinates":[-0.170546,5.645079]}},{"type":"Feature","id":"access:place:osm:way/353697487","properties":{"role":"entrance","place":"College of Health Sciences","placeId":"place:osm:way/353697487","kind":"academic","footprint":"osm:way/353697487","entranceType":"inferred frontage","method":"frontage","evidence":"no mapped entrance or access way: the side nearest the network","confidence":"low","arrival":[-0.1835521,5.6372852],"arrivalWay":"osm:way/714954254","arrivalWayClass":"service","arrivalDistance":4.7,"approach":[338,158],"facing":68,"dropoff":[-0.1835521,5.6372852],"dropoffWay":"osm:way/714954254","dropoffDistance":4.7,"legClear":true,"status":"inferred"},"geometry":{"type":"Point","coordinates":[-0.1835126,5.6373015]}},{"type":"Feature","id":"access:place:osm:way/368856637","properties":{"role":"entrance","place":"Bani Hostel","placeId":"place:osm:way/368856637","kind":"hall","footprint":"osm:way/368856637","entranceType":"vehicle","method":"area-entry","evidence":"osm:way/753818132 (service) enters the area here","confidence":"medium","arrival":[-0.1797351,5.6630154],"arrivalWay":"osm:way/753818132","arrivalWayClass":"service","arrivalDistance":0,"approach":[271,91],"facing":180,"dropoff":[-0.1797351,5.6630154],"dropoffWay":"osm:way/753818132","dropoffDistance":0,"legClear":true,"status":"unverified"},"geometry":{"type":"Point","coordinates":[-0.1797351,5.6630154]}},{"type":"Feature","id":"access:place:osm:way/394125201","properties":{"role":"entrance","place":"Chemistry Department Extension","placeId":"place:osm:way/394125201","kind":"academic","footprint":"osm:way/394125201","entranceType":"inferred frontage","method":"frontage","evidence":"no mapped entrance or access way: the side nearest the network","confidence":"low","arrival":[-0.1856411,5.6526306],"arrivalWay":"osm:way/1230499286","arrivalWayClass":"service","arrivalDistance":7,"approach":[90,270],"facing":325,"dropoff":[-0.1856411,5.6526306],"dropoffWay":"osm:way/1230499286","dropoffDistance":7,"legClear":true,"status":"inferred"},"geometry":{"type":"Point","coordinates":[-0.1856849,5.652704]}},{"type":"Feature","id":"access:place:osm:way/394125202","properties":{"role":"entrance","place":"Soil Science","placeId":"place:osm:way/394125202","kind":"academic","footprint":"osm:way/394125202","entranceType":"inferred frontage","method":"frontage","evidence":"no mapped entrance or access way: the side nearest the network","confidence":"low","arrival":[-0.184976,5.6503997],"arrivalWay":"osm:way/1097872654","arrivalWayName":"Akuafo Road","arrivalWayClass":"unclassified","arrivalDistance":14.3,"approach":[180,0],"facing":90,"dropoff":[-0.184976,5.6503997],"dropoffWay":"osm:way/1097872654","dropoffWayName":"Akuafo Road","dropoffDistance":14.3,"legClear":true,"status":"inferred"},"geometry":{"type":"Point","coordinates":[-0.1848432,5.650377]}},{"type":"Feature","id":"access:place:osm:way/394125205","properties":{"role":"entrance","place":"Anglican Church- Main Church","placeId":"place:osm:way/394125205","kind":"worship","footprint":"osm:way/394125205","entranceType":"inferred frontage","method":"frontage","evidence":"no mapped entrance or access way: the side nearest the network","confidence":"low","arrival":[-0.1906343,5.6564286],"arrivalWay":"osm:way/690589809","arrivalWayClass":"service","arrivalDistance":7.8,"approach":[173,353],"facing":83,"dropoff":[-0.1906343,5.6564286],"dropoffWay":"osm:way/690589809","dropoffDistance":7.8,"legClear":true,"status":"inferred"},"geometry":{"type":"Point","coordinates":[-0.190543,5.6564441]}},{"type":"Feature","id":"access:place:osm:way/394125206","properties":{"role":"entrance","place":"Department of Geography and Resource Development, Legon","placeId":"place:osm:way/394125206","kind":"academic","footprint":"osm:way/394125206","entranceType":"inferred frontage","method":"frontage","evidence":"no mapped entrance or access way: the side nearest the network","confidence":"low","arrival":[-0.1832448,5.6507711],"arrivalWay":"osm:way/623722343","arrivalWayClass":"footway","arrivalDistance":13.6,"approach":[88,268],"facing":358,"dropoff":[-0.1832458,5.6507357],"dropoffWay":"osm:way/278303102","dropoffWayName":"Dr. J.B. Danquah Avenue","dropoffDistance":17.6,"legClear":true,"status":"inferred"},"geometry":{"type":"Point","coordinates":[-0.1832613,5.6509133]}},{"type":"Feature","id":"access:place:osm:way/394125207","properties":{"role":"entrance","place":"Legon Hall Annex C (Graduate Hostel)","placeId":"place:osm:way/394125207","kind":"hall","footprint":"osm:way/394125229","entranceType":"hall entrance","method":"curated","evidence":"Owner's top view: Annex C is the long block west of Annex A and B with its wings (circled), its gate on the long block's east face (marked).","cite":"owner-annexes","confidence":"high","arrival":[-0.1886608,5.6473053],"arrivalWay":"owner:legon-annex-walk","arrivalWayName":"Legon Hall Annex walk","arrivalWayClass":"footway","arrivalDistance":0,"approach":[273,93],"facing":140,"dropoff":[-0.188637,5.6478126],"dropoffWay":"osm:way/1230500289","dropoffDistance":57.9,"legClear":true,"status":"verified","refs":["owner's annex photos and top views (entrances marked)"],"approachText":"To the gate on the east face of the long block."},"geometry":{"type":"Point","coordinates":[-0.1886624,5.6473053]}},{"type":"Feature","id":"access:place:osm:way/394125208","properties":{"role":"entrance","place":"College of Agric and Consumer Science, Legon","placeId":"place:osm:way/394125208","kind":"academic","footprint":"osm:way/394125208","entranceType":"inferred frontage","method":"frontage","evidence":"no mapped entrance or access way: the side nearest the network","confidence":"low","arrival":[-0.1838543,5.6505647],"arrivalWay":"osm:way/112635866","arrivalWayName":"Dr. J.B. Danquah Avenue","arrivalWayClass":"unclassified","arrivalDistance":37.2,"approach":[91,271],"facing":181,"dropoff":[-0.1838543,5.6505647],"dropoffWay":"osm:way/112635866","dropoffWayName":"Dr. J.B. Danquah Avenue","dropoffDistance":37.2,"legClear":true,"status":"inferred"},"geometry":{"type":"Point","coordinates":[-0.1838409,5.6502135]}},{"type":"Feature","id":"access:place:osm:way/394125211","properties":{"role":"entrance","place":"St. Thomas Aquinas Catholic Church","placeId":"place:osm:way/394125211","kind":"worship","footprint":"osm:way/394125211","entranceType":"inferred frontage","method":"frontage","evidence":"no mapped entrance or access way: the side nearest the network","confidence":"low","arrival":[-0.1904148,5.6550502],"arrivalWay":"osm:way/690589810","arrivalWayClass":"service","arrivalDistance":10.7,"approach":[86,266],"facing":176,"dropoff":[-0.1904148,5.6550502],"dropoffWay":"osm:way/690589810","dropoffDistance":10.7,"legClear":true,"status":"inferred"},"geometry":{"type":"Point","coordinates":[-0.1904004,5.6549323]}},{"type":"Feature","id":"access:place:osm:way/394125216","properties":{"role":"entrance","place":"Earth Science","placeId":"place:osm:way/394125216","kind":"academic","footprint":"osm:way/394125216","entranceType":"inferred frontage","method":"frontage","evidence":"no mapped entrance or access way: the side nearest the network","confidence":"low","arrival":[-0.1846852,5.6507649],"arrivalWay":"osm:way/623722343","arrivalWayClass":"footway","arrivalDistance":36.6,"approach":[91,271],"facing":332,"dropoff":[-0.1839503,5.6507295],"dropoffWay":"osm:way/278303102","dropoffWayName":"Dr. J.B. Danquah Avenue","dropoffDistance":105,"legClear":true,"status":"inferred"},"geometry":{"type":"Point","coordinates":[-0.1848181,5.6510624]}},{"type":"Feature","id":"access:place:osm:way/394125223","properties":{"role":"entrance","place":"School Of Nursing and Midwifery","placeId":"place:osm:way/394125223","kind":"academic","footprint":"osm:way/394125223","entranceType":"inferred frontage","method":"frontage","evidence":"no mapped entrance or access way: the side nearest the network","confidence":"low","arrival":[-0.1898557,5.653612],"arrivalWay":"osm:way/715023113","arrivalWayClass":"service","arrivalDistance":0.5,"approach":[163,343],"facing":253,"dropoff":[-0.1898557,5.653612],"dropoffWay":"osm:way/715023113","dropoffDistance":0.5,"legClear":true,"status":"inferred"},"geometry":{"type":"Point","coordinates":[-0.1898814,5.6536023]}},{"type":"Feature","id":"access:place:osm:way/394125232","properties":{"role":"entrance","place":"Legon Interdenominational Church","placeId":"place:osm:way/394125232","kind":"worship","footprint":"osm:way/394125232","entranceType":"inferred frontage","method":"frontage","evidence":"no mapped entrance or access way: the side nearest the network","confidence":"low","arrival":[-0.1901319,5.6555613],"arrivalWay":"osm:way/690589815","arrivalWayClass":"service","arrivalDistance":13.4,"approach":[174,354],"facing":264,"dropoff":[-0.1901319,5.6555613],"dropoffWay":"osm:way/690589815","dropoffDistance":13.4,"legClear":true,"status":"inferred"},"geometry":{"type":"Point","coordinates":[-0.1902736,5.6555573]}},{"type":"Feature","id":"access:place:osm:way/394125236","properties":{"role":"entrance","place":"K. A. Busia Building, KAB","placeId":"place:osm:way/394125236","kind":"academic","footprint":"osm:way/394125236","entranceType":"inferred frontage","method":"frontage","evidence":"no mapped entrance or access way: the side nearest the network","confidence":"low","arrival":[-0.1824938,5.6529842],"arrivalWay":"osm:way/187988180","arrivalWayName":"Annie Jiagge Road","arrivalWayClass":"residential","arrivalDistance":30,"approach":[0,180],"facing":270,"dropoff":[-0.1824938,5.6529842],"dropoffWay":"osm:way/187988180","dropoffWayName":"Annie Jiagge Road","dropoffDistance":30,"legClear":true,"status":"unverified"},"geometry":{"type":"Point","coordinates":[-0.1827844,5.6529742]}},{"type":"Feature","id":"access:place:osm:way/394125239","properties":{"role":"entrance","place":"Legon Hall Annex B","placeId":"place:osm:way/394125239","kind":"hall","footprint":"osm:way/394125239","entranceType":"hall entrance","method":"curated","evidence":"Owner's photo of Annex B (entrance marked): the entrance is on the ground floor at the east end of the gallery face, the north face with the stair tower; the top view marks it there too.","cite":"owner-annexes","confidence":"high","arrival":[-0.1882157,5.6469526],"arrivalWay":"owner:legon-annex-b-walk","arrivalWayName":"Legon Hall Annex B walk","arrivalWayClass":"footway","arrivalDistance":0,"approach":[180,0],"facing":110,"dropoff":[-0.1879562,5.6469285],"dropoffWay":"osm:way/278303105","dropoffWayName":"Agyei Bart Crescent","dropoffDistance":23.2,"legClear":true,"status":"verified","refs":["owner's annex photos and top views (entrances marked)"],"approachText":"To the ground-floor entrance at the east end of the north (gallery) face."},"geometry":{"type":"Point","coordinates":[-0.1881878,5.6469333]}},{"type":"Feature","id":"access:place:osm:way/394125240","properties":{"role":"entrance","place":"Legon Hall Annex A","placeId":"place:osm:way/394125240","kind":"hall","footprint":"osm:way/394125240","entranceType":"hall entrance","method":"curated","evidence":"Owner: Legon Hall Annex A and B are one design and face the same way; the entrance is on the ground floor at the east end of the gallery face (north), marked on the owner's photo of Annex B and the top view.","cite":"owner-annexes","confidence":"high","arrival":[-0.1881878,5.6481773],"arrivalWay":"osm:way/300288071","arrivalWayName":"E.A. Boateng Road","arrivalWayClass":"residential","arrivalDistance":0.4,"approach":[269,89],"facing":167,"dropoff":[-0.188141,5.6478031],"dropoffWay":"osm:way/1230500289","dropoffDistance":17,"legClear":true,"status":"verified","refs":["owner's annex photos and top views (entrances marked)"],"approachText":"To the ground-floor entrance at the east end of the north (gallery) face."},"geometry":{"type":"Point","coordinates":[-0.1881877,5.6479567]}},{"type":"Feature","id":"access:place:osm:way/394125244","properties":{"role":"entrance","place":"University of Ghana Basic School","placeId":"place:osm:way/394125244","kind":"academic","footprint":"osm:way/394125244","entranceType":"gate","method":"gate","evidence":"osm:node/13444506049 barrier=gate","confidence":"high","arrival":[-0.1881221,5.6436548],"arrivalWay":"osm:way/1465763817","arrivalWayClass":"service","arrivalDistance":0,"approach":[0,180],"facing":180,"dropoff":[-0.1881221,5.6436548],"dropoffWay":"osm:way/1465763817","dropoffDistance":0,"legClear":true,"status":"mapped"},"geometry":{"type":"Point","coordinates":[-0.1881221,5.6436548]}},{"type":"Feature","id":"access:place:osm:way/413019082","properties":{"role":"entrance","place":"Ayido Valley Flat Block A","placeId":"place:osm:way/413019082","kind":"academic","footprint":"osm:way/413019082","entranceType":"inferred frontage","method":"frontage","evidence":"no mapped entrance or access way: the side nearest the network","confidence":"low","arrival":[-0.1910455,5.6428985],"arrivalWay":"osm:way/637876327","arrivalWayClass":"service","arrivalDistance":7.1,"approach":[315,135],"facing":45,"dropoff":[-0.1910455,5.6428985],"dropoffWay":"osm:way/637876327","dropoffDistance":7.1,"legClear":true,"status":"inferred"},"geometry":{"type":"Point","coordinates":[-0.1909781,5.642939]}},{"type":"Feature","id":"access:place:osm:way/413019083","properties":{"role":"entrance","place":"Ayido Valley Flat Block B","placeId":"place:osm:way/413019083","kind":"academic","footprint":"osm:way/413019083","entranceType":"inferred frontage","method":"frontage","evidence":"no mapped entrance or access way: the side nearest the network","confidence":"low","arrival":[-0.1916519,5.6425574],"arrivalWay":"osm:way/715079746","arrivalWayClass":"service","arrivalDistance":8.1,"approach":[131,311],"facing":41,"dropoff":[-0.1916519,5.6425574],"dropoffWay":"osm:way/715079746","dropoffDistance":8.1,"legClear":true,"status":"inferred"},"geometry":{"type":"Point","coordinates":[-0.1915821,5.6426073]}},{"type":"Feature","id":"access:place:osm:way/413019084","properties":{"role":"entrance","place":"Ayido Valley Flat Block C","placeId":"place:osm:way/413019084","kind":"academic","footprint":"osm:way/413019084","entranceType":"inferred frontage","method":"frontage","evidence":"no mapped entrance or access way: the side nearest the network","confidence":"low","arrival":[-0.1922127,5.6422337],"arrivalWay":"osm:way/1534750821","arrivalWayClass":"service","arrivalDistance":4.7,"approach":[112,292],"facing":22,"dropoff":[-0.1922127,5.6422337],"dropoffWay":"osm:way/1534750821","dropoffDistance":4.7,"legClear":true,"status":"inferred"},"geometry":{"type":"Point","coordinates":[-0.1921747,5.6422676]}},{"type":"Feature","id":"access:place:osm:way/413019085","properties":{"role":"entrance","place":"Ayido Valley Flat Block D","placeId":"place:osm:way/413019085","kind":"academic","footprint":"osm:way/413019085","entranceType":"inferred frontage","method":"frontage","evidence":"no mapped entrance or access way: the side nearest the network","confidence":"low","arrival":[-0.1928781,5.6419211],"arrivalWay":"osm:way/1535480922","arrivalWayClass":"service","arrivalDistance":4.3,"approach":[293,113],"facing":23,"dropoff":[-0.1928781,5.6419211],"dropoffWay":"osm:way/1535480922","dropoffDistance":4.3,"legClear":true,"status":"inferred"},"geometry":{"type":"Point","coordinates":[-0.1928813,5.6419694]}},{"type":"Feature","id":"access:place:osm:way/413019086","properties":{"role":"entrance","place":"Ayido Valley Flat Block E","placeId":"place:osm:way/413019086","kind":"academic","footprint":"osm:way/413019086","entranceType":"inferred frontage","method":"frontage","evidence":"no mapped entrance or access way: the side nearest the network","confidence":"low","arrival":[-0.1924239,5.6428554],"arrivalWay":"osm:way/637876326","arrivalWayClass":"service","arrivalDistance":29.5,"approach":[315,135],"facing":225,"dropoff":[-0.1924239,5.6428554],"dropoffWay":"osm:way/637876326","dropoffDistance":29.5,"legClear":true,"status":"inferred"},"geometry":{"type":"Point","coordinates":[-0.1926344,5.6426724]}},{"type":"Feature","id":"access:place:osm:way/421358832","properties":{"role":"entrance","place":"Akuafo Hall Annex","placeId":"place:osm:way/421358832","kind":"hall","footprint":"osm:way/421358832","entranceType":"vehicle","method":"area-entry","evidence":"osm:way/603511034 (service) enters the area here","confidence":"medium","arrival":[-0.1861281,5.6477847],"arrivalWay":"osm:way/603511034","arrivalWayClass":"service","arrivalDistance":0,"approach":[90,270],"facing":180,"dropoff":[-0.1861281,5.6477847],"dropoffWay":"osm:way/603511034","dropoffDistance":0,"legClear":true,"status":"mapped"},"geometry":{"type":"Point","coordinates":[-0.1861281,5.6477847]}},{"type":"Feature","id":"access:place:osm:way/421358833","properties":{"role":"entrance","place":"Akuafo Hall Main","placeId":"place:osm:way/421358833","kind":"hall","footprint":"osm:way/394125203","entranceType":"hall entrance","method":"curated","evidence":"akuafo_hall_layout (registered to OSM): the forecourt footway (OSM 606687250 / 603522802) leaves the avenue and passes through the arch of this north block into the circular fountain court; akuafo_hall_entrance: stone-paved forecourt with curved paths and circular planters at the entrance. Previous entrance was an inferred point on the service road east of the hall. Owner's photo of the entrance with the gate marked agrees.","cite":"user-layouts","confidence":"high","arrival":[-0.1856545,5.6504796],"arrivalWay":"osm:way/603522802","arrivalWayClass":"footway","arrivalDistance":0.1,"approach":[182,2],"facing":176,"dropoff":[-0.1856556,5.6505726],"dropoffWay":"osm:way/448225216","dropoffWayName":"Dr. J.B. Danquah Avenue","dropoffDistance":0.7,"legClear":true,"status":"verified","refs":["akuafo_hall_layout_labeled.png","akuafo_hall_entrance_labeled.png","atlas sheet 2","akuafo_entrance (owner photo, gate marked)"],"stop":"outside","approachText":"Off the avenue's southern carriageway onto the forecourt footway, to the arched gatehouse that leads into the fountain court."},"geometry":{"type":"Point","coordinates":[-0.1856557,5.6503865]}},{"type":"Feature","id":"access:place:osm:way/425289611","properties":{"role":"entrance","place":"Physics Department, University of Ghana","placeId":"place:osm:way/425289611","kind":"academic","footprint":"osm:way/425289611","entranceType":"inferred frontage","method":"frontage","evidence":"no mapped entrance or access way: the side nearest the network","confidence":"low","arrival":[-0.185224,5.6510772],"arrivalWay":"osm:way/1230499286","arrivalWayClass":"service","arrivalDistance":6.7,"approach":[181,1],"facing":173,"dropoff":[-0.185224,5.6510772],"dropoffWay":"osm:way/1230499286","dropoffDistance":6.7,"legClear":true,"status":"inferred"},"geometry":{"type":"Point","coordinates":[-0.1852393,5.6510192]}},{"type":"Feature","id":"access:place:osm:way/425291272","properties":{"role":"entrance","place":"RSGIS Lab, Legon","placeId":"place:osm:way/425291272","kind":"academic","footprint":"osm:way/425291272","entranceType":"inferred frontage","method":"frontage","evidence":"no mapped entrance or access way: the side nearest the network","confidence":"low","arrival":[-0.1837246,5.6510779],"arrivalWay":"osm:way/187988195","arrivalWayClass":"residential","arrivalDistance":14.9,"approach":[180,360],"facing":90,"dropoff":[-0.1837246,5.6510779],"dropoffWay":"osm:way/187988195","dropoffDistance":14.9,"legClear":true,"status":"inferred"},"geometry":{"type":"Point","coordinates":[-0.183585,5.6511011]}},{"type":"Feature","id":"access:place:osm:way/427645339","properties":{"role":"entrance","place":"Legon Hall","placeId":"place:osm:way/427645339","kind":"hall","footprint":"osm:way/394125209","entranceType":"hall entrance","method":"curated","evidence":"Business listings place the Legon Hall Porters Lodge on J. B. Danquah Road (the avenue). legon_hall_layout (registered to OSM): the hall's spine footway (OSM 1186587902/614159986) runs north to this block; atlas sheet 2 shows a paved forecourt from the avenue to its north face. legon_hall_entrance photo: arched front with a paved forecourt. Note: Apple's 'Legon Hall' pin sits on OSM 'Maison Francais' to the east, which is a different building. Owner's photo of the entrance with the gate marked agrees.","cite":"legon-porters-lodge","confidence":"high","arrival":[-0.188409,5.6505595],"arrivalWay":"osm:way/448224302","arrivalWayName":"Dr. J.B. Danquah Avenue","arrivalWayClass":"unclassified","arrivalDistance":0.2,"approach":[93,273],"facing":187,"dropoff":[-0.188409,5.6505595],"dropoffWay":"osm:way/448224302","dropoffWayName":"Dr. J.B. Danquah Avenue","dropoffDistance":0.2,"legClear":true,"status":"verified","refs":["legon_hall_layout_labeled.png","legon_hall_entrance_labeled.png","atlas sheet 2","legon_entrance (owner photo, gate marked)"],"stop":"outside","approachText":"Along the avenue's southern carriageway, turn into the paved forecourt on the hall's axis and stop at the north front."},"geometry":{"type":"Point","coordinates":[-0.1884269,5.6503835]}},{"type":"Feature","id":"access:place:osm:way/427645339:secondary-1","properties":{"role":"secondary-entrance","place":"Legon Hall","label":"Legon Hall Southern Gate","entranceType":"pedestrian","evidence":"Apple label 'Legon Hall Southern Gate' in legon_hall_layout"},"geometry":{"type":"Point","coordinates":[-0.1884184,5.6502376]}},{"type":"Feature","id":"access:place:osm:way/427646284","properties":{"role":"entrance","place":"Graduate School, Legon","placeId":"place:osm:way/427646284","kind":"academic","footprint":"osm:way/427646284","entranceType":"inferred frontage","method":"frontage","evidence":"no mapped entrance or access way: the side nearest the network","confidence":"low","arrival":[-0.190575,5.652987],"arrivalWay":"osm:way/1469165876","arrivalWayClass":"service","arrivalDistance":10,"approach":[177,357],"facing":332,"dropoff":[-0.190575,5.652987],"dropoffWay":"osm:way/1469165876","dropoffDistance":10,"legClear":true,"status":"inferred"},"geometry":{"type":"Point","coordinates":[-0.1906285,5.6530864]}},{"type":"Feature","id":"access:place:osm:way/430197431","properties":{"role":"entrance","place":"School of Law","placeId":"place:osm:way/430197431","kind":"academic","footprint":"osm:way/430197431","entranceType":"public entrance","method":"curated","evidence":"Owner photos: the entrance is the glass doors at the foot of the round entrance building (the LAW crest above), reached up wide steps from the courtyard, with the long four-storey block to its right and the tiled south block to its left. Placed on the layout photo registered to Google's footprint: the rotunda's face toward the courtyard, which opens to the road on the east.","cite":"owner-vikings-law","confidence":"high","arrival":[-0.1827117,5.6540003],"arrivalWay":"osm:way/600999967","arrivalWayClass":"service","arrivalDistance":0.1,"approach":[1,181],"facing":270,"dropoff":[-0.1827117,5.6539957],"dropoffWay":"osm:way/600999967","dropoffDistance":42.6,"legClear":true,"via":[[-0.1829295,5.6540003]],"status":"verified","refs":["law_entrance_1 (owner photo, doors marked)","law_entrance_2 (owner photo, doors marked)","law_school_layout_labeled.png"],"approachText":"From the road on the east into the paved courtyard, then up the steps to the glass doors of the round entrance building."},"geometry":{"type":"Point","coordinates":[-0.1831187,5.6540003]}},{"type":"Feature","id":"access:place:osm:way/430197433","properties":{"role":"entrance","place":"J.H. Kwabena Nketia Archives","placeId":"place:osm:way/430197433","kind":"academic","footprint":"osm:way/430197433","entranceType":"inferred frontage","method":"frontage","evidence":"no mapped entrance or access way: the side nearest the network","confidence":"low","arrival":[-0.1813293,5.6499921],"arrivalWay":"osm:way/1145609353","arrivalWayClass":"service","arrivalDistance":4.6,"approach":[92,272],"facing":2,"dropoff":[-0.1813293,5.6499921],"dropoffWay":"osm:way/1145609353","dropoffDistance":4.6,"legClear":true,"status":"inferred"},"geometry":{"type":"Point","coordinates":[-0.1813208,5.6500556]}},{"type":"Feature","id":"access:place:osm:way/430197435","properties":{"role":"entrance","place":"School of Performing Arts","placeId":"place:osm:way/430197435","kind":"academic","footprint":"osm:way/430197435","entranceType":"drop-off","method":"drive-access","evidence":"osm:way/1145609350 (service) runs up to the building","confidence":"medium","arrival":[-0.1813942,5.6497974],"arrivalWay":"osm:way/278303073","arrivalWayName":"La Road","arrivalWayClass":"unclassified","arrivalDistance":0.3,"approach":[180,0],"facing":90,"dropoff":[-0.1813942,5.6497974],"dropoffWay":"osm:way/278303073","dropoffWayName":"La Road","dropoffDistance":0.3,"legClear":true,"status":"mapped"},"geometry":{"type":"Point","coordinates":[-0.1813692,5.6497971]}},{"type":"Feature","id":"access:place:osm:way/430197436","properties":{"role":"entrance","place":"Statistics","placeId":"place:osm:way/430197436","kind":"academic","footprint":"osm:way/430197436","entranceType":"inferred frontage","method":"frontage","evidence":"no mapped entrance or access way: the side nearest the network","confidence":"low","arrival":[-0.1839392,5.6541258],"arrivalWay":"osm:way/187988181","arrivalWayClass":"service","arrivalDistance":6,"approach":[96,276],"facing":186,"dropoff":[-0.1839392,5.6541258],"dropoffWay":"osm:way/187988181","dropoffDistance":6,"legClear":true,"status":"inferred"},"geometry":{"type":"Point","coordinates":[-0.1839657,5.6540632]}},{"type":"Feature","id":"access:place:osm:way/430197438","properties":{"role":"entrance","place":"Maths Dept","placeId":"place:osm:way/430197438","kind":"academic","footprint":"osm:way/430197438","entranceType":"inferred frontage","method":"frontage","evidence":"no mapped entrance or access way: the side nearest the network","confidence":"low","arrival":[-0.183473,5.6539059],"arrivalWay":"osm:way/430197447","arrivalWayName":"Annie Jiagge Road","arrivalWayClass":"residential","arrivalDistance":15.7,"approach":[179,359],"facing":269,"dropoff":[-0.183473,5.6539059],"dropoffWay":"osm:way/430197447","dropoffWayName":"Annie Jiagge Road","dropoffDistance":15.7,"legClear":true,"status":"inferred"},"geometry":{"type":"Point","coordinates":[-0.1836368,5.6538991]}},{"type":"Feature","id":"access:place:osm:way/430197439","properties":{"role":"entrance","place":"Dance practical room","placeId":"place:osm:way/430197439","kind":"other","footprint":"osm:way/430197439","entranceType":"inferred frontage","method":"frontage","evidence":"no mapped entrance or access way: the side nearest the network","confidence":"low","arrival":[-0.1813911,5.6494004],"arrivalWay":"osm:way/278303073","arrivalWayName":"La Road","arrivalWayClass":"unclassified","arrivalDistance":0.4,"approach":[180,360],"facing":90,"dropoff":[-0.1813911,5.6494004],"dropoffWay":"osm:way/278303073","dropoffWayName":"La Road","dropoffDistance":0.4,"legClear":true,"status":"inferred"},"geometry":{"type":"Point","coordinates":[-0.1813667,5.6493914]}},{"type":"Feature","id":"access:place:osm:way/439907842","properties":{"role":"entrance","place":"Social Work Department","placeId":"place:osm:way/439907842","kind":"academic","footprint":"osm:way/439907842","entranceType":"inferred frontage","method":"frontage","evidence":"no mapped entrance or access way: the side nearest the network","confidence":"low","arrival":[-0.1874967,5.6545981],"arrivalWay":"osm:way/1536108851","arrivalWayClass":"service","arrivalDistance":4.8,"approach":[360,180],"facing":270,"dropoff":[-0.1874967,5.6545981],"dropoffWay":"osm:way/1536108851","dropoffDistance":4.8,"legClear":true,"status":"inferred"},"geometry":{"type":"Point","coordinates":[-0.1875436,5.6546204]}},{"type":"Feature","id":"access:place:osm:way/439908018","properties":{"role":"entrance","place":"NNB Washroom","placeId":"place:osm:way/439908018","kind":"other","footprint":"osm:way/439908018","entranceType":"inferred frontage","method":"frontage","evidence":"no mapped entrance or access way: the side nearest the network","confidence":"low","arrival":[-0.1881458,5.6562626],"arrivalWay":"osm:way/1534747548","arrivalWayClass":"residential","arrivalDistance":11.9,"approach":[95,275],"facing":112,"dropoff":[-0.1881458,5.6562626],"dropoffWay":"osm:way/1534747548","dropoffDistance":11.9,"legClear":true,"status":"inferred"},"geometry":{"type":"Point","coordinates":[-0.1880274,5.6562096]}},{"type":"Feature","id":"access:place:osm:way/440338448","properties":{"role":"entrance","place":"Faculty of Arts, Languages","placeId":"place:osm:way/440338448","kind":"academic","footprint":"osm:way/440338448","entranceType":"public entrance","method":"curated","evidence":"Blue mark on the owner's aerial (circled red: two floors).","cite":"owner-balme","confidence":"high","arrival":[-0.1884046,5.6507695],"arrivalWay":"osm:way/1192435465","arrivalWayClass":"footway","arrivalDistance":24.1,"approach":[0,180],"facing":308,"dropoff":[-0.1884049,5.6507291],"dropoffWay":"osm:way/278303089","dropoffWayName":"Dr. J.B. Danquah Avenue","dropoffDistance":27.1,"legClear":true,"status":"verified","refs":["owner's marked aerial of the Balme Library surroundings"],"approachText":"To the west end of the north face."},"geometry":{"type":"Point","coordinates":[-0.1885533,5.650909]}},{"type":"Feature","id":"access:place:osm:way/440339204","properties":{"role":"entrance","place":"UGBS extention","placeId":"place:osm:way/440339204","kind":"other","footprint":"osm:way/440339204","entranceType":"inferred frontage","method":"frontage","evidence":"no mapped entrance or access way: the side nearest the network","confidence":"low","arrival":[-0.187842,5.6525694],"arrivalWay":"osm:way/278303097","arrivalWayName":"W.E.B. Dubois Road","arrivalWayClass":"residential","arrivalDistance":4.3,"approach":[0,180],"facing":270,"dropoff":[-0.187842,5.6525694],"dropoffWay":"osm:way/278303097","dropoffWayName":"W.E.B. Dubois Road","dropoffDistance":4.3,"legClear":true,"status":"inferred"},"geometry":{"type":"Point","coordinates":[-0.187892,5.652589]}},{"type":"Feature","id":"access:place:osm:way/444286327","properties":{"role":"entrance","place":"Florence A.Dolphyne Charlets","placeId":"place:osm:way/444286327","kind":"other","footprint":"osm:way/444286327","entranceType":"inferred frontage","method":"frontage","evidence":"no mapped entrance or access way: the side nearest the network","confidence":"low","arrival":[-0.1982446,5.6411054],"arrivalWay":"osm:way/637876324","arrivalWayName":"Link Gate","arrivalWayClass":"residential","arrivalDistance":4.1,"approach":[289,109],"facing":19,"dropoff":[-0.1982446,5.6411054],"dropoffWay":"osm:way/637876324","dropoffWayName":"Link Gate","dropoffDistance":4.1,"legClear":true,"status":"inferred"},"geometry":{"type":"Point","coordinates":[-0.1982121,5.6411497]}},{"type":"Feature","id":"access:place:osm:way/448104179","properties":{"role":"entrance","place":"Kuffour Quadrangle","placeId":"place:osm:way/448104179","kind":"landmark","footprint":"osm:way/448104179","entranceType":"public open space","method":"curated","evidence":"Radio Univers: 'Balme Library Gardens / Kuffuor Quadrangle', behind the library. Atlas sheet 2 shows the symmetric formal garden with its central axis aligned on the library.","cite":"univers-level100","confidence":"medium","arrival":[-0.1870486,5.6527444],"arrivalWay":"osm:way/448104208","arrivalWayClass":"footway","arrivalDistance":3.1,"approach":[270,90],"facing":0,"dropoff":[-0.1870489,5.6525948],"dropoffWay":"osm:way/278303084","dropoffDistance":19.6,"legClear":true,"status":"partial","refs":["atlas sheet 2"],"approachText":"Behind (north of) the Balme Library; enter the formal garden from its south edge on the central path."},"geometry":{"type":"Point","coordinates":[-0.1870485,5.6527721]}},{"type":"Feature","id":"access:place:osm:way/448104181","properties":{"role":"entrance","place":"Office of The Dean of Students","placeId":"place:osm:way/448104181","kind":"other","footprint":"osm:way/448104181","entranceType":"public entrance","method":"curated","evidence":"Blue mark on the owner's aerial (circled black: a ground floor only).","cite":"owner-balme","confidence":"high","arrival":[-0.1878439,5.651245],"arrivalWay":"osm:way/278303097","arrivalWayName":"W.E.B. Dubois Road","arrivalWayClass":"residential","arrivalDistance":26.9,"approach":[0,180],"facing":90,"dropoff":[-0.1878439,5.651245],"dropoffWay":"osm:way/278303097","dropoffWayName":"W.E.B. Dubois Road","dropoffDistance":26.9,"legClear":true,"status":"verified","refs":["owner's marked aerial of the Balme Library surroundings"],"approachText":"To the middle of the south face."},"geometry":{"type":"Point","coordinates":[-0.1876019,5.6512673]}},{"type":"Feature","id":"access:place:osm:way/448104184","properties":{"role":"entrance","place":"Legon Post Office","placeId":"place:osm:way/448104184","kind":"other","footprint":"osm:way/448104184","entranceType":"public entrance","method":"curated","evidence":"Blue mark on the owner's aerial (circled black: a ground floor only).","cite":"owner-balme","confidence":"high","arrival":[-0.1878443,5.6509748],"arrivalWay":"osm:way/278303097","arrivalWayName":"W.E.B. Dubois Road","arrivalWayClass":"residential","arrivalDistance":24.1,"approach":[0,180],"facing":90,"dropoff":[-0.1878443,5.6509748],"dropoffWay":"osm:way/278303097","dropoffWayName":"W.E.B. Dubois Road","dropoffDistance":24.1,"legClear":true,"status":"verified","refs":["owner's marked aerial of the Balme Library surroundings"],"approachText":"To the middle of the north face, across from the Dean of Students."},"geometry":{"type":"Point","coordinates":[-0.187629,5.650952]}},{"type":"Feature","id":"access:place:osm:way/452652833","properties":{"role":"entrance","place":"Agric Science Extension","placeId":"place:osm:way/452652833","kind":"academic","footprint":"osm:way/452652833","entranceType":"inferred frontage","method":"frontage","evidence":"no mapped entrance or access way: the side nearest the network","confidence":"low","arrival":[-0.1841225,5.6494155],"arrivalWay":"osm:way/278303093","arrivalWayName":"Onyaa Road","arrivalWayClass":"residential","arrivalDistance":16.8,"approach":[270,90],"facing":360,"dropoff":[-0.1841225,5.6494155],"dropoffWay":"osm:way/278303093","dropoffWayName":"Onyaa Road","dropoffDistance":16.8,"legClear":true,"status":"inferred"},"geometry":{"type":"Point","coordinates":[-0.1841371,5.6495854]}},{"type":"Feature","id":"access:place:osm:way/452701541","properties":{"role":"entrance","place":"Ghana Dance Ensemble","placeId":"place:osm:way/452701541","kind":"other","footprint":"osm:way/452701541","entranceType":"inferred frontage","method":"frontage","evidence":"no mapped entrance or access way: the side nearest the network","confidence":"low","arrival":[-0.1809332,5.6504971],"arrivalWay":"osm:way/300288066","arrivalWayName":"Dr. J.B. Danquah Avenue","arrivalWayClass":"unclassified","arrivalDistance":4.5,"approach":[89,269],"facing":179,"dropoff":[-0.1809332,5.6504971],"dropoffWay":"osm:way/300288066","dropoffWayName":"Dr. J.B. Danquah Avenue","dropoffDistance":4.5,"legClear":true,"status":"inferred"},"geometry":{"type":"Point","coordinates":[-0.1809547,5.6504517]}},{"type":"Feature","id":"access:place:osm:way/463637990","properties":{"role":"entrance","place":"New Pent Block C","placeId":"place:osm:way/463637990","kind":"hall","footprint":"osm:way/394252477","entranceType":"hall entrance","method":"curated","evidence":"Owner's aerial (marked, registered); same design as Block A (owner).","cite":"owner-pentagon","confidence":"high","arrival":[-0.180862,5.6576981],"arrivalWay":"osm:way/335456893","arrivalWayClass":"residential","arrivalDistance":49,"approach":[88,268],"facing":358,"dropoff":[-0.180862,5.6576981],"dropoffWay":"osm:way/335456893","dropoffDistance":49,"legClear":true,"status":"verified","refs":["pentagon_layout (owner, entrances marked)","new_pent_block (owner photo)"],"approachText":"From the car park south of the block to the entrance pavilion in its central wing."},"geometry":{"type":"Point","coordinates":[-0.1809012,5.6581432]}},{"type":"Feature","id":"access:place:osm:way/464683570","properties":{"role":"entrance","place":"University of Ghana Medical Center Limited","placeId":"place:osm:way/464683570","kind":"health","footprint":"osm:way/464683570","entranceType":"vehicle","method":"area-entry","evidence":"osm:way/1153076180 (service) enters the area here","confidence":"medium","arrival":[-0.1863139,5.6340224],"arrivalWay":"osm:way/1153076180","arrivalWayClass":"service","arrivalDistance":0,"approach":[148,328],"facing":90,"dropoff":[-0.1863139,5.6340224],"dropoffWay":"osm:way/1153076180","dropoffDistance":0,"legClear":true,"status":"unverified"},"geometry":{"type":"Point","coordinates":[-0.1863139,5.6340224]}},{"type":"Feature","id":"access:place:osm:way/486634897","properties":{"role":"entrance","place":"Mensah Sarbah Vikings Hostel","placeId":"place:osm:way/486634897","kind":"hall","footprint":"osm:way/486634897","entranceType":"hall entrance","method":"curated","evidence":"Owner's front photo: the big entrance area is the single-storey block with the VIKINGS HOSTEL sign, its door at the left of the block; owner's aerial: the same block in the inner corner of the L (south of the east wing, east of the long wing), facing the car park. OSM maps the block as the extension at 156-171.5 x, 832.5-840.5 z.","cite":"owner-vikings-law","confidence":"high","arrival":[-0.1856412,5.6441279],"arrivalWay":"osm:way/1230529664","arrivalWayClass":"residential","arrivalDistance":5.5,"approach":[83,263],"facing":353,"dropoff":[-0.1856412,5.6441279],"dropoffWay":"osm:way/1230529664","dropoffDistance":5.5,"legClear":true,"status":"verified","refs":["vikings_front (owner photo, entrances marked)","vikings_aerial (owner, entrances marked)","vikings_south_end (owner photo)","vikings_hostel_layout_labeled.png"],"approachText":"From the car park south of the hostel to the single-storey VIKINGS HOSTEL entrance block in the inner corner of the L."},"geometry":{"type":"Point","coordinates":[-0.1856512,5.6441992]}},{"type":"Feature","id":"access:place:osm:way/486634897:secondary-1","properties":{"role":"secondary-entrance","place":"Mensah Sarbah Vikings Hostel","label":"door at the foot of the long wing's south end","entranceType":"hall entrance","evidence":"Owner's front photo and aerial: a second door at the south end of the long wing (the small mark on the left)."},"geometry":{"type":"Point","coordinates":[-0.1857324,5.6441752]}},{"type":"Feature","id":"access:place:osm:way/492099497","properties":{"role":"entrance","place":"African Studies Dept","placeId":"place:osm:way/492099497","kind":"academic","footprint":"osm:way/492099497","entranceType":"inferred frontage","method":"frontage","evidence":"no mapped entrance or access way: the side nearest the network","confidence":"low","arrival":[-0.1821671,5.6510767],"arrivalWay":"osm:way/1562029271","arrivalWayClass":"service","arrivalDistance":7.7,"approach":[358,178],"facing":88,"dropoff":[-0.1821671,5.6510767],"dropoffWay":"osm:way/1562029271","dropoffDistance":7.7,"legClear":true,"status":"inferred"},"geometry":{"type":"Point","coordinates":[-0.1820759,5.6510828]}},{"type":"Feature","id":"access:place:osm:way/492099500","properties":{"role":"entrance","place":"University of Ghana Sports Directorate","placeId":"place:osm:way/492099500","kind":"sport","footprint":"osm:way/492099500","entranceType":"inferred frontage","method":"frontage","evidence":"no mapped entrance or access way: the side nearest the network","confidence":"low","arrival":[-0.1814684,5.6395081],"arrivalWay":"osm:way/1230249852","arrivalWayClass":"service","arrivalDistance":7.4,"approach":[268,88],"facing":358,"dropoff":[-0.1814684,5.6395081],"dropoffWay":"osm:way/1230249852","dropoffDistance":7.4,"legClear":true,"status":"inferred"},"geometry":{"type":"Point","coordinates":[-0.1814776,5.6395969]}},{"type":"Feature","id":"access:place:osm:way/492099514","properties":{"role":"entrance","place":"Archeology Lecturers Offices","placeId":"place:osm:way/492099514","kind":"academic","footprint":"osm:way/492099514","entranceType":"inferred frontage","method":"frontage","evidence":"no mapped entrance or access way: the side nearest the network","confidence":"low","arrival":[-0.1813636,5.6528855],"arrivalWay":"osm:way/637693253","arrivalWayClass":"residential","arrivalDistance":0.2,"approach":[1,181],"facing":91,"dropoff":[-0.1813636,5.6528855],"dropoffWay":"osm:way/637693253","dropoffDistance":0.2,"legClear":true,"status":"inferred"},"geometry":{"type":"Point","coordinates":[-0.1813398,5.6528806]}},{"type":"Feature","id":"access:place:osm:way/492099517","properties":{"role":"entrance","place":"Geography Lecturers office","placeId":"place:osm:way/492099517","kind":"academic","footprint":"osm:way/492099517","entranceType":"inferred frontage","method":"frontage","evidence":"no mapped entrance or access way: the side nearest the network","confidence":"low","arrival":[-0.1826778,5.6513306],"arrivalWay":"osm:way/702097194","arrivalWayClass":"service","arrivalDistance":0.9,"approach":[269,89],"facing":359,"dropoff":[-0.1826778,5.6513306],"dropoffWay":"osm:way/702097194","dropoffDistance":0.9,"legClear":true,"status":"inferred"},"geometry":{"type":"Point","coordinates":[-0.1826731,5.6513163]}},{"type":"Feature","id":"access:place:osm:way/492099521","properties":{"role":"entrance","place":"Public Affairs Directorate","placeId":"place:osm:way/492099521","kind":"other","footprint":"osm:way/492099521","entranceType":"inferred frontage","method":"frontage","evidence":"no mapped entrance or access way: the side nearest the network","confidence":"low","arrival":[-0.195527,5.6511693],"arrivalWay":"osm:way/1561770162","arrivalWayClass":"service","arrivalDistance":4.8,"approach":[0,180],"facing":195,"dropoff":[-0.195527,5.6511693],"dropoffWay":"osm:way/1561770162","dropoffDistance":4.8,"legClear":true,"status":"inferred"},"geometry":{"type":"Point","coordinates":[-0.1955183,5.6511173]}},{"type":"Feature","id":"access:place:osm:way/492099525","properties":{"role":"entrance","place":"Distance Education Center","placeId":"place:osm:way/492099525","kind":"academic","footprint":"osm:way/492099525","entranceType":"inferred frontage","method":"frontage","evidence":"no mapped entrance or access way: the side nearest the network","confidence":"low","arrival":[-0.1813953,5.6509345],"arrivalWay":"osm:way/424526317","arrivalWayClass":"residential","arrivalDistance":8.5,"approach":[359,179],"facing":89,"dropoff":[-0.1813953,5.6509345],"dropoffWay":"osm:way/424526317","dropoffDistance":8.5,"legClear":true,"status":"inferred"},"geometry":{"type":"Point","coordinates":[-0.1813121,5.6509576]}},{"type":"Feature","id":"access:place:osm:way/492099527","properties":{"role":"entrance","place":"Cash office","placeId":"place:osm:way/492099527","kind":"other","footprint":"osm:way/492099527","entranceType":"inferred frontage","method":"frontage","evidence":"no mapped entrance or access way: the side nearest the network","confidence":"low","arrival":[-0.1953441,5.6499759],"arrivalWay":"osm:way/720486437","arrivalWayClass":"service","arrivalDistance":16.4,"approach":[4,184],"facing":7,"dropoff":[-0.1953441,5.6499759],"dropoffWay":"osm:way/720486437","dropoffDistance":16.4,"legClear":true,"status":"inferred"},"geometry":{"type":"Point","coordinates":[-0.1953459,5.6501344]}},{"type":"Feature","id":"access:place:osm:way/492099529","properties":{"role":"entrance","place":"communication dept","placeId":"place:osm:way/492099529","kind":"academic","footprint":"osm:way/492099529","entranceType":"inferred frontage","method":"frontage","evidence":"no mapped entrance or access way: the side nearest the network","confidence":"low","arrival":[-0.1813881,5.6516781],"arrivalWay":"osm:way/424526317","arrivalWayClass":"residential","arrivalDistance":40.4,"approach":[3,183],"facing":93,"dropoff":[-0.1813881,5.6516781],"dropoffWay":"osm:way/424526317","dropoffDistance":40.4,"legClear":true,"status":"inferred"},"geometry":{"type":"Point","coordinates":[-0.1810188,5.6516387]}},{"type":"Feature","id":"access:place:osm:way/492099532","properties":{"role":"entrance","place":"college of education","placeId":"place:osm:way/492099532","kind":"academic","footprint":"osm:way/492099532","entranceType":"inferred frontage","method":"frontage","evidence":"no mapped entrance or access way: the side nearest the network","confidence":"low","arrival":[-0.1813619,5.6530331],"arrivalWay":"osm:way/637693253","arrivalWayClass":"residential","arrivalDistance":1.9,"approach":[1,181],"facing":91,"dropoff":[-0.1813619,5.6530331],"dropoffWay":"osm:way/637693253","dropoffDistance":1.9,"legClear":true,"status":"inferred"},"geometry":{"type":"Point","coordinates":[-0.1813226,5.6530373]}},{"type":"Feature","id":"access:place:osm:way/492099537","properties":{"role":"entrance","place":"Dance practical venue","placeId":"place:osm:way/492099537","kind":"other","footprint":"osm:way/492099537","entranceType":"pedestrian","method":"path-access","evidence":"osm:way/1446340789 (footway) runs up to the building","confidence":"medium","arrival":[-0.1808375,5.6487687],"arrivalWay":"osm:way/1446340789","arrivalWayClass":"footway","arrivalDistance":2,"approach":[272,92],"facing":2,"dropoff":[-0.1808654,5.6487697],"dropoffWay":"osm:way/614162083","dropoffDistance":3.7,"legClear":true,"status":"mapped"},"geometry":{"type":"Point","coordinates":[-0.1808593,5.648789]}},{"type":"Feature","id":"access:place:osm:way/492099546","properties":{"role":"entrance","place":"Department of Archaelogy","placeId":"place:osm:way/492099546","kind":"academic","footprint":"osm:way/492099546","entranceType":"drop-off","method":"drive-access","evidence":"osm:way/720888947 (service) runs up to the building","confidence":"medium","arrival":[-0.1813641,5.6521876],"arrivalWay":"osm:way/424526317","arrivalWayClass":"residential","arrivalDistance":0.7,"approach":[360,180],"facing":90,"dropoff":[-0.1813641,5.6521876],"dropoffWay":"osm:way/424526317","dropoffDistance":0.7,"legClear":true,"status":"mapped"},"geometry":{"type":"Point","coordinates":[-0.1813349,5.6521864]}},{"type":"Feature","id":"access:place:osm:way/492729604","properties":{"role":"entrance","place":"The Baby Nest","placeId":"place:osm:way/492729604","kind":"other","footprint":"osm:way/492729604","entranceType":"gate","method":"gate","evidence":"osm:node/12378718462 barrier=gate","confidence":"high","arrival":[-0.1976618,5.6418675],"arrivalWay":"osm:way/1338281009","arrivalWayClass":"service","arrivalDistance":0,"approach":[136,316],"facing":180,"dropoff":[-0.1976618,5.6418675],"dropoffWay":"osm:way/1338281009","dropoffDistance":0,"legClear":true,"status":"mapped"},"geometry":{"type":"Point","coordinates":[-0.1976618,5.6418675]}},{"type":"Feature","id":"access:place:osm:way/492729606","properties":{"role":"entrance","place":"University of Ghana Guest Centre","placeId":"place:osm:way/492729606","kind":"academic","footprint":"osm:way/492729606","entranceType":"vehicle","method":"area-entry","evidence":"osm:way/1535841116 (service) enters the area here","confidence":"medium","arrival":[-0.1895906,5.6454034],"arrivalWay":"osm:way/1535841116","arrivalWayClass":"service","arrivalDistance":0,"approach":[203,23],"facing":180,"dropoff":[-0.1895906,5.6454034],"dropoffWay":"osm:way/1535841116","dropoffDistance":0,"legClear":true,"status":"mapped"},"geometry":{"type":"Point","coordinates":[-0.1895906,5.6454034]}},{"type":"Feature","id":"access:place:osm:way/492729612","properties":{"role":"entrance","place":"Career and councelling dept","placeId":"place:osm:way/492729612","kind":"academic","footprint":"osm:way/492729612","entranceType":"public entrance","method":"curated","evidence":"Owner: every building in this zone is a ground-floor bungalow with one door; it is on the side toward the road.","cite":"owner-west-legon","confidence":"high","arrival":[-0.1904526,5.6494134],"arrivalWay":"osm:way/300288071","arrivalWayName":"E.A. Boateng Road","arrivalWayClass":"residential","arrivalDistance":3.9,"approach":[22,202],"facing":112,"dropoff":[-0.1904526,5.6494134],"dropoffWay":"osm:way/300288071","dropoffWayName":"E.A. Boateng Road","dropoffDistance":3.9,"legClear":true,"status":"verified","refs":["owner's photos and aerial west of Legon Hall"],"approachText":"To the door of the bungalow on the side toward the road."},"geometry":{"type":"Point","coordinates":[-0.1903975,5.6494043]}},{"type":"Feature","id":"access:place:osm:way/492729695","properties":{"role":"entrance","place":"Confusious Institute","placeId":"place:osm:way/492729695","kind":"academic","footprint":"osm:way/492729695","entranceType":"public entrance","method":"curated","evidence":"Owner's map: the lane from the road on the east runs to the Confucius Institute's east end.","cite":"owner-west-legon","confidence":"high","arrival":[-0.1895164,5.6490643],"arrivalWay":"osm:way/1535328988","arrivalWayClass":"service","arrivalDistance":3,"approach":[270,90],"facing":209,"dropoff":[-0.1895164,5.6490643],"dropoffWay":"osm:way/1535328988","dropoffDistance":3,"legClear":true,"status":"verified","refs":["owner's photos and aerial west of Legon Hall"],"approachText":"From the lane off the road on the east to the door at the east end."},"geometry":{"type":"Point","coordinates":[-0.1895522,5.6490408]}},{"type":"Feature","id":"access:place:osm:way/492729719","properties":{"role":"entrance","place":"Language Center","placeId":"place:osm:way/492729719","kind":"academic","footprint":"osm:way/492729719","entranceType":"public entrance","method":"curated","evidence":"Owner's map: the Language Center fronts the road on its east side.","cite":"owner-west-legon","confidence":"high","arrival":[-0.1893532,5.6498747],"arrivalWay":"osm:way/715033294","arrivalWayClass":"service","arrivalDistance":6.3,"approach":[198,18],"facing":262,"dropoff":[-0.1893532,5.6498747],"dropoffWay":"osm:way/715033294","dropoffDistance":6.3,"legClear":true,"status":"verified","refs":["owner's photos and aerial west of Legon Hall"],"approachText":"From the road on the east to the door in the middle of the east face."},"geometry":{"type":"Point","coordinates":[-0.1894322,5.6498665]}},{"type":"Feature","id":"access:place:osm:way/497853937","properties":{"role":"entrance","place":"Commonwealth Hall","placeId":"place:osm:way/497853937","kind":"hall","footprint":"osm:way/603511025","entranceType":"hall entrance","method":"curated","evidence":"Owner: the two single-storey gate houses mark the way into the Commonwealth grounds; between them the stairway climbs the hill to the main entrance, whose gate is in the middle of the two-storey front block (owner's photos, gate marked). The aerial (registered) puts the front block across the east end, on the avenue axis.","cite":"owner-commonwealth","confidence":"high","arrival":[-0.19139,5.6506424],"arrivalWay":"osm:way/492729895","arrivalWayClass":"service","arrivalDistance":0,"approach":[0,180],"facing":273,"dropoff":[-0.19139,5.6506476],"dropoffWay":"osm:way/492729895","dropoffDistance":13.4,"legClear":true,"status":"verified","refs":["commonwealth_gatehouses_and_stairs (owner photo)","commonwealth_stairs (owner photo)","commonwealth_main_entrance (owner photo, gate marked)","commonwealth_aerial (owner, storeys marked)","commonwealth_front_from_above (owner photo)"],"approachText":"On foot: between the two gate houses at the end of the avenue and up the long stairway to the drive, then into the main entrance (the gate in the middle of the front block). By road: the drive round the front."},"geometry":{"type":"Point","coordinates":[-0.1915335,5.6506479]}},{"type":"Feature","id":"access:place:osm:way/497853937:secondary-1","properties":{"role":"secondary-entrance","place":"Commonwealth Hall","label":"the gate houses at the foot of the stairway","entranceType":"pedestrian","evidence":"Owner's photo: two small single-storey buildings either side of the foot of the stairway, by the road at the end of the avenue."},"geometry":{"type":"Point","coordinates":[-0.1904039,5.6506424]}},{"type":"Feature","id":"access:place:osm:way/497853938","properties":{"role":"entrance","place":"Mensah Sarbah Hall","placeId":"place:osm:way/497853938","kind":"hall","footprint":"osm:way/300288063","entranceType":"hall entrance (porters' lodge)","method":"curated","evidence":"Owner: the entrance is the Administration and Porters' Lodge on the north side, its gate in the middle of the front toward the semicircular drive (owner's aerial photo with the building and gate marked, and the owner's panorama of the hall with the entrance marked: a two-storey building with a small lantern, joined to the wings either side). OSM: the drive is way 1540994843 and the building way 300288063. The building with the tall gold lantern, seven tall louvred windows and the stone terrace (the owner's court photo) is the dining hall across the court on the south, as the panorama shows.","cite":"owner-sarbah-akuafo-legon","confidence":"high","arrival":[-0.187055,5.6463904],"arrivalWay":"osm:way/1540994843","arrivalWayClass":"service","arrivalDistance":0.2,"approach":[94,274],"facing":181,"dropoff":[-0.1870509,5.6463901],"dropoffWay":"osm:way/1540994843","dropoffDistance":8.6,"legClear":true,"status":"verified","refs":["sarbah_front_aerial (owner, entrance and gate marked)","sarbah_panorama (owner, entrance marked)","sarbah_court (owner: the dining hall's court side)","mensah_sarbah_hall_layout_labeled.png"],"stop":"outside","approachText":"Along Mensah Sarbah Crescent into the semicircular drive in front of the porters' lodge archway."},"geometry":{"type":"Point","coordinates":[-0.1870558,5.6462904]}},{"type":"Feature","id":"access:place:osm:way/503106587","properties":{"role":"entrance","place":"family health shio","placeId":"place:osm:way/503106587","kind":"other","footprint":"osm:way/503106587","entranceType":"inferred frontage","method":"frontage","evidence":"no mapped entrance or access way: the side nearest the network","confidence":"low","arrival":[-0.1788894,5.6482419],"arrivalWay":"osm:way/634964251","arrivalWayClass":"service","arrivalDistance":4.2,"approach":[97,277],"facing":187,"dropoff":[-0.1788894,5.6482419],"dropoffWay":"osm:way/634964251","dropoffDistance":4.2,"legClear":true,"status":"inferred"},"geometry":{"type":"Point","coordinates":[-0.1788835,5.6481847]}},{"type":"Feature","id":"access:place:osm:way/530270654","properties":{"role":"entrance","place":"Department of Plant Biology","placeId":"place:osm:way/530270654","kind":"academic","footprint":"osm:way/530270654","entranceType":"inferred frontage","method":"frontage","evidence":"no mapped entrance or access way: the side nearest the network","confidence":"low","arrival":[-0.1833967,5.6548591],"arrivalWay":"osm:way/335456895","arrivalWayClass":"residential","arrivalDistance":8.3,"approach":[88,268],"facing":178,"dropoff":[-0.1833967,5.6548591],"dropoffWay":"osm:way/335456895","dropoffDistance":8.3,"legClear":true,"status":"inferred"},"geometry":{"type":"Point","coordinates":[-0.1834001,5.654762]}},{"type":"Feature","id":"access:place:osm:way/548467899","properties":{"role":"entrance","place":"Accountancy House","placeId":"place:osm:way/548467899","kind":"other","footprint":"osm:way/548467899","entranceType":"inferred frontage","method":"frontage","evidence":"no mapped entrance or access way: the side nearest the network","confidence":"low","arrival":[-0.170621,5.643315],"arrivalWay":"osm:way/353967347","arrivalWayClass":"service","arrivalDistance":4,"approach":[270,90],"facing":203,"dropoff":[-0.170621,5.643315],"dropoffWay":"osm:way/353967347","dropoffDistance":4,"legClear":true,"status":"inferred"},"geometry":{"type":"Point","coordinates":[-0.1706219,5.6432637]}},{"type":"Feature","id":"access:place:osm:way/565872090","properties":{"role":"entrance","place":"Modern language department","placeId":"place:osm:way/565872090","kind":"academic","footprint":"osm:way/565872090","entranceType":"public entrance","method":"curated","evidence":"Owner's aerial: the car-port canopy and the car park on the building's east side; the photos show the glazed bay of tall columns there.","cite":"owner-west-legon","confidence":"high","arrival":[-0.1895164,5.6490643],"arrivalWay":"osm:way/1535328988","arrivalWayClass":"service","arrivalDistance":46,"approach":[270,90],"facing":342,"dropoff":[-0.1895164,5.6490643],"dropoffWay":"osm:way/1535328988","dropoffDistance":46,"legClear":true,"status":"verified","refs":["owner's photos and aerial west of Legon Hall"],"approachText":"From the car park on the east side to the glazed bay under the car-port canopy."},"geometry":{"type":"Point","coordinates":[-0.1896644,5.6494613]}},{"type":"Feature","id":"access:place:osm:way/570664019","properties":{"role":"entrance","place":"GM Plaza","placeId":"place:osm:way/570664019","kind":"other","footprint":"osm:way/570664019","entranceType":"inferred frontage","method":"frontage","evidence":"no mapped entrance or access way: the side nearest the network","confidence":"low","arrival":[-0.1734807,5.641227],"arrivalWay":"osm:way/513647989","arrivalWayName":"La Bawaleshi Road","arrivalWayClass":"secondary","arrivalDistance":8.1,"approach":[86,266],"facing":356,"dropoff":[-0.1734807,5.641227],"dropoffWay":"osm:way/513647989","dropoffWayName":"La Bawaleshi Road","dropoffDistance":8.1,"legClear":true,"status":"inferred"},"geometry":{"type":"Point","coordinates":[-0.173501,5.641317]}},{"type":"Feature","id":"access:place:osm:way/602455608","properties":{"role":"entrance","place":"Academic Registry Public Relation Department","placeId":"place:osm:way/602455608","kind":"academic","footprint":"osm:way/602455608","entranceType":"inferred frontage","method":"frontage","evidence":"no mapped entrance or access way: the side nearest the network","confidence":"low","arrival":[-0.199593,5.636542],"arrivalWay":"osm:way/478930723","arrivalWayClass":"service","arrivalDistance":55.4,"approach":[329,149],"facing":208,"dropoff":[-0.199593,5.636542],"dropoffWay":"osm:way/478930723","dropoffDistance":55.4,"legClear":true,"status":"inferred"},"geometry":{"type":"Point","coordinates":[-0.199834,5.636078]}},{"type":"Feature","id":"access:place:osm:way/602455662","properties":{"role":"entrance","place":"Business Department","placeId":"place:osm:way/602455662","kind":"academic","footprint":"osm:way/602455662","entranceType":"inferred frontage","method":"frontage","evidence":"no mapped entrance or access way: the side nearest the network","confidence":"low","arrival":[-0.1995933,5.636242],"arrivalWay":"osm:way/478930723","arrivalWayClass":"service","arrivalDistance":4,"approach":[0,180],"facing":90,"dropoff":[-0.1995933,5.636242],"dropoffWay":"osm:way/478930723","dropoffDistance":4,"legClear":true,"status":"inferred"},"geometry":{"type":"Point","coordinates":[-0.199547,5.636222]}},{"type":"Feature","id":"access:place:osm:way/602455677","properties":{"role":"entrance","place":"Porter's lodge","placeId":"place:osm:way/602455677","kind":"other","footprint":"osm:way/602455677","entranceType":"inferred frontage","method":"frontage","evidence":"no mapped entrance or access way: the side nearest the network","confidence":"low","arrival":[-0.1993331,5.6345215],"arrivalWay":"osm:way/146922944","arrivalWayClass":"service","arrivalDistance":21.4,"approach":[282,102],"facing":12,"dropoff":[-0.1993331,5.6345215],"dropoffWay":"osm:way/146922944","dropoffDistance":21.4,"legClear":true,"status":"inferred"},"geometry":{"type":"Point","coordinates":[-0.199275,5.634724]}},{"type":"Feature","id":"access:place:osm:way/618249628","properties":{"role":"entrance","place":"The Office of the Provost of College of Education (ISSER Annex)","placeId":"place:osm:way/618249628","kind":"academic","footprint":"osm:way/618249628","entranceType":"inferred frontage","method":"frontage","evidence":"no mapped entrance or access way: the side nearest the network","confidence":"low","arrival":[-0.1839947,5.6552465],"arrivalWay":"osm:way/1537114516","arrivalWayClass":"residential","arrivalDistance":19.6,"approach":[359,179],"facing":269,"dropoff":[-0.1839947,5.6552465],"dropoffWay":"osm:way/1537114516","dropoffDistance":19.6,"legClear":true,"status":"inferred"},"geometry":{"type":"Point","coordinates":[-0.184179,5.6552644]}},{"type":"Feature","id":"access:place:osm:way/623719175","properties":{"role":"entrance","place":"Science Resource Centre","placeId":"place:osm:way/623719175","kind":"academic","footprint":"osm:way/623719175","entranceType":"inferred frontage","method":"frontage","evidence":"no mapped entrance or access way: the side nearest the network","confidence":"low","arrival":[-0.1748685,5.6644138],"arrivalWay":"osm:way/745389995","arrivalWayClass":"footway","arrivalDistance":1,"approach":[270,90],"facing":0,"dropoff":[-0.1738516,5.6644433],"dropoffWay":"osm:way/448742102","dropoffDistance":112.7,"legClear":true,"status":"inferred"},"geometry":{"type":"Point","coordinates":[-0.1748828,5.6644401]}},{"type":"Feature","id":"access:place:osm:way/623719176","properties":{"role":"entrance","place":"New Labs","placeId":"place:osm:way/623719176","kind":"academic","footprint":"osm:way/623719176","entranceType":"inferred frontage","method":"frontage","evidence":"no mapped entrance or access way: the side nearest the network","confidence":"low","arrival":[-0.1753494,5.6646748],"arrivalWay":"osm:way/745389994","arrivalWayClass":"footway","arrivalDistance":4.7,"approach":[87,267],"facing":357,"dropoff":[-0.1762245,5.6644981],"dropoffWay":"osm:way/448742102","dropoffDistance":99.7,"legClear":true,"status":"inferred"},"geometry":{"type":"Point","coordinates":[-0.1753589,5.664739]}},{"type":"Feature","id":"access:place:osm:way/623719181","properties":{"role":"entrance","place":"Old Labs 1","placeId":"place:osm:way/623719181","kind":"academic","footprint":"osm:way/623719181","entranceType":"inferred frontage","method":"frontage","evidence":"no mapped entrance or access way: the side nearest the network","confidence":"low","arrival":[-0.1754447,5.6634158],"arrivalWay":"osm:way/745390014","arrivalWayClass":"footway","arrivalDistance":6.5,"approach":[179,359],"facing":89,"dropoff":[-0.1762923,5.6638763],"dropoffWay":"osm:way/448742102","dropoffDistance":112.6,"legClear":true,"status":"inferred"},"geometry":{"type":"Point","coordinates":[-0.1753642,5.66341]}},{"type":"Feature","id":"access:place:osm:way/623719183","properties":{"role":"entrance","place":"Old Labs 2","placeId":"place:osm:way/623719183","kind":"academic","footprint":"osm:way/623719183","entranceType":"inferred frontage","method":"frontage","evidence":"no mapped entrance or access way: the side nearest the network","confidence":"low","arrival":[-0.1755108,5.6635165],"arrivalWay":"osm:way/745390014","arrivalWayClass":"footway","arrivalDistance":6.8,"approach":[95,275],"facing":5,"dropoff":[-0.1762905,5.6635728],"dropoffWay":"osm:way/448742102","dropoffDistance":87,"legClear":true,"status":"inferred"},"geometry":{"type":"Point","coordinates":[-0.1754839,5.6635838]}},{"type":"Feature","id":"access:place:osm:way/623719184","properties":{"role":"entrance","place":"P.E Department","placeId":"place:osm:way/623719184","kind":"academic","footprint":"osm:way/623719184","entranceType":"inferred frontage","method":"frontage","evidence":"no mapped entrance or access way: the side nearest the network","confidence":"low","arrival":[-0.1763767,5.661683],"arrivalWay":"osm:way/959983601","arrivalWayClass":"service","arrivalDistance":23.6,"approach":[126,306],"facing":303,"dropoff":[-0.1763767,5.661683],"dropoffWay":"osm:way/959983601","dropoffDistance":23.6,"legClear":true,"status":"inferred"},"geometry":{"type":"Point","coordinates":[-0.1765759,5.6617933]}},{"type":"Feature","id":"access:place:osm:way/623719189","properties":{"role":"entrance","place":"Government Block","placeId":"place:osm:way/623719189","kind":"academic","footprint":"osm:way/623719189","entranceType":"inferred frontage","method":"frontage","evidence":"no mapped entrance or access way: the side nearest the network","confidence":"low","arrival":[-0.1762889,5.6633116],"arrivalWay":"osm:way/448742102","arrivalWayClass":"service","arrivalDistance":10,"approach":[180,360],"facing":90,"dropoff":[-0.1762889,5.6633116],"dropoffWay":"osm:way/448742102","dropoffDistance":10,"legClear":true,"status":"inferred"},"geometry":{"type":"Point","coordinates":[-0.1761769,5.6633179]}},{"type":"Feature","id":"access:place:osm:way/628957891","properties":{"role":"entrance","place":"Bush Canteen (near Department of Music)","placeId":"place:osm:way/628957891","kind":"food","footprint":"osm:way/628957891","entranceType":"inferred frontage","method":"frontage","evidence":"no mapped entrance or access way: the side nearest the network","confidence":"low","arrival":[-0.1797509,5.6458349],"arrivalWay":"osm:way/634956633","arrivalWayClass":"path","arrivalDistance":13.3,"approach":[353,173],"facing":268,"dropoff":[-0.1793442,5.645936],"dropoffWay":"osm:way/448225219","dropoffWayName":"J.J. Rawlings Avenue","dropoffDistance":59.5,"legClear":true,"status":"inferred"},"geometry":{"type":"Point","coordinates":[-0.1798713,5.6458316]}},{"type":"Feature","id":"access:place:osm:way/631051066","properties":{"role":"entrance","place":"saint thomas acquinas","placeId":"place:osm:way/631051066","kind":"other","footprint":"osm:way/631051066","entranceType":"inferred frontage","method":"frontage","evidence":"no mapped entrance or access way: the side nearest the network","confidence":"low","arrival":[-0.1899861,5.6549776],"arrivalWay":"osm:way/690589816","arrivalWayClass":"service","arrivalDistance":5.8,"approach":[85,265],"facing":175,"dropoff":[-0.1899861,5.6549776],"dropoffWay":"osm:way/690589816","dropoffDistance":5.8,"legClear":true,"status":"inferred"},"geometry":{"type":"Point","coordinates":[-0.1899818,5.6549257]}},{"type":"Feature","id":"access:place:osm:way/642128755","properties":{"role":"entrance","place":"University Staff House","placeId":"place:osm:way/642128755","kind":"other","footprint":"osm:way/642128755","entranceType":"inferred frontage","method":"frontage","evidence":"no mapped entrance or access way: the side nearest the network","confidence":"low","arrival":[-0.1742593,5.6526531],"arrivalWay":"osm:way/1088384803","arrivalWayClass":"residential","arrivalDistance":8.5,"approach":[359,179],"facing":269,"dropoff":[-0.1742593,5.6526531],"dropoffWay":"osm:way/1088384803","dropoffDistance":8.5,"legClear":true,"status":"inferred"},"geometry":{"type":"Point","coordinates":[-0.174352,5.652667]}},{"type":"Feature","id":"access:place:osm:way/642169311","properties":{"role":"entrance","place":"Eloise","placeId":"place:osm:way/642169311","kind":"other","footprint":"osm:way/642169311","entranceType":"inferred frontage","method":"frontage","evidence":"no mapped entrance or access way: the side nearest the network","confidence":"low","arrival":[-0.176153,5.6384988],"arrivalWay":"osm:way/177953982","arrivalWayName":"Djibouti Road","arrivalWayClass":"residential","arrivalDistance":18.2,"approach":[171,351],"facing":81,"dropoff":[-0.176153,5.6384988],"dropoffWay":"osm:way/177953982","dropoffWayName":"Djibouti Road","dropoffDistance":18.2,"legClear":true,"status":"inferred"},"geometry":{"type":"Point","coordinates":[-0.1759683,5.638528]}},{"type":"Feature","id":"access:place:osm:way/665125607","properties":{"role":"entrance","place":"Legon City Mall","placeId":"place:osm:way/665125607","kind":"other","footprint":"osm:way/665125607","entranceType":"inferred frontage","method":"frontage","evidence":"no mapped entrance or access way: the side nearest the network","confidence":"low","arrival":[-0.1786391,5.6530368],"arrivalWay":"osm:way/637234257","arrivalWayClass":"service","arrivalDistance":1.8,"approach":[256,76],"facing":166,"dropoff":[-0.1786391,5.6530368],"dropoffWay":"osm:way/637234257","dropoffDistance":1.8,"legClear":true,"status":"inferred"},"geometry":{"type":"Point","coordinates":[-0.1786427,5.6530421]}},{"type":"Feature","id":"access:place:osm:way/665125612","properties":{"role":"entrance","place":"Computer Science Dept","placeId":"place:osm:way/665125612","kind":"academic","footprint":"osm:way/665125612","entranceType":"inferred frontage","method":"frontage","evidence":"no mapped entrance or access way: the side nearest the network","confidence":"low","arrival":[-0.1840599,5.6543356],"arrivalWay":"osm:way/761120135","arrivalWayClass":"service","arrivalDistance":16.9,"approach":[91,271],"facing":67,"dropoff":[-0.1840599,5.6543356],"dropoffWay":"osm:way/761120135","dropoffDistance":16.9,"legClear":true,"status":"inferred"},"geometry":{"type":"Point","coordinates":[-0.1838977,5.6544009]}},{"type":"Feature","id":"access:place:osm:way/665125613","properties":{"role":"entrance","place":"Absa (near Ernest Chemist)","placeId":"place:osm:way/665125613","kind":"bank","footprint":"osm:way/665125613","entranceType":"inferred frontage","method":"frontage","evidence":"no mapped entrance or access way: the side nearest the network","confidence":"low","arrival":[-0.1791047,5.6541993],"arrivalWay":"osm:way/1535099021","arrivalWayClass":"service","arrivalDistance":6.3,"approach":[84,264],"facing":174,"dropoff":[-0.1791047,5.6541993],"dropoffWay":"osm:way/1535099021","dropoffDistance":6.3,"legClear":true,"status":"inferred"},"geometry":{"type":"Point","coordinates":[-0.1790885,5.654122]}},{"type":"Feature","id":"access:place:osm:way/665125644","properties":{"role":"entrance","place":"Pilosoft Services","placeId":"place:osm:way/665125644","kind":"other","footprint":"osm:way/665125644","entranceType":"inferred frontage","method":"frontage","evidence":"no mapped entrance or access way: the side nearest the network","confidence":"low","arrival":[-0.1795705,5.6513129],"arrivalWay":"osm:way/278268703","arrivalWayClass":"residential","arrivalDistance":9.9,"approach":[270,90],"facing":180,"dropoff":[-0.1795705,5.6513129],"dropoffWay":"osm:way/278268703","dropoffDistance":9.9,"legClear":true,"status":"inferred"},"geometry":{"type":"Point","coordinates":[-0.1795494,5.6512142]}},{"type":"Feature","id":"access:place:osm:way/665125647","properties":{"role":"entrance","place":"Printing Shop","placeId":"place:osm:way/665125647","kind":"other","footprint":"osm:way/665125647","entranceType":"inferred frontage","method":"frontage","evidence":"no mapped entrance or access way: the side nearest the network","confidence":"low","arrival":[-0.1869403,5.6499989],"arrivalWay":"osm:way/278303083","arrivalWayName":"Dr. J.B. Danquah Avenue","arrivalWayClass":"residential","arrivalDistance":3.6,"approach":[2,182],"facing":92,"dropoff":[-0.1869403,5.6499989],"dropoffWay":"osm:way/278303083","dropoffWayName":"Dr. J.B. Danquah Avenue","dropoffDistance":3.6,"legClear":true,"status":"inferred"},"geometry":{"type":"Point","coordinates":[-0.186888,5.6499863]}},{"type":"Feature","id":"access:place:osm:way/665125653","properties":{"role":"entrance","place":"Old law faculty","placeId":"place:osm:way/665125653","kind":"academic","footprint":"osm:way/665125653","entranceType":"inferred frontage","method":"frontage","evidence":"no mapped entrance or access way: the side nearest the network","confidence":"low","arrival":[-0.1814647,5.6525972],"arrivalWay":"osm:way/424526309","arrivalWayClass":"service","arrivalDistance":5.1,"approach":[91,271],"facing":1,"dropoff":[-0.1814647,5.6525972],"dropoffWay":"osm:way/424526309","dropoffDistance":5.1,"legClear":true,"status":"inferred"},"geometry":{"type":"Point","coordinates":[-0.1814697,5.652665]}},{"type":"Feature","id":"access:place:osm:way/670708229","properties":{"role":"entrance","place":"Cedi Conference Centre","placeId":"place:osm:way/670708229","kind":"academic","footprint":"osm:way/670708229","entranceType":"public entrance","method":"curated","evidence":"Owner's photo of CEDI from the Volta side (the entrance porch with its red canopy marked) and the blue mark on the owner's aerial.","cite":"owner-balme","confidence":"high","arrival":[-0.1884953,5.6518475],"arrivalWay":"osm:way/954813765","arrivalWayClass":"service","arrivalDistance":14.5,"approach":[270,90],"facing":180,"dropoff":[-0.1884953,5.6518475],"dropoffWay":"osm:way/954813765","dropoffDistance":14.5,"legClear":true,"status":"verified","refs":["owner's marked aerial of the Balme Library surroundings","owner's photos of CEDI"],"approachText":"From the road on the Volta Hall side to the porch under the red canopy near the north end of the west face."},"geometry":{"type":"Point","coordinates":[-0.1884763,5.6517039]}},{"type":"Feature","id":"access:place:osm:way/670708229:secondary-1","properties":{"role":"secondary-entrance","place":"Cedi Conference Centre","label":"east doors under the name, toward the Balme Library","entranceType":"pedestrian","evidence":"Owner's photo of CEDI from the Balme Library side: the name across the top over the doors."},"geometry":{"type":"Point","coordinates":[-0.1880652,5.6515677]}},{"type":"Feature","id":"access:place:osm:way/672669960","properties":{"role":"entrance","place":"NBlock","placeId":"place:osm:way/672669960","kind":"academic","footprint":"osm:way/672669960","entranceType":"inferred frontage","method":"frontage","evidence":"no mapped entrance or access way: the side nearest the network","confidence":"low","arrival":[-0.1874971,5.6547617],"arrivalWay":"osm:way/1536108851","arrivalWayClass":"service","arrivalDistance":7.4,"approach":[360,180],"facing":84,"dropoff":[-0.1874971,5.6547617],"dropoffWay":"osm:way/1536108851","dropoffDistance":7.4,"legClear":true,"status":"inferred"},"geometry":{"type":"Point","coordinates":[-0.187411,5.654758]}},{"type":"Feature","id":"access:place:osm:way/708263265","properties":{"role":"entrance","place":"Mellow Foods, Accra","placeId":"place:osm:way/708263265","kind":"other","footprint":"osm:way/708263265","entranceType":"inferred frontage","method":"frontage","evidence":"no mapped entrance or access way: the side nearest the network","confidence":"low","arrival":[-0.1797157,5.6626802],"arrivalWay":"osm:way/753818133","arrivalWayClass":"service","arrivalDistance":4.8,"approach":[0,180],"facing":90,"dropoff":[-0.1797157,5.6626802],"dropoffWay":"osm:way/753818133","dropoffDistance":4.8,"legClear":true,"status":"inferred"},"geometry":{"type":"Point","coordinates":[-0.1796583,5.6626979]}},{"type":"Feature","id":"access:place:osm:way/714952651","properties":{"role":"entrance","place":"Dance office","placeId":"place:osm:way/714952651","kind":"other","footprint":"osm:way/714952651","entranceType":"inferred frontage","method":"frontage","evidence":"no mapped entrance or access way: the side nearest the network","confidence":"low","arrival":[-0.181392,5.6495202],"arrivalWay":"osm:way/278303073","arrivalWayName":"La Road","arrivalWayClass":"unclassified","arrivalDistance":13.2,"approach":[180,360],"facing":90,"dropoff":[-0.181392,5.6495202],"dropoffWay":"osm:way/278303073","dropoffWayName":"La Road","dropoffDistance":13.2,"legClear":true,"status":"inferred"},"geometry":{"type":"Point","coordinates":[-0.1812513,5.6495146]}},{"type":"Feature","id":"access:place:osm:way/714952652","properties":{"role":"entrance","place":"Dance washroom and store room","placeId":"place:osm:way/714952652","kind":"other","footprint":"osm:way/714952652","entranceType":"inferred frontage","method":"frontage","evidence":"no mapped entrance or access way: the side nearest the network","confidence":"low","arrival":[-0.1810491,5.6499801],"arrivalWay":"osm:way/1145609353","arrivalWayClass":"service","arrivalDistance":26.1,"approach":[92,272],"facing":180,"dropoff":[-0.1810491,5.6499801],"dropoffWay":"osm:way/1145609353","dropoffDistance":26.1,"legClear":true,"status":"inferred"},"geometry":{"type":"Point","coordinates":[-0.1810525,5.6497215]}},{"type":"Feature","id":"access:place:osm:way/715027982","properties":{"role":"entrance","place":"Balme Library extension","placeId":"place:osm:way/715027982","kind":"academic","footprint":"osm:way/715027982","entranceType":"inferred frontage","method":"frontage","evidence":"no mapped entrance or access way: the side nearest the network","confidence":"low","arrival":[-0.1878427,5.6517496],"arrivalWay":"osm:way/278303097","arrivalWayName":"W.E.B. Dubois Road","arrivalWayClass":"residential","arrivalDistance":3.1,"approach":[360,180],"facing":90,"dropoff":[-0.1878427,5.6517496],"dropoffWay":"osm:way/278303097","dropoffWayName":"W.E.B. Dubois Road","dropoffDistance":3.1,"legClear":true,"status":"inferred"},"geometry":{"type":"Point","coordinates":[-0.1877989,5.6517658]}},{"type":"Feature","id":"access:place:osm:way/715051479","properties":{"role":"entrance","place":"Sarbah field","placeId":"place:osm:way/715051479","kind":"sport","footprint":"osm:way/715051479","entranceType":"inferred frontage","method":"frontage","evidence":"no mapped entrance or access way: the side nearest the network","confidence":"low","arrival":[-0.1882263,5.6459282],"arrivalWay":"osm:way/353697505","arrivalWayName":"Mensah Sarbah Crescent","arrivalWayClass":"residential","arrivalDistance":3.9,"approach":[178,358],"facing":268,"dropoff":[-0.1882263,5.6459282],"dropoffWay":"osm:way/353697505","dropoffWayName":"Mensah Sarbah Crescent","dropoffDistance":3.9,"legClear":true,"status":"inferred"},"geometry":{"type":"Point","coordinates":[-0.1882615,5.6459271]}},{"type":"Feature","id":"access:place:osm:way/718588091","properties":{"role":"entrance","place":"Mensah Sarbah Hall Mosque","placeId":"place:osm:way/718588091","kind":"worship","footprint":"osm:way/718588091","entranceType":"inferred frontage","method":"frontage","evidence":"no mapped entrance or access way: the side nearest the network","confidence":"low","arrival":[-0.1864997,5.6452466],"arrivalWay":"osm:way/353697505","arrivalWayName":"Mensah Sarbah Crescent","arrivalWayClass":"residential","arrivalDistance":18.4,"approach":[90,270],"facing":0,"dropoff":[-0.1864997,5.6452466],"dropoffWay":"osm:way/353697505","dropoffWayName":"Mensah Sarbah Crescent","dropoffDistance":18.4,"legClear":true,"status":"inferred"},"geometry":{"type":"Point","coordinates":[-0.1864878,5.645433]}},{"type":"Feature","id":"access:place:osm:way/720486431","properties":{"role":"entrance","place":"Vice Chancellor's Residence","placeId":"place:osm:way/720486431","kind":"other","footprint":"osm:way/720486431","entranceType":"pedestrian","method":"path-access","evidence":"osm:way/720486430 (footway) runs up to the building","confidence":"medium","arrival":[-0.1970228,5.649438],"arrivalWay":"osm:way/720486430","arrivalWayClass":"footway","arrivalDistance":2.5,"approach":[236,56],"facing":326,"dropoff":[-0.1966008,5.6497704],"dropoffWay":"osm:way/394125243","dropoffWayName":"Vice Chancellor's Crescent","dropoffDistance":59.3,"legClear":true,"status":"mapped"},"geometry":{"type":"Point","coordinates":[-0.197056,5.6494476]}},{"type":"Feature","id":"access:place:osm:way/720486436","properties":{"role":"entrance","place":"Great Hall","placeId":"place:osm:way/720486436","kind":"landmark","footprint":"osm:way/720486436","entranceType":"public entrance","method":"curated","evidence":"great_hall_and_directorate_4: the public front is the gable end with three doors at the end of a long paved courtyard with lawn panels between low flanking wings, the tower beside it. great_hall_and_directorate_3: the opposite (west) end is the curved, terraced end above the loop road. Reference atlas sheet 2: the paved courtyard lies east of the hall, between it and the axial road loop (OSM way 424526319). Previous entrance (west side, at the turning circles) was the back of the hall.","cite":"user-layouts","confidence":"high","arrival":[-0.1951216,5.6506514],"arrivalWay":"osm:way/424526319","arrivalWayClass":"service","arrivalDistance":0.4,"approach":[180,0],"facing":328,"dropoff":[-0.1948657,5.6504542],"dropoffWay":"osm:way/1561770165","dropoffDistance":132,"legClear":true,"via":[[-0.1951882,5.65076],[-0.1954048,5.65076],[-0.1955132,5.6505972],[-0.1959916,5.6505972]],"status":"verified","refs":["great_hall_and_directorate_2_labeled.png","great_hall_and_directorate_3_labeled.png","great_hall_and_directorate_4_labeled.png","atlas sheet 2"],"stop":"outside","approachText":"Up Legon Hill on the axial road from the east, stop at its turning loop, then cross the Convocation courtyard west to the hall's east front."},"geometry":{"type":"Point","coordinates":[-0.1960608,5.6506516]}},{"type":"Feature","id":"access:place:osm:way/720486436:secondary-1","properties":{"role":"secondary-entrance","place":"Great Hall","label":"west turning circles (service / back of the hall)","entranceType":"vehicle","evidence":"OSM turning circles on the summit loop at the curved west end"},"geometry":{"type":"Point","coordinates":[-0.1963727,5.6506422]}},{"type":"Feature","id":"access:place:osm:way/741229194","properties":{"role":"entrance","place":"CREDIT UNION","placeId":"place:osm:way/741229194","kind":"bank","footprint":"osm:way/741229194","entranceType":"inferred frontage","method":"frontage","evidence":"no mapped entrance or access way: the side nearest the network","confidence":"low","arrival":[-0.1754429,5.6632091],"arrivalWay":"osm:way/745390014","arrivalWayClass":"footway","arrivalDistance":30.8,"approach":[179,359],"facing":240,"dropoff":[-0.1762876,5.6630928],"dropoffWay":"osm:way/448742102","dropoffDistance":67,"legClear":true,"status":"inferred"},"geometry":{"type":"Point","coordinates":[-0.1756993,5.6630532]}},{"type":"Feature","id":"access:place:osm:way/741871609","properties":{"role":"entrance","place":"Bungalow 9","placeId":"place:osm:way/741871609","kind":"other","footprint":"osm:way/741871609","entranceType":"inferred frontage","method":"frontage","evidence":"no mapped entrance or access way: the side nearest the network","confidence":"low","arrival":[-0.1727317,5.6609345],"arrivalWay":"osm:way/633162360","arrivalWayClass":"service","arrivalDistance":5.6,"approach":[180,0],"facing":90,"dropoff":[-0.1727317,5.6609345],"dropoffWay":"osm:way/633162360","dropoffDistance":5.6,"legClear":true,"status":"inferred"},"geometry":{"type":"Point","coordinates":[-0.172667,5.660952]}},{"type":"Feature","id":"access:place:osm:way/741871610","properties":{"role":"entrance","place":"Bungalow 11","placeId":"place:osm:way/741871610","kind":"other","footprint":"osm:way/741871610","entranceType":"inferred frontage","method":"frontage","evidence":"no mapped entrance or access way: the side nearest the network","confidence":"low","arrival":[-0.1732382,5.6611465],"arrivalWay":"osm:way/770618437","arrivalWayClass":"service","arrivalDistance":5.6,"approach":[1,181],"facing":91,"dropoff":[-0.1732382,5.6611465],"dropoffWay":"osm:way/770618437","dropoffDistance":5.6,"legClear":true,"status":"inferred"},"geometry":{"type":"Point","coordinates":[-0.173174,5.661128]}},{"type":"Feature","id":"access:place:osm:way/741871623","properties":{"role":"entrance","place":"New Assembly Hall","placeId":"place:osm:way/741871623","kind":"other","footprint":"osm:way/741871623","entranceType":"inferred frontage","method":"frontage","evidence":"no mapped entrance or access way: the side nearest the network","confidence":"low","arrival":[-0.1755056,5.6620501],"arrivalWay":"osm:way/959983600","arrivalWayClass":"service","arrivalDistance":6.3,"approach":[79,259],"facing":169,"dropoff":[-0.1755056,5.6620501],"dropoffWay":"osm:way/959983600","dropoffDistance":6.3,"legClear":true,"status":"inferred"},"geometry":{"type":"Point","coordinates":[-0.1754755,5.661982]}},{"type":"Feature","id":"access:place:osm:way/741871624","properties":{"role":"entrance","place":"Bungalow 8","placeId":"place:osm:way/741871624","kind":"other","footprint":"osm:way/741871624","entranceType":"inferred frontage","method":"frontage","evidence":"no mapped entrance or access way: the side nearest the network","confidence":"low","arrival":[-0.1720186,5.6607339],"arrivalWay":"osm:way/633162362","arrivalWayClass":"service","arrivalDistance":23.7,"approach":[90,270],"facing":360,"dropoff":[-0.1720186,5.6607339],"dropoffWay":"osm:way/633162362","dropoffDistance":23.7,"legClear":true,"status":"inferred"},"geometry":{"type":"Point","coordinates":[-0.172034,5.660965]}},{"type":"Feature","id":"access:place:osm:way/741871626","properties":{"role":"entrance","place":"Bungalow 17","placeId":"place:osm:way/741871626","kind":"other","footprint":"osm:way/741871626","entranceType":"inferred frontage","method":"frontage","evidence":"no mapped entrance or access way: the side nearest the network","confidence":"low","arrival":[-0.1726494,5.660733],"arrivalWay":"osm:way/633162362","arrivalWayClass":"service","arrivalDistance":6.9,"approach":[90,270],"facing":180,"dropoff":[-0.1726494,5.660733],"dropoffWay":"osm:way/633162362","dropoffDistance":6.9,"legClear":true,"status":"inferred"},"geometry":{"type":"Point","coordinates":[-0.172635,5.660653]}},{"type":"Feature","id":"access:place:osm:way/741871627","properties":{"role":"entrance","place":"Bungalow 16","placeId":"place:osm:way/741871627","kind":"other","footprint":"osm:way/741871627","entranceType":"inferred frontage","method":"frontage","evidence":"no mapped entrance or access way: the side nearest the network","confidence":"low","arrival":[-0.1730753,5.6607806],"arrivalWay":"osm:way/770618438","arrivalWayClass":"service","arrivalDistance":11.6,"approach":[89,269],"facing":179,"dropoff":[-0.1730753,5.6607806],"dropoffWay":"osm:way/770618438","dropoffDistance":11.6,"legClear":true,"status":"inferred"},"geometry":{"type":"Point","coordinates":[-0.173067,5.660654]}},{"type":"Feature","id":"access:place:osm:way/741871629","properties":{"role":"entrance","place":"Alumni Centre","placeId":"place:osm:way/741871629","kind":"academic","footprint":"osm:way/741871629","entranceType":"drop-off","method":"drive-access","evidence":"osm:way/1230524486 (service) runs up to the building","confidence":"medium","arrival":[-0.1719479,5.6607063],"arrivalWay":"osm:way/1230524486","arrivalWayClass":"service","arrivalDistance":1.1,"approach":[186,6],"facing":276,"dropoff":[-0.1719479,5.6607063],"dropoffWay":"osm:way/1230524486","dropoffDistance":1.1,"legClear":true,"status":"mapped"},"geometry":{"type":"Point","coordinates":[-0.1719681,5.6606871]}},{"type":"Feature","id":"access:place:osm:way/741871632","properties":{"role":"entrance","place":"Adminstration Block","placeId":"place:osm:way/741871632","kind":"academic","footprint":"osm:way/741871632","entranceType":"inferred frontage","method":"frontage","evidence":"no mapped entrance or access way: the side nearest the network","confidence":"low","arrival":[-0.1763618,5.6626783],"arrivalWay":"osm:way/448742102","arrivalWayClass":"service","arrivalDistance":9.6,"approach":[195,15],"facing":105,"dropoff":[-0.1763618,5.6626783],"dropoffWay":"osm:way/448742102","dropoffDistance":9.6,"legClear":true,"status":"inferred"},"geometry":{"type":"Point","coordinates":[-0.1762614,5.6626413]}},{"type":"Feature","id":"access:place:osm:way/744967425","properties":{"role":"entrance","place":"Laptop repairs and mobile shop infront of SRC","placeId":"place:osm:way/744967425","kind":"other","footprint":"osm:way/744967425","entranceType":"inferred frontage","method":"frontage","evidence":"no mapped entrance or access way: the side nearest the network","confidence":"low","arrival":[-0.1874221,5.6469994],"arrivalWay":"osm:way/637507513","arrivalWayClass":"service","arrivalDistance":7,"approach":[178,358],"facing":268,"dropoff":[-0.1874221,5.6469994],"dropoffWay":"osm:way/637507513","dropoffDistance":7,"legClear":true,"status":"inferred"},"geometry":{"type":"Point","coordinates":[-0.1874949,5.6469769]}},{"type":"Feature","id":"access:place:osm:way/744967433","properties":{"role":"entrance","place":"Energy building","placeId":"place:osm:way/744967433","kind":"academic","footprint":"osm:way/744967433","entranceType":"inferred frontage","method":"frontage","evidence":"no mapped entrance or access way: the side nearest the network","confidence":"low","arrival":[-0.1882099,5.6466138],"arrivalWay":"osm:way/353697505","arrivalWayName":"Mensah Sarbah Crescent","arrivalWayClass":"residential","arrivalDistance":6.1,"approach":[182,2],"facing":92,"dropoff":[-0.1882099,5.6466138],"dropoffWay":"osm:way/353697505","dropoffWayName":"Mensah Sarbah Crescent","dropoffDistance":6.1,"legClear":true,"status":"inferred"},"geometry":{"type":"Point","coordinates":[-0.1881349,5.6466014]}},{"type":"Feature","id":"access:place:osm:way/744968941","properties":{"role":"entrance","place":"Graduate Block C Legon Annex","placeId":"place:osm:way/744968941","kind":"hall","footprint":"osm:way/744968941","entranceType":"inferred frontage","method":"frontage","evidence":"no mapped entrance or access way: the side nearest the network","confidence":"low","arrival":[-0.1886491,5.6467518],"arrivalWay":"osm:way/637507512","arrivalWayClass":"service","arrivalDistance":15,"approach":[89,269],"facing":262,"dropoff":[-0.1886491,5.6467518],"dropoffWay":"osm:way/637507512","dropoffDistance":15,"legClear":true,"status":"inferred"},"geometry":{"type":"Point","coordinates":[-0.1887891,5.6467549]}},{"type":"Feature","id":"access:place:osm:way/744998451","properties":{"role":"entrance","place":"New Pent Block B","placeId":"place:osm:way/744998451","kind":"hall","footprint":"osm:way/744998453","entranceType":"hall entrance","method":"curated","evidence":"Owner's aerial (marked, registered); same design as Block A (owner).","cite":"owner-pentagon","confidence":"high","arrival":[-0.181968,5.6582842],"arrivalWay":"osm:way/335456894","arrivalWayClass":"residential","arrivalDistance":48.7,"approach":[268,88],"facing":304,"dropoff":[-0.181968,5.6582842],"dropoffWay":"osm:way/335456894","dropoffDistance":48.7,"legClear":true,"via":[[-0.1820359,5.6583296],[-0.1820359,5.6586732]],"status":"verified","refs":["pentagon_layout (owner, entrances marked)","new_pent_block (owner photo)"],"approachText":"From the car park south of the block to the entrance pavilion in its central wing."},"geometry":{"type":"Point","coordinates":[-0.1819696,5.6587407]}},{"type":"Feature","id":"access:place:osm:way/745007782","properties":{"role":"entrance","place":"New Pent Block A","placeId":"place:osm:way/745007782","kind":"hall","footprint":"osm:way/745007785","entranceType":"hall entrance","method":"curated","evidence":"Owner's aerial (marked, registered): the entrance is at the south face of the central cross-shaped wing; owner's photo: a projecting pavilion with a columned, arched porch under a small tile gable, an arched window high in the tower.","cite":"owner-pentagon","confidence":"high","arrival":[-0.1818987,5.6570598],"arrivalWay":"osm:way/335456891","arrivalWayClass":"residential","arrivalDistance":45.7,"approach":[266,86],"facing":319,"dropoff":[-0.1818987,5.6570598],"dropoffWay":"osm:way/335456891","dropoffDistance":45.7,"legClear":true,"via":[[-0.1820178,5.6571991],[-0.1819907,5.6574523]],"status":"verified","refs":["pentagon_layout (owner, entrances marked)","new_pent_block (owner photo)"],"approachText":"From the car park south of the block to the entrance pavilion in the middle of its central wing."},"geometry":{"type":"Point","coordinates":[-0.181904,5.6574786]}},{"type":"Feature","id":"access:place:osm:way/745381276","properties":{"role":"entrance","place":"Bin Area","placeId":"place:osm:way/745381276","kind":"other","footprint":"osm:way/745381276","entranceType":"inferred frontage","method":"frontage","evidence":"no mapped entrance or access way: the side nearest the network","confidence":"low","arrival":[-0.176292,5.6638197],"arrivalWay":"osm:way/448742102","arrivalWayClass":"service","arrivalDistance":2.3,"approach":[180,360],"facing":270,"dropoff":[-0.176292,5.6638197],"dropoffWay":"osm:way/448742102","dropoffDistance":2.3,"legClear":true,"status":"inferred"},"geometry":{"type":"Point","coordinates":[-0.1763127,5.6638196]}},{"type":"Feature","id":"access:place:osm:way/773864855","properties":{"role":"entrance","place":"Night Market","placeId":"place:osm:way/773864855","kind":"landmark","footprint":"owner:night-market","entranceType":"public entrance","method":"curated","evidence":"Owner's aerial: the market lies west of the banking square, its lanes open onto the road on the east side between the supermarket (north) and the stall sheds (south).","cite":"owner-night-market","confidence":"high","arrival":[-0.1860179,5.6426068],"arrivalWay":"osm:way/637710159","arrivalWayName":"Jubilee Link","arrivalWayClass":"unclassified","arrivalDistance":1,"approach":[182,2],"facing":272,"dropoff":[-0.1860179,5.6426068],"dropoffWay":"osm:way/637710159","dropoffWayName":"Jubilee Link","dropoffDistance":1,"legClear":true,"status":"verified","refs":["owner's aerial of the Night Market"],"approachText":"From the road along the east side of the market, between the supermarket and the stall rows."},"geometry":{"type":"Point","coordinates":[-0.1860274,5.6426071]}},{"type":"Feature","id":"access:place:osm:way/773892127","properties":{"role":"entrance","place":"Frank Torto Chemistry Building","placeId":"place:osm:way/773892127","kind":"academic","footprint":"osm:way/773892127","entranceType":"inferred frontage","method":"frontage","evidence":"no mapped entrance or access way: the side nearest the network","confidence":"low","arrival":[-0.1854146,5.6526317],"arrivalWay":"osm:way/1230499286","arrivalWayClass":"service","arrivalDistance":4.2,"approach":[90,270],"facing":360,"dropoff":[-0.1854146,5.6526317],"dropoffWay":"osm:way/1230499286","dropoffDistance":4.2,"legClear":true,"status":"inferred"},"geometry":{"type":"Point","coordinates":[-0.1854253,5.6526898]}},{"type":"Feature","id":"access:place:osm:way/797937346","properties":{"role":"entrance","place":"UGBS Graduate Campus","placeId":"place:osm:way/797937346","kind":"academic","footprint":"osm:way/797937346","entranceType":"vehicle","method":"area-entry","evidence":"osm:way/1215905529 (service) enters the area here","confidence":"medium","arrival":[-0.176956,5.6588095],"arrivalWay":"osm:way/1215905529","arrivalWayClass":"service","arrivalDistance":0,"approach":[257,77],"facing":180,"dropoff":[-0.176956,5.6588095],"dropoffWay":"osm:way/1215905529","dropoffDistance":0,"legClear":true,"status":"mapped"},"geometry":{"type":"Point","coordinates":[-0.176956,5.6588095]}},{"type":"Feature","id":"access:place:osm:way/892422134","properties":{"role":"entrance","place":"Library Pub","placeId":"place:osm:way/892422134","kind":"food","footprint":"osm:way/892422134","entranceType":"inferred frontage","method":"frontage","evidence":"no mapped entrance or access way: the side nearest the network","confidence":"low","arrival":[-0.176221,5.6409554],"arrivalWay":"osm:way/513647989","arrivalWayName":"La Bawaleshi Road","arrivalWayClass":"secondary","arrivalDistance":19.1,"approach":[80,260],"facing":170,"dropoff":[-0.176221,5.6409554],"dropoffWay":"osm:way/513647989","dropoffWayName":"La Bawaleshi Road","dropoffDistance":19.1,"legClear":true,"status":"inferred"},"geometry":{"type":"Point","coordinates":[-0.1761749,5.6407705]}},{"type":"Feature","id":"access:place:osm:way/936649722","properties":{"role":"entrance","place":"Atlantic Mall","placeId":"place:osm:way/936649722","kind":"other","footprint":"osm:way/936649722","entranceType":"inferred frontage","method":"frontage","evidence":"no mapped entrance or access way: the side nearest the network","confidence":"low","arrival":[-0.1778263,5.6676882],"arrivalWay":"osm:way/1117719539","arrivalWayClass":"service","arrivalDistance":0.4,"approach":[205,25],"facing":295,"dropoff":[-0.1778263,5.6676882],"dropoffWay":"osm:way/1117719539","dropoffDistance":0.4,"legClear":true,"status":"inferred"},"geometry":{"type":"Point","coordinates":[-0.1778388,5.6677101]}},{"type":"Feature","id":"access:place:ug-campus-map:adult-education","properties":{"role":"entrance","place":"Department of Adult Education","placeId":"place:ug-campus-map:adult-education","kind":"academic","footprint":null,"entranceType":"point","method":"point","evidence":"mapped as a point","confidence":"medium","arrival":[-0.1821677,5.6504617],"arrivalWay":"osm:way/1145609354","arrivalWayClass":"service","arrivalDistance":164.8,"approach":[2,182],"facing":46,"dropoff":[-0.1821677,5.6504617],"dropoffWay":"osm:way/1145609354","dropoffDistance":164.8,"legClear":true,"status":"mapped"},"geometry":{"type":"Point","coordinates":[-0.1811,5.6515]}},{"type":"Feature","id":"access:place:ug-campus-map:animal-science","properties":{"role":"entrance","place":"Department Of Animal Science","placeId":"place:ug-campus-map:animal-science","kind":"academic","footprint":null,"entranceType":"point","method":"point","evidence":"mapped as a point","confidence":"medium","arrival":[-0.1831982,5.6497762],"arrivalWay":"osm:way/637507505","arrivalWayClass":"service","arrivalDistance":13.7,"approach":[89,269],"facing":359,"dropoff":[-0.1831982,5.6497762],"dropoffWay":"osm:way/637507505","dropoffDistance":13.7,"legClear":true,"status":"mapped"},"geometry":{"type":"Point","coordinates":[-0.1832,5.6499]}},{"type":"Feature","id":"access:place:ug-campus-map:archaeology","properties":{"role":"entrance","place":"Department of Archaeology","placeId":"place:ug-campus-map:archaeology","kind":"academic","footprint":"osm:way/492099507","entranceType":"inferred frontage","method":"frontage","evidence":"no mapped entrance or access way: the side nearest the network","confidence":"low","arrival":[-0.18138,5.6518495],"arrivalWay":"osm:way/424526317","arrivalWayClass":"residential","arrivalDistance":4.6,"approach":[3,183],"facing":93,"dropoff":[-0.18138,5.6518495],"dropoffWay":"osm:way/424526317","dropoffDistance":4.6,"legClear":true,"status":"inferred"},"geometry":{"type":"Point","coordinates":[-0.1813276,5.6518279]}},{"type":"Feature","id":"access:place:ug-campus-map:biochemistry","properties":{"role":"entrance","place":"Department of Biochemistry","placeId":"place:ug-campus-map:biochemistry","kind":"academic","footprint":null,"entranceType":"point","method":"point","evidence":"mapped as a point","confidence":"medium","arrival":[-0.1893067,5.6546976],"arrivalWay":"osm:way/690589818","arrivalWayClass":"service","arrivalDistance":10.3,"approach":[181,1],"facing":271,"dropoff":[-0.1893067,5.6546976],"dropoffWay":"osm:way/690589818","dropoffDistance":10.3,"legClear":true,"status":"mapped"},"geometry":{"type":"Point","coordinates":[-0.1894,5.6547]}},{"type":"Feature","id":"access:place:ug-campus-map:biomedical-engineering","properties":{"role":"entrance","place":"Biomedical Engineering Department","placeId":"place:ug-campus-map:biomedical-engineering","kind":"health","footprint":"osm:relation/8404077","entranceType":"inferred frontage","method":"frontage","evidence":"no mapped entrance or access way: the side nearest the network","confidence":"low","arrival":[-0.1829667,5.6552111],"arrivalWay":"osm:way/954813769","arrivalWayClass":"service","arrivalDistance":0.3,"approach":[268,88],"facing":358,"dropoff":[-0.1829667,5.6552111],"dropoffWay":"osm:way/954813769","dropoffDistance":0.3,"legClear":true,"status":"inferred"},"geometry":{"type":"Point","coordinates":[-0.1829694,5.655236]}},{"type":"Feature","id":"access:place:ug-campus-map:biotechnology-laboratory","properties":{"role":"entrance","place":"Biotechnology Laboratory","placeId":"place:ug-campus-map:biotechnology-laboratory","kind":"academic","footprint":null,"entranceType":"point","method":"point","evidence":"mapped as a point","confidence":"medium","arrival":[-0.1836674,5.6486619],"arrivalWay":"osm:way/696863832","arrivalWayClass":"path","arrivalDistance":15.7,"approach":[77,257],"facing":347,"dropoff":[-0.1834892,5.6488631],"dropoffWay":"osm:way/637507509","dropoffDistance":24.4,"legClear":true,"status":"mapped"},"geometry":{"type":"Point","coordinates":[-0.1837,5.6488]}},{"type":"Feature","id":"access:place:ug-campus-map:business-school","properties":{"role":"entrance","place":"Business School","placeId":"place:ug-campus-map:business-school","kind":"academic","footprint":null,"entranceType":"point","method":"point","evidence":"mapped as a point","confidence":"medium","arrival":[-0.1777,5.6588177],"arrivalWay":"osm:way/448741546","arrivalWayClass":"service","arrivalDistance":13,"approach":[90,270],"facing":180,"dropoff":[-0.1777,5.6588177],"dropoffWay":"osm:way/448741546","dropoffDistance":13,"legClear":true,"status":"mapped"},"geometry":{"type":"Point","coordinates":[-0.1777,5.6587]}},{"type":"Feature","id":"access:place:ug-campus-map:cegensa","properties":{"role":"entrance","place":"CEGENSA","placeId":"place:ug-campus-map:cegensa","kind":"other","footprint":null,"entranceType":"point","method":"point","evidence":"mapped as a point","confidence":"medium","arrival":[-0.1836952,5.6492566],"arrivalWay":"osm:way/637507507","arrivalWayClass":"service","arrivalDistance":17.3,"approach":[92,272],"facing":182,"dropoff":[-0.1836952,5.6492566],"dropoffWay":"osm:way/637507507","dropoffDistance":17.3,"legClear":true,"status":"mapped"},"geometry":{"type":"Point","coordinates":[-0.1837,5.6491]}},{"type":"Feature","id":"access:place:ug-campus-map:centre-for-international-affairs","properties":{"role":"entrance","place":"Centre for International Affairs","placeId":"place:ug-campus-map:centre-for-international-affairs","kind":"academic","footprint":null,"entranceType":"point","method":"point","evidence":"mapped as a point","confidence":"medium","arrival":[-0.1837005,5.6521849],"arrivalWay":"osm:way/187988195","arrivalWayClass":"residential","arrivalDistance":45.2,"approach":[187,7],"facing":258,"dropoff":[-0.1837005,5.6521849],"dropoffWay":"osm:way/187988195","dropoffDistance":45.2,"legClear":true,"status":"mapped"},"geometry":{"type":"Point","coordinates":[-0.1841,5.6521]}},{"type":"Feature","id":"access:place:ug-campus-map:college-humanities","properties":{"role":"entrance","place":"College of Humanities","placeId":"place:ug-campus-map:college-humanities","kind":"academic","footprint":null,"entranceType":"point","method":"point","evidence":"mapped as a point","confidence":"medium","arrival":[-0.1822599,5.6537012],"arrivalWay":"osm:way/696862073","arrivalWayClass":"service","arrivalDistance":6.6,"approach":[1,181],"facing":91,"dropoff":[-0.1822599,5.6537012],"dropoffWay":"osm:way/696862073","dropoffDistance":6.6,"legClear":true,"status":"mapped"},"geometry":{"type":"Point","coordinates":[-0.1822,5.6537]}},{"type":"Feature","id":"access:place:ug-campus-map:creche-kindergarten-school","properties":{"role":"entrance","place":"UG Creche and Kindergarten School","placeId":"place:ug-campus-map:creche-kindergarten-school","kind":"academic","footprint":"osm:way/300288062","entranceType":"inferred frontage","method":"frontage","evidence":"no mapped entrance or access way: the side nearest the network","confidence":"low","arrival":[-0.1838633,5.6494177],"arrivalWay":"osm:way/278303093","arrivalWayName":"Onyaa Road","arrivalWayClass":"residential","arrivalDistance":7.2,"approach":[271,91],"facing":1,"dropoff":[-0.1838633,5.6494177],"dropoffWay":"osm:way/278303093","dropoffWayName":"Onyaa Road","dropoffDistance":7.2,"legClear":true,"status":"inferred"},"geometry":{"type":"Point","coordinates":[-0.1838696,5.6495047]}},{"type":"Feature","id":"access:place:ug-campus-map:crop-science","properties":{"role":"entrance","place":"Department Of Crop Science","placeId":"place:ug-campus-map:crop-science","kind":"academic","footprint":"osm:way/394125202","entranceType":"inferred frontage","method":"frontage","evidence":"no mapped entrance or access way: the side nearest the network","confidence":"low","arrival":[-0.184976,5.6503997],"arrivalWay":"osm:way/1097872654","arrivalWayName":"Akuafo Road","arrivalWayClass":"unclassified","arrivalDistance":14.3,"approach":[180,0],"facing":90,"dropoff":[-0.184976,5.6503997],"dropoffWay":"osm:way/1097872654","dropoffWayName":"Akuafo Road","dropoffDistance":14.3,"legClear":true,"status":"inferred"},"geometry":{"type":"Point","coordinates":[-0.1848432,5.650377]}},{"type":"Feature","id":"access:place:ug-campus-map:csps-centre-for-social-policy-studies","properties":{"role":"entrance","place":"CSPS - Centre for Social Policy Studies","placeId":"place:ug-campus-map:csps-centre-for-social-policy-studies","kind":"academic","footprint":"osm:way/439907842","entranceType":"inferred frontage","method":"frontage","evidence":"no mapped entrance or access way: the side nearest the network","confidence":"low","arrival":[-0.1874967,5.6545981],"arrivalWay":"osm:way/1536108851","arrivalWayClass":"service","arrivalDistance":4.8,"approach":[360,180],"facing":270,"dropoff":[-0.1874967,5.6545981],"dropoffWay":"osm:way/1536108851","dropoffDistance":4.8,"legClear":true,"status":"inferred"},"geometry":{"type":"Point","coordinates":[-0.1875436,5.6546204]}},{"type":"Feature","id":"access:place:ug-campus-map:economic-policy-management-programme-office","properties":{"role":"entrance","place":"Economic Policy Management Programme Office","placeId":"place:ug-campus-map:economic-policy-management-programme-office","kind":"other","footprint":"osm:way/492099503","entranceType":"public entrance","method":"curated","evidence":"Blue mark on the owner's aerial.","cite":"owner-balme","confidence":"high","arrival":[-0.187844,5.6511661],"arrivalWay":"osm:way/278303097","arrivalWayName":"W.E.B. Dubois Road","arrivalWayClass":"residential","arrivalDistance":42.2,"approach":[0,180],"facing":266,"dropoff":[-0.187844,5.6511661],"dropoffWay":"osm:way/278303097","dropoffWayName":"W.E.B. Dubois Road","dropoffDistance":42.2,"legClear":true,"via":[[-0.188427,5.6511262],[-0.1882248,5.6511262]],"status":"verified","refs":["owner's marked aerial of the Balme Library surroundings"],"approachText":"Along the gap between the office and the Faculty of Arts to the notch in the middle of the office's south face."},"geometry":{"type":"Point","coordinates":[-0.1882248,5.6511892]}},{"type":"Feature","id":"access:place:ug-campus-map:educational-studies-leadership-desl","properties":{"role":"entrance","place":"Department of Educational Studies and Leadership (DESL)","placeId":"place:ug-campus-map:educational-studies-leadership-desl","kind":"academic","footprint":"osm:way/492099514","entranceType":"inferred frontage","method":"frontage","evidence":"no mapped entrance or access way: the side nearest the network","confidence":"low","arrival":[-0.1813636,5.6528855],"arrivalWay":"osm:way/637693253","arrivalWayClass":"residential","arrivalDistance":0.2,"approach":[1,181],"facing":91,"dropoff":[-0.1813636,5.6528855],"dropoffWay":"osm:way/637693253","dropoffDistance":0.2,"legClear":true,"status":"inferred"},"geometry":{"type":"Point","coordinates":[-0.1813398,5.6528806]}},{"type":"Feature","id":"access:place:ug-campus-map:faculty-agriculture","properties":{"role":"entrance","place":"Faculty of Agriculture","placeId":"place:ug-campus-map:faculty-agriculture","kind":"academic","footprint":"osm:way/394125208","entranceType":"inferred frontage","method":"frontage","evidence":"no mapped entrance or access way: the side nearest the network","confidence":"low","arrival":[-0.1838543,5.6505647],"arrivalWay":"osm:way/112635866","arrivalWayName":"Dr. J.B. Danquah Avenue","arrivalWayClass":"unclassified","arrivalDistance":37.2,"approach":[91,271],"facing":181,"dropoff":[-0.1838543,5.6505647],"dropoffWay":"osm:way/112635866","dropoffWayName":"Dr. J.B. Danquah Avenue","dropoffDistance":37.2,"legClear":true,"status":"inferred"},"geometry":{"type":"Point","coordinates":[-0.1838409,5.6502135]}},{"type":"Feature","id":"access:place:ug-campus-map:for-study-religions","properties":{"role":"entrance","place":"Department for the Study of Religions","placeId":"place:ug-campus-map:for-study-religions","kind":"academic","footprint":null,"entranceType":"point","method":"point","evidence":"mapped as a point","confidence":"medium","arrival":[-0.1883014,5.6507684],"arrivalWay":"osm:way/623722343","arrivalWayClass":"footway","arrivalDistance":14.6,"approach":[91,271],"facing":1,"dropoff":[-0.1883026,5.6507276],"dropoffWay":"osm:way/278303089","dropoffWayName":"Dr. J.B. Danquah Avenue","dropoffDistance":19.1,"legClear":true,"status":"mapped"},"geometry":{"type":"Point","coordinates":[-0.1883,5.6509]}},{"type":"Feature","id":"access:place:ug-campus-map:french","properties":{"role":"entrance","place":"French Department","placeId":"place:ug-campus-map:french","kind":"academic","footprint":null,"entranceType":"point","method":"point","evidence":"mapped as a point","confidence":"medium","arrival":[-0.188701,5.6507719],"arrivalWay":"osm:way/623722343","arrivalWayClass":"footway","arrivalDistance":14.2,"approach":[90,270],"facing":0,"dropoff":[-0.1887062,5.6507409],"dropoffWay":"osm:way/278303089","dropoffWayName":"Dr. J.B. Danquah Avenue","dropoffDistance":17.6,"legClear":true,"status":"mapped"},"geometry":{"type":"Point","coordinates":[-0.1887,5.6509]}},{"type":"Feature","id":"access:place:ug-campus-map:geology","properties":{"role":"entrance","place":"Department of Geology","placeId":"place:ug-campus-map:geology","kind":"academic","footprint":null,"entranceType":"point","method":"point","evidence":"mapped as a point","confidence":"medium","arrival":[-0.1845325,5.651655],"arrivalWay":"osm:way/696862072","arrivalWayClass":"service","arrivalDistance":50.4,"approach":[86,266],"facing":176,"dropoff":[-0.1845325,5.651655],"dropoffWay":"osm:way/696862072","dropoffDistance":50.4,"legClear":true,"status":"mapped"},"geometry":{"type":"Point","coordinates":[-0.1845,5.6512]}},{"type":"Feature","id":"access:place:ug-campus-map:institute-africa-studies","properties":{"role":"entrance","place":"Institute of Africa Studies","placeId":"place:ug-campus-map:institute-africa-studies","kind":"academic","footprint":"osm:way/492099497","entranceType":"inferred frontage","method":"frontage","evidence":"no mapped entrance or access way: the side nearest the network","confidence":"low","arrival":[-0.1821671,5.6510767],"arrivalWay":"osm:way/1562029271","arrivalWayClass":"service","arrivalDistance":7.7,"approach":[358,178],"facing":88,"dropoff":[-0.1821671,5.6510767],"dropoffWay":"osm:way/1562029271","dropoffDistance":7.7,"legClear":true,"status":"unverified"},"geometry":{"type":"Point","coordinates":[-0.1820759,5.6510828]}},{"type":"Feature","id":"access:place:ug-campus-map:international-programmes-office","properties":{"role":"entrance","place":"International Programmes office","placeId":"place:ug-campus-map:international-programmes-office","kind":"other","footprint":"osm:relation/5912384","entranceType":"inferred frontage","method":"frontage","evidence":"no mapped entrance or access way: the side nearest the network","confidence":"low","arrival":[-0.1817137,5.6538126],"arrivalWay":"osm:way/187988192","arrivalWayClass":"service","arrivalDistance":3.1,"approach":[180,0],"facing":270,"dropoff":[-0.1817137,5.6538126],"dropoffWay":"osm:way/187988192","dropoffDistance":3.1,"legClear":true,"status":"inferred"},"geometry":{"type":"Point","coordinates":[-0.1817578,5.6537972]}},{"type":"Feature","id":"access:place:ug-campus-map:jqb-lecture","properties":{"role":"entrance","place":"JQB Lecture Hall","placeId":"place:ug-campus-map:jqb-lecture","kind":"academic","footprint":"osm:way/278303042","entranceType":"inferred frontage","method":"frontage","evidence":"no mapped entrance or access way: the side nearest the network","confidence":"low","arrival":[-0.1817349,5.6526006],"arrivalWay":"osm:way/424526309","arrivalWayClass":"service","arrivalDistance":4.4,"approach":[91,271],"facing":181,"dropoff":[-0.1817349,5.6526006],"dropoffWay":"osm:way/424526309","dropoffDistance":4.4,"legClear":true,"status":"inferred"},"geometry":{"type":"Point","coordinates":[-0.1817512,5.6525451]}},{"type":"Feature","id":"access:place:ug-campus-map:korea-information-access-centre","properties":{"role":"entrance","place":"Ghana Korea Information Access Centre","placeId":"place:ug-campus-map:korea-information-access-centre","kind":"academic","footprint":"osm:relation/7304886","entranceType":"inferred frontage","method":"frontage","evidence":"no mapped entrance or access way: the side nearest the network","confidence":"low","arrival":[-0.1878427,5.652097],"arrivalWay":"osm:way/278303097","arrivalWayName":"W.E.B. Dubois Road","arrivalWayClass":"residential","arrivalDistance":5.5,"approach":[0,180],"facing":90,"dropoff":[-0.1878427,5.652097],"dropoffWay":"osm:way/278303097","dropoffWayName":"W.E.B. Dubois Road","dropoffDistance":5.5,"legClear":true,"status":"inferred"},"geometry":{"type":"Point","coordinates":[-0.1877707,5.6520955]}},{"type":"Feature","id":"access:place:ug-campus-map:maison-francaise","properties":{"role":"entrance","place":"Maison Française Legon","placeId":"place:ug-campus-map:maison-francaise","kind":"other","footprint":"osm:relation/7238036","entranceType":"inferred frontage","method":"frontage","evidence":"no mapped entrance or access way: the side nearest the network","confidence":"low","arrival":[-0.1872987,5.6492234],"arrivalWay":"osm:way/715033295","arrivalWayClass":"footway","arrivalDistance":4.2,"approach":[213,33],"facing":300,"dropoff":[-0.1871074,5.6494791],"dropoffWay":"osm:way/278303072","dropoffWayName":"Agyei Barimah Crescent","dropoffDistance":36.1,"legClear":true,"status":"inferred"},"geometry":{"type":"Point","coordinates":[-0.1873531,5.6492488]}},{"type":"Feature","id":"access:place:ug-campus-map:marine-fisheries-sciences","properties":{"role":"entrance","place":"Department of Marine and Fisheries Sciences","placeId":"place:ug-campus-map:marine-fisheries-sciences","kind":"academic","footprint":"osm:way/530270652","entranceType":"inferred frontage","method":"frontage","evidence":"no mapped entrance or access way: the side nearest the network","confidence":"low","arrival":[-0.1885225,5.6542328],"arrivalWay":"osm:way/671190060","arrivalWayClass":"service","arrivalDistance":2.3,"approach":[2,182],"facing":92,"dropoff":[-0.1885225,5.6542328],"dropoffWay":"osm:way/671190060","dropoffDistance":2.3,"legClear":true,"status":"inferred"},"geometry":{"type":"Point","coordinates":[-0.1884969,5.6542099]}},{"type":"Feature","id":"access:place:ug-campus-map:merian-institute-for-advanced-studies-in-africa-miasa-re","properties":{"role":"entrance","place":"Merian Institute for Advanced Studies in Africa (MIASA) - Re","placeId":"place:ug-campus-map:merian-institute-for-advanced-studies-in-africa-miasa-re","kind":"academic","footprint":"osm:way/492729619","entranceType":"inferred frontage","method":"frontage","evidence":"no mapped entrance or access way: the side nearest the network","confidence":"low","arrival":[-0.1912947,5.6481869],"arrivalWay":"osm:way/300288069","arrivalWayName":"Kobina Richardson Hill Drive","arrivalWayClass":"residential","arrivalDistance":14.5,"approach":[60,240],"facing":150,"dropoff":[-0.1912947,5.6481869],"dropoffWay":"osm:way/300288069","dropoffWayName":"Kobina Richardson Hill Drive","dropoffDistance":14.5,"legClear":true,"status":"inferred"},"geometry":{"type":"Point","coordinates":[-0.1912328,5.6480513]}},{"type":"Feature","id":"access:place:ug-campus-map:modern-languages","properties":{"role":"entrance","place":"Department of Modern Languages","placeId":"place:ug-campus-map:modern-languages","kind":"academic","footprint":"osm:relation/7238036","entranceType":"inferred frontage","method":"frontage","evidence":"no mapped entrance or access way: the side nearest the network","confidence":"low","arrival":[-0.1872987,5.6492234],"arrivalWay":"osm:way/715033295","arrivalWayClass":"footway","arrivalDistance":4.2,"approach":[213,33],"facing":300,"dropoff":[-0.1871074,5.6494791],"dropoffWay":"osm:way/278303072","dropoffWayName":"Agyei Barimah Crescent","dropoffDistance":36.1,"legClear":true,"status":"inferred"},"geometry":{"type":"Point","coordinates":[-0.1873531,5.6492488]}},{"type":"Feature","id":"access:place:ug-campus-map:music","properties":{"role":"entrance","place":"Department of Music","placeId":"place:ug-campus-map:music","kind":"academic","footprint":null,"entranceType":"point","method":"point","evidence":"mapped as a point","confidence":"medium","arrival":[-0.1813901,5.6491971],"arrivalWay":"osm:way/278303073","arrivalWayName":"La Road","arrivalWayClass":"unclassified","arrivalDistance":65.4,"approach":[180,360],"facing":90,"dropoff":[-0.1813901,5.6491971],"dropoffWay":"osm:way/278303073","dropoffWayName":"La Road","dropoffDistance":65.4,"legClear":true,"status":"mapped"},"geometry":{"type":"Point","coordinates":[-0.1808,5.6492]}},{"type":"Feature","id":"access:place:ug-campus-map:old-pentagon-blocks","properties":{"role":"entrance","place":"Old Pentagon Blocks","placeId":"place:ug-campus-map:old-pentagon-blocks","kind":"hall","footprint":null,"entranceType":"point","method":"point","evidence":"mapped as a point","confidence":"medium","arrival":[-0.181404,5.6567388],"arrivalWay":"osm:way/335456900","arrivalWayClass":"residential","arrivalDistance":4.3,"approach":[84,264],"facing":174,"dropoff":[-0.181404,5.6567388],"dropoffWay":"osm:way/335456900","dropoffDistance":4.3,"legClear":true,"status":"mapped"},"geometry":{"type":"Point","coordinates":[-0.1814,5.6567]}},{"type":"Feature","id":"access:place:ug-campus-map:pent-block-b","properties":{"role":"entrance","place":"Pent Hostel Block B","placeId":"place:ug-campus-map:pent-block-b","kind":"hall","footprint":null,"entranceType":"point","method":"point","evidence":"mapped as a point","confidence":"medium","arrival":[-0.1818916,5.6582873],"arrivalWay":"osm:way/335456894","arrivalWayClass":"residential","arrivalDistance":23.5,"approach":[268,88],"facing":358,"dropoff":[-0.1818916,5.6582873],"dropoffWay":"osm:way/335456894","dropoffDistance":23.5,"legClear":true,"status":"mapped"},"geometry":{"type":"Point","coordinates":[-0.1819,5.6585]}},{"type":"Feature","id":"access:place:ug-campus-map:philosophy-classics","properties":{"role":"entrance","place":"Department Of Philosophy and Classics","placeId":"place:ug-campus-map:philosophy-classics","kind":"academic","footprint":null,"entranceType":"point","method":"point","evidence":"mapped as a point","confidence":"medium","arrival":[-0.1881014,5.6507662],"arrivalWay":"osm:way/623722343","arrivalWayClass":"footway","arrivalDistance":14.8,"approach":[91,271],"facing":1,"dropoff":[-0.1881026,5.6507246],"dropoffWay":"osm:way/278303089","dropoffWayName":"Dr. J.B. Danquah Avenue","dropoffDistance":19.4,"legClear":true,"status":"mapped"},"geometry":{"type":"Point","coordinates":[-0.1881,5.6509]}},{"type":"Feature","id":"access:place:ug-campus-map:research-innovation-office-complex","properties":{"role":"entrance","place":"Research and Innovation Office Complex","placeId":"place:ug-campus-map:research-innovation-office-complex","kind":"other","footprint":null,"entranceType":"point","method":"point","evidence":"mapped as a point","confidence":"medium","arrival":[-0.1929432,5.653744],"arrivalWay":"osm:way/1189700014","arrivalWayClass":"service","arrivalDistance":16.6,"approach":[197,17],"facing":107,"dropoff":[-0.1929432,5.653744],"dropoffWay":"osm:way/1189700014","dropoffDistance":16.6,"legClear":true,"status":"mapped"},"geometry":{"type":"Point","coordinates":[-0.1928,5.6537]}},{"type":"Feature","id":"access:place:ug-campus-map:school-pharmacy","properties":{"role":"entrance","place":"School of Pharmacy","placeId":"place:ug-campus-map:school-pharmacy","kind":"health","footprint":"osm:way/1051755650","entranceType":"inferred frontage","method":"frontage","evidence":"no mapped entrance or access way: the side nearest the network","confidence":"low","arrival":[-0.1890926,5.6538824],"arrivalWay":"osm:way/448224307","arrivalWayName":"Volta Hall Road","arrivalWayClass":"residential","arrivalDistance":8,"approach":[180,360],"facing":270,"dropoff":[-0.1890926,5.6538824],"dropoffWay":"osm:way/448224307","dropoffWayName":"Volta Hall Road","dropoffDistance":8,"legClear":true,"status":"inferred"},"geometry":{"type":"Point","coordinates":[-0.189187,5.653879]}},{"type":"Feature","id":"access:place:ug-campus-map:school-public-health","properties":{"role":"entrance","place":"School of Public Health","placeId":"place:ug-campus-map:school-public-health","kind":"academic","footprint":null,"entranceType":"point","method":"point","evidence":"mapped as a point","confidence":"medium","arrival":[-0.1826161,5.6364451],"arrivalWay":"osm:way/1153071504","arrivalWayClass":"service","arrivalDistance":19.5,"approach":[242,62],"facing":332,"dropoff":[-0.1826161,5.6364451],"dropoffWay":"osm:way/1153071504","dropoffDistance":19.5,"legClear":true,"status":"mapped"},"geometry":{"type":"Point","coordinates":[-0.1827,5.6366]}},{"type":"Feature","id":"access:place:ug-campus-map:sports-complex","properties":{"role":"entrance","place":"Sports Complex","placeId":"place:ug-campus-map:sports-complex","kind":"sport","footprint":null,"entranceType":"point","method":"point","evidence":"mapped as a point","confidence":"medium","arrival":[-0.181154,5.6393],"arrivalWay":"osm:way/1533364941","arrivalWayClass":"service","arrivalDistance":6,"approach":[0,180],"facing":90,"dropoff":[-0.181154,5.6393],"dropoffWay":"osm:way/1533364941","dropoffDistance":6,"legClear":true,"status":"mapped"},"geometry":{"type":"Point","coordinates":[-0.1811,5.6393]}},{"type":"Feature","id":"access:place:ug-campus-map:teacher-education","properties":{"role":"entrance","place":"Department of Teacher Education","placeId":"place:ug-campus-map:teacher-education","kind":"academic","footprint":"osm:way/492099534","entranceType":"inferred frontage","method":"frontage","evidence":"no mapped entrance or access way: the side nearest the network","confidence":"low","arrival":[-0.1813666,5.6525485],"arrivalWay":"osm:way/424526317","arrivalWayClass":"residential","arrivalDistance":2.7,"approach":[360,180],"facing":90,"dropoff":[-0.1813666,5.6525485],"dropoffWay":"osm:way/424526317","dropoffDistance":2.7,"legClear":true,"status":"inferred"},"geometry":{"type":"Point","coordinates":[-0.1813205,5.6525531]}},{"type":"Feature","id":"access:place:ug-campus-map:tf","properties":{"role":"entrance","place":"TF Hostel","placeId":"place:ug-campus-map:tf","kind":"hall","footprint":null,"entranceType":"point","method":"point","evidence":"mapped as a point","confidence":"medium","arrival":[-0.182414,5.6662093],"arrivalWay":"osm:way/513687405","arrivalWayClass":"service","arrivalDistance":34.8,"approach":[2,182],"facing":92,"dropoff":[-0.182414,5.6662093],"dropoffWay":"osm:way/513687405","dropoffDistance":34.8,"legClear":true,"status":"mapped"},"geometry":{"type":"Point","coordinates":[-0.1821,5.6662]}},{"type":"Feature","id":"access:place:ug-campus-map:west-african-genetic-medicine-centre-wagmc","properties":{"role":"entrance","place":"West African Genetic Medicine Centre - WAGMC","placeId":"place:ug-campus-map:west-african-genetic-medicine-centre-wagmc","kind":"academic","footprint":null,"entranceType":"point","method":"point","evidence":"mapped as a point","confidence":"medium","arrival":[-0.1848107,5.6349898],"arrivalWay":"osm:way/448737727","arrivalWayClass":"residential","arrivalDistance":24.3,"approach":[60,240],"facing":150,"dropoff":[-0.1848107,5.6349898],"dropoffWay":"osm:way/448737727","dropoffDistance":24.3,"legClear":true,"status":"mapped"},"geometry":{"type":"Point","coordinates":[-0.1847,5.6348]}},{"type":"Feature","id":"gate:main-gate","properties":{"role":"campus-gate","id":"main-gate","name":"Main Gate","osm":["node/5813545126","node/5813545127"],"access":"vehicles with a UG permit; pedestrians and cyclists","cite":"ug-gates","evidence":"Written: 'the Main gate (opposite the Legon Police Station)'. OSM: two permit lift gates across Dr. J.B. Danquah Avenue at the gatehouse, 175 m west of the police station across the N4.","confidence":"high"},"geometry":{"type":"Point","coordinates":[-0.1811353,5.6506385]}},{"type":"Feature","id":"gate:north-gate","properties":{"role":"campus-gate","id":"north-gate","name":"North Gate","osm":["node/5020636345","node/5713101589"],"access":"permit (UG sticker) for vehicles","cite":"ug-gates","evidence":"Written: 'the North gate (close to the James Topp-Nelson Yankah Hall, Haatso Road)'. OSM: two permit lift gates 100 m north-west of the hall on the road to the Haatso road.","confidence":"high"},"geometry":{"type":"Point","coordinates":[-0.182587,5.6654298]}},{"type":"Feature","id":"gate:link-gate","properties":{"role":"campus-gate","id":"link-gate","name":"Link Gate","osm":["node/6012830263","node/6343193979"],"access":"permit (UG sticker) for vehicles","cite":"ug-gates","evidence":"Written: 'the Link Gate' from the Achimota-Legon road. OSM: permit lift gates on the tertiary road beside the road named 'Link Gate'.","confidence":"high"},"geometry":{"type":"Point","coordinates":[-0.1985026,5.641803]}},{"type":"Feature","id":"gate:okponglo-gate","properties":{"role":"campus-gate","id":"okponglo-gate","name":"Okponglo (Stadium Road) entrance","osm":["node/10649363065","node/1269621500"],"access":"open to the public 24 hours (2014 directive)","cite":"ug-gates","evidence":"Written: 'the Stadium Road entrance at the Okponglo intersection ... remains open 24 hours to the general public'; a security access gate building was commissioned on the road near the stadium. OSM: a public lift gate and a permissive swing gate on the road from the Okponglo junction past the stadium.","confidence":"medium"},"geometry":{"type":"Point","coordinates":[-0.1802216,5.6406121]}},{"type":"Feature","id":"gate:south-gate","properties":{"role":"campus-gate","id":"south-gate","name":"South Gate","osm":["node/2581150632"],"access":"permit","cite":"ug-gates","evidence":"Written: 'the South gate (from Noguchi Memorial Institute for Medical Research to National Highway 4)'. OSM: a permit gate on the road running east from the Noguchi area to the N4. Which of the two permit gates in the south-east is the named South Gate is not stated; this is the one on the Noguchi road.","confidence":"medium"},"geometry":{"type":"Point","coordinates":[-0.1774627,5.6336461]}}]}